{
  "Name": "18",
  "Objects": [
    {
      "Length": 587,
      "Height": 233,
      "Depth": 220,
      "Stock": null,
      "Cost": 30089620
    }
  ],
  "Items": [
    {
      "Length": 104,
      "C1_Length": 0,
      "Height": 30,
      "C1_Height": 1,
      "Depth": 55,
      "C1_Depth": 1,
      "Demand": 3,
      "DemandMax": null,
      "Value": 171600,
      "CustomerId": 31,
      "Priority": 31,
      "Alpha": 2,
      "Beta": 2,
      "Density": 1137.574806,
      "Weight": 195.207837,
      "Stackable": 1
    },
    {
      "Length": 92,
      "C1_Length": 1,
      "Height": 73,
      "C1_Height": 1,
      "Depth": 89,
      "C1_Depth": 1,
      "Demand": 1,
      "DemandMax": null,
      "Value": 597724,
      "CustomerId": 6,
      "Priority": 6,
      "Alpha": 2,
      "Beta": 2,
      "Density": 1222.083566,
      "Weight": 730.468677,
      "Stackable": 1
    },
    {
      "Length": 88,
      "C1_Length": 0,
      "Height": 43,
      "C1_Height": 1,
      "Depth": 88,
      "C1_Depth": 0,
      "Demand": 1,
      "DemandMax": null,
      "Value": 332992,
      "CustomerId": 14,
      "Priority": 14,
      "Alpha": 2,
      "Beta": 2,
      "Density": 1413.119125,
      "Weight": 470.557364,
      "Stackable": 1
    },
    {
      "Length": 90,
      "C1_Length": 1,
      "Height": 60,
      "C1_Height": 1,
      "Depth": 60,
      "C1_Depth": 1,
      "Demand": 4,
      "DemandMax": null,
      "Value": 324000,
      "CustomerId": 17,
      "Priority": 17,
      "Alpha": 2,
      "Beta": 2,
      "Density": 816.982606,
      "Weight": 264.702364,
      "Stackable": 1
    },
    {
      "Length": 79,
      "C1_Length": 1,
      "Height": 41,
      "C1_Height": 1,
      "Depth": 53,
      "C1_Depth": 1,
      "Demand": 4,
      "DemandMax": null,
      "Value": 171667,
      "CustomerId": 30,
      "Priority": 30,
      "Alpha": 2,
      "Beta": 2,
      "Density": 1438.33945,
      "Weight": 246.915418,
      "Stackable": 1
    },
    {
      "Length": 96,
      "C1_Length": 0,
      "Height": 28,
      "C1_Height": 1,
      "Depth": 91,
      "C1_Depth": 0,
      "Demand": 4,
      "DemandMax": null,
      "Value": 244608,
      "CustomerId": 21,
      "Priority": 21,
      "Alpha": 2,
      "Beta": 2,
      "Density": 893.585719,
      "Weight": 218.578215,
      "Stackable": 1
    },
    {
      "Length": 100,
      "C1_Length": 1,
      "Height": 79,
      "C1_Height": 1,
      "Depth": 90,
      "C1_Depth": 1,
      "Demand": 3,
      "DemandMax": null,
      "Value": 711000,
      "CustomerId": 2,
      "Priority": 2,
      "Alpha": 2,
      "Beta": 2,
      "Density": 1623.289192,
      "Weight": 1154.158615,
      "Stackable": 1
    },
    {
      "Length": 73,
      "C1_Length": 0,
      "Height": 32,
      "C1_Height": 1,
      "Depth": 42,
      "C1_Depth": 1,
      "Demand": 2,
      "DemandMax": null,
      "Value": 98112,
      "CustomerId": 42,
      "Priority": 42,
      "Alpha": 2,
      "Beta": 2,
      "Density": 1645.528668,
      "Weight": 161.446109,
      "Stackable": 1
    },
    {
      "Length": 115,
      "C1_Length": 1,
      "Height": 60,
      "C1_Height": 1,
      "Depth": 85,
      "C1_Depth": 1,
      "Demand": 1,
      "DemandMax": null,
      "Value": 586500,
      "CustomerId": 7,
      "Priority": 7,
      "Alpha": 2,
      "Beta": 2,
      "Density": 1061.332514,
      "Weight": 622.471519,
      "Stackable": 1
    },
    {
      "Length": 113,
      "C1_Length": 1,
      "Height": 76,
      "C1_Height": 1,
      "Depth": 83,
      "C1_Depth": 1,
      "Demand": 4,
      "DemandMax": null,
      "Value": 712804,
      "CustomerId": 1,
      "Priority": 1,
      "Alpha": 2,
      "Beta": 2,
      "Density": 1042.757075,
      "Weight": 743.281414,
      "Stackable": 1
    },
    {
      "Length": 68,
      "C1_Length": 0,
      "Height": 31,
      "C1_Height": 1,
      "Depth": 50,
      "C1_Depth": 1,
      "Demand": 1,
      "DemandMax": null,
      "Value": 105400,
      "CustomerId": 40,
      "Priority": 40,
      "Alpha": 2,
      "Beta": 2,
      "Density": 1468.44618,
      "Weight": 154.774227,
      "Stackable": 1
    },
    {
      "Length": 70,
      "C1_Length": 0,
      "Height": 30,
      "C1_Height": 1,
      "Depth": 41,
      "C1_Depth": 1,
      "Demand": 3,
      "DemandMax": null,
      "Value": 86100,
      "CustomerId": 45,
      "Priority": 45,
      "Alpha": 2,
      "Beta": 2,
      "Density": 1238.648046,
      "Weight": 106.647597,
      "Stackable": 1
    },
    {
      "Length": 104,
      "C1_Length": 0,
      "Height": 26,
      "C1_Height": 1,
      "Depth": 60,
      "C1_Depth": 0,
      "Demand": 2,
      "DemandMax": null,
      "Value": 162240,
      "CustomerId": 33,
      "Priority": 33,
      "Alpha": 2,
      "Beta": 2,
      "Density": 1344.288138,
      "Weight": 218.097308,
      "Stackable": 1
    },
    {
      "Length": 86,
      "C1_Length": 0,
      "Height": 29,
      "C1_Height": 1,
      "Depth": 36,
      "C1_Depth": 1,
      "Demand": 2,
      "DemandMax": null,
      "Value": 89784,
      "CustomerId": 43,
      "Priority": 43,
      "Alpha": 2,
      "Beta": 2,
      "Density": 1402.173613,
      "Weight": 125.892756,
      "Stackable": 1
    },
    {
      "Length": 114,
      "C1_Length": 0,
      "Height": 29,
      "C1_Height": 1,
      "Depth": 31,
      "C1_Depth": 1,
      "Demand": 3,
      "DemandMax": null,
      "Value": 102486,
      "CustomerId": 41,
      "Priority": 41,
      "Alpha": 2,
      "Beta": 2,
      "Density": 1577.04658,
      "Weight": 161.625196,
      "Stackable": 1
    },
    {
      "Length": 44,
      "C1_Length": 1,
      "Height": 42,
      "C1_Height": 1,
      "Depth": 44,
      "C1_Depth": 1,
      "Demand": 3,
      "DemandMax": null,
      "Value": 81312,
      "CustomerId": 48,
      "Priority": 48,
      "Alpha": 2,
      "Beta": 2,
      "Density": 934.907674,
      "Weight": 76.019213,
      "Stackable": 1
    },
    {
      "Length": 73,
      "C1_Length": 1,
      "Height": 62,
      "C1_Height": 1,
      "Depth": 68,
      "C1_Depth": 1,
      "Demand": 1,
      "DemandMax": null,
      "Value": 307768,
      "CustomerId": 18,
      "Priority": 18,
      "Alpha": 2,
      "Beta": 2,
      "Density": 1011.189588,
      "Weight": 311.211797,
      "Stackable": 1
    },
    {
      "Length": 98,
      "C1_Length": 1,
      "Height": 74,
      "C1_Height": 1,
      "Depth": 94,
      "C1_Depth": 1,
      "Demand": 2,
      "DemandMax": null,
      "Value": 681688,
      "CustomerId": 3,
      "Priority": 3,
      "Alpha": 2,
      "Beta": 2,
      "Density": 1454.364318,
      "Weight": 991.422703,
      "Stackable": 1
    },
    {
      "Length": 92,
      "C1_Length": 0,
      "Height": 40,
      "C1_Height": 1,
      "Depth": 44,
      "C1_Depth": 1,
      "Demand": 1,
      "DemandMax": null,
      "Value": 161920,
      "CustomerId": 34,
      "Priority": 34,
      "Alpha": 2,
      "Beta": 2,
      "Density": 1057.318567,
      "Weight": 171.201022,
      "Stackable": 1
    },
    {
      "Length": 99,
      "C1_Length": 1,
      "Height": 68,
      "C1_Height": 1,
      "Depth": 98,
      "C1_Depth": 1,
      "Demand": 1,
      "DemandMax": null,
      "Value": 659736,
      "CustomerId": 5,
      "Priority": 5,
      "Alpha": 2,
      "Beta": 2,
      "Density": 760.635024,
      "Weight": 501.818308,
      "Stackable": 1
    },
    {
      "Length": 77,
      "C1_Length": 1,
      "Height": 49,
      "C1_Height": 1,
      "Depth": 58,
      "C1_Depth": 1,
      "Demand": 3,
      "DemandMax": null,
      "Value": 218834,
      "CustomerId": 24,
      "Priority": 24,
      "Alpha": 2,
      "Beta": 2,
      "Density": 1514.985929,
      "Weight": 331.530431,
      "Stackable": 1
    },
    {
      "Length": 53,
      "C1_Length": 1,
      "Height": 30,
      "C1_Height": 1,
      "Depth": 48,
      "C1_Depth": 1,
      "Demand": 2,
      "DemandMax": null,
      "Value": 76320,
      "CustomerId": 50,
      "Priority": 50,
      "Alpha": 2,
      "Beta": 2,
      "Density": 1246.615705,
      "Weight": 95.141711,
      "Stackable": 1
    },
    {
      "Length": 94,
      "C1_Length": 1,
      "Height": 67,
      "C1_Height": 1,
      "Depth": 70,
      "C1_Depth": 1,
      "Demand": 2,
      "DemandMax": null,
      "Value": 440860,
      "CustomerId": 11,
      "Priority": 11,
      "Alpha": 2,
      "Beta": 2,
      "Density": 689.728972,
      "Weight": 304.073914,
      "Stackable": 1
    },
    {
      "Length": 56,
      "C1_Length": 1,
      "Height": 37,
      "C1_Height": 1,
      "Depth": 41,
      "C1_Depth": 1,
      "Demand": 2,
      "DemandMax": null,
      "Value": 84952,
      "CustomerId": 46,
      "Priority": 46,
      "Alpha": 2,
      "Beta": 2,
      "Density": 1159.519407,
      "Weight": 98.503493,
      "Stackable": 1
    },
    {
      "Length": 118,
      "C1_Length": 0,
      "Height": 40,
      "C1_Height": 1,
      "Depth": 69,
      "C1_Depth": 1,
      "Demand": 2,
      "DemandMax": null,
      "Value": 325680,
      "CustomerId": 16,
      "Priority": 16,
      "Alpha": 2,
      "Beta": 2,
      "Density": 895.969747,
      "Weight": 291.799427,
      "Stackable": 1
    },
    {
      "Length": 100,
      "C1_Length": 0,
      "Height": 33,
      "C1_Height": 1,
      "Depth": 41,
      "C1_Depth": 1,
      "Demand": 4,
      "DemandMax": null,
      "Value": 135300,
      "CustomerId": 37,
      "Priority": 37,
      "Alpha": 2,
      "Beta": 2,
      "Density": 775.333276,
      "Weight": 104.902592,
      "Stackable": 1
    },
    {
      "Length": 99,
      "C1_Length": 1,
      "Height": 67,
      "C1_Height": 1,
      "Depth": 68,
      "C1_Depth": 1,
      "Demand": 1,
      "DemandMax": null,
      "Value": 451044,
      "CustomerId": 10,
      "Priority": 10,
      "Alpha": 2,
      "Beta": 2,
      "Density": 1205.144992,
      "Weight": 543.573418,
      "Stackable": 1
    },
    {
      "Length": 90,
      "C1_Length": 0,
      "Height": 35,
      "C1_Height": 1,
      "Depth": 54,
      "C1_Depth": 1,
      "Demand": 4,
      "DemandMax": null,
      "Value": 170100,
      "CustomerId": 32,
      "Priority": 32,
      "Alpha": 2,
      "Beta": 2,
      "Density": 812.659755,
      "Weight": 138.233424,
      "Stackable": 1
    },
    {
      "Length": 83,
      "C1_Length": 1,
      "Height": 44,
      "C1_Height": 1,
      "Depth": 64,
      "C1_Depth": 1,
      "Demand": 3,
      "DemandMax": null,
      "Value": 233728,
      "CustomerId": 23,
      "Priority": 23,
      "Alpha": 2,
      "Beta": 2,
      "Density": 1041.679704,
      "Weight": 243.469714,
      "Stackable": 1
    },
    {
      "Length": 75,
      "C1_Length": 0,
      "Height": 36,
      "C1_Height": 1,
      "Depth": 43,
      "C1_Depth": 1,
      "Demand": 2,
      "DemandMax": null,
      "Value": 116100,
      "CustomerId": 39,
      "Priority": 39,
      "Alpha": 2,
      "Beta": 2,
      "Density": 1236.065566,
      "Weight": 143.507212,
      "Stackable": 1
    },
    {
      "Length": 60,
      "C1_Length": 0,
      "Height": 26,
      "C1_Height": 1,
      "Depth": 57,
      "C1_Depth": 0,
      "Demand": 2,
      "DemandMax": null,
      "Value": 88920,
      "CustomerId": 44,
      "Priority": 44,
      "Alpha": 2,
      "Beta": 2,
      "Density": 1445.569445,
      "Weight": 128.540035,
      "Stackable": 1
    },
    {
      "Length": 70,
      "C1_Length": 1,
      "Height": 41,
      "C1_Height": 1,
      "Depth": 50,
      "C1_Depth": 1,
      "Demand": 1,
      "DemandMax": null,
      "Value": 143500,
      "CustomerId": 36,
      "Priority": 36,
      "Alpha": 2,
      "Beta": 2,
      "Density": 1451.829175,
      "Weight": 208.337487,
      "Stackable": 1
    },
    {
      "Length": 78,
      "C1_Length": 1,
      "Height": 53,
      "C1_Height": 1,
      "Depth": 69,
      "C1_Depth": 1,
      "Demand": 2,
      "DemandMax": null,
      "Value": 285246,
      "CustomerId": 19,
      "Priority": 19,
      "Alpha": 2,
      "Beta": 2,
      "Density": 1641.732366,
      "Weight": 468.29759,
      "Stackable": 1
    },
    {
      "Length": 66,
      "C1_Length": 0,
      "Height": 32,
      "C1_Height": 1,
      "Depth": 39,
      "C1_Depth": 1,
      "Demand": 3,
      "DemandMax": null,
      "Value": 82368,
      "CustomerId": 47,
      "Priority": 47,
      "Alpha": 2,
      "Beta": 2,
      "Density": 1192.91601,
      "Weight": 98.258106,
      "Stackable": 1
    },
    {
      "Length": 88,
      "C1_Length": 0,
      "Height": 44,
      "C1_Height": 1,
      "Depth": 63,
      "C1_Depth": 1,
      "Demand": 4,
      "DemandMax": null,
      "Value": 243936,
      "CustomerId": 22,
      "Priority": 22,
      "Alpha": 2,
      "Beta": 2,
      "Density": 1096.76495,
      "Weight": 267.540455,
      "Stackable": 1
    },
    {
      "Length": 103,
      "C1_Length": 0,
      "Height": 44,
      "C1_Height": 1,
      "Depth": 72,
      "C1_Depth": 1,
      "Demand": 1,
      "DemandMax": null,
      "Value": 326304,
      "CustomerId": 15,
      "Priority": 15,
      "Alpha": 2,
      "Beta": 2,
      "Density": 1121.658511,
      "Weight": 366.001659,
      "Stackable": 1
    },
    {
      "Length": 70,
      "C1_Length": 1,
      "Height": 47,
      "C1_Height": 1,
      "Depth": 54,
      "C1_Depth": 1,
      "Demand": 3,
      "DemandMax": null,
      "Value": 177660,
      "CustomerId": 27,
      "Priority": 27,
      "Alpha": 2,
      "Beta": 2,
      "Density": 1020.123132,
      "Weight": 181.235076,
      "Stackable": 1
    },
    {
      "Length": 71,
      "C1_Length": 0,
      "Height": 31,
      "C1_Height": 1,
      "Depth": 35,
      "C1_Depth": 1,
      "Demand": 4,
      "DemandMax": null,
      "Value": 77035,
      "CustomerId": 49,
      "Priority": 49,
      "Alpha": 2,
      "Beta": 2,
      "Density": 1003.484187,
      "Weight": 77.303404,
      "Stackable": 1
    },
    {
      "Length": 97,
      "C1_Length": 0,
      "Height": 26,
      "C1_Height": 1,
      "Depth": 83,
      "C1_Depth": 0,
      "Demand": 4,
      "DemandMax": null,
      "Value": 209326,
      "CustomerId": 25,
      "Priority": 25,
      "Alpha": 2,
      "Beta": 2,
      "Density": 838.333872,
      "Weight": 175.485076,
      "Stackable": 1
    },
    {
      "Length": 106,
      "C1_Length": 0,
      "Height": 25,
      "C1_Height": 1,
      "Depth": 58,
      "C1_Depth": 0,
      "Demand": 2,
      "DemandMax": null,
      "Value": 153700,
      "CustomerId": 35,
      "Priority": 35,
      "Alpha": 2,
      "Beta": 2,
      "Density": 1560.981266,
      "Weight": 239.922821,
      "Stackable": 1
    },
    {
      "Length": 72,
      "C1_Length": 1,
      "Height": 69,
      "C1_Height": 1,
      "Depth": 71,
      "C1_Depth": 1,
      "Demand": 1,
      "DemandMax": null,
      "Value": 352728,
      "CustomerId": 13,
      "Priority": 13,
      "Alpha": 2,
      "Beta": 2,
      "Density": 892.03877,
      "Weight": 314.647051,
      "Stackable": 1
    },
    {
      "Length": 84,
      "C1_Length": 0,
      "Height": 33,
      "C1_Height": 1,
      "Depth": 64,
      "C1_Depth": 1,
      "Demand": 3,
      "DemandMax": null,
      "Value": 177408,
      "CustomerId": 28,
      "Priority": 28,
      "Alpha": 2,
      "Beta": 2,
      "Density": 871.102252,
      "Weight": 154.540508,
      "Stackable": 1
    },
    {
      "Length": 120,
      "C1_Length": 1,
      "Height": 61,
      "C1_Height": 1,
      "Depth": 92,
      "C1_Depth": 1,
      "Demand": 2,
      "DemandMax": null,
      "Value": 673440,
      "CustomerId": 4,
      "Priority": 4,
      "Alpha": 2,
      "Beta": 2,
      "Density": 1357.314043,
      "Weight": 914.069569,
      "Stackable": 1
    },
    {
      "Length": 102,
      "C1_Length": 1,
      "Height": 54,
      "C1_Height": 1,
      "Depth": 95,
      "C1_Depth": 1,
      "Demand": 2,
      "DemandMax": null,
      "Value": 523260,
      "CustomerId": 9,
      "Priority": 9,
      "Alpha": 2,
      "Beta": 2,
      "Density": 1064.978739,
      "Weight": 557.260775,
      "Stackable": 1
    },
    {
      "Length": 115,
      "C1_Length": 0,
      "Height": 52,
      "C1_Height": 1,
      "Depth": 92,
      "C1_Depth": 1,
      "Demand": 1,
      "DemandMax": null,
      "Value": 550160,
      "CustomerId": 8,
      "Priority": 8,
      "Alpha": 2,
      "Beta": 2,
      "Density": 1485.924897,
      "Weight": 817.496442,
      "Stackable": 1
    },
    {
      "Length": 84,
      "C1_Length": 0,
      "Height": 26,
      "C1_Height": 1,
      "Depth": 84,
      "C1_Depth": 0,
      "Demand": 2,
      "DemandMax": null,
      "Value": 183456,
      "CustomerId": 26,
      "Priority": 26,
      "Alpha": 2,
      "Beta": 2,
      "Density": 1120.197248,
      "Weight": 205.506906,
      "Stackable": 1
    },
    {
      "Length": 68,
      "C1_Length": 1,
      "Height": 48,
      "C1_Height": 1,
      "Depth": 54,
      "C1_Depth": 1,
      "Demand": 1,
      "DemandMax": null,
      "Value": 176256,
      "CustomerId": 29,
      "Priority": 29,
      "Alpha": 2,
      "Beta": 2,
      "Density": 1046.01266,
      "Weight": 184.366007,
      "Stackable": 1
    },
    {
      "Length": 99,
      "C1_Length": 1,
      "Height": 53,
      "C1_Height": 1,
      "Depth": 79,
      "C1_Depth": 1,
      "Demand": 3,
      "DemandMax": null,
      "Value": 414513,
      "CustomerId": 12,
      "Priority": 12,
      "Alpha": 2,
      "Beta": 2,
      "Density": 904.529565,
      "Weight": 374.939264,
      "Stackable": 1
    },
    {
      "Length": 98,
      "C1_Length": 0,
      "Height": 33,
      "C1_Height": 1,
      "Depth": 87,
      "C1_Depth": 0,
      "Demand": 2,
      "DemandMax": null,
      "Value": 281358,
      "CustomerId": 20,
      "Priority": 20,
      "Alpha": 2,
      "Beta": 2,
      "Density": 1281.205271,
      "Weight": 360.477353,
      "Stackable": 1
    },
    {
      "Length": 109,
      "C1_Length": 0,
      "Height": 27,
      "C1_Height": 1,
      "Depth": 45,
      "C1_Depth": 1,
      "Demand": 1,
      "DemandMax": null,
      "Value": 132435,
      "CustomerId": 38,
      "Priority": 38,
      "Alpha": 2,
      "Beta": 2,
      "Density": 1070.946759,
      "Weight": 141.830834,
      "Stackable": 1
    }
  ],
  "Modification": {
    "family": "BR-Modified",
    "seed": 123,
    "weight_model": "beta_density",
    "alpha": 2,
    "beta": 2,
    "Pmax_kg": 28200.0,
    "target_util": 0.8,
    "container_dims": {
      "L": 587,
      "W": 233,
      "H": 220
    },
    "Dc_kg_per_m3": 1171.500338,
    "Dcmin": 585.750169,
    "Dcmax": 1757.250507,
    "customer_rule": "per-type by volume desc; heavy -> higher customer_id/priority",
    "stackable_rule": "type-level Bernoulli(p_nonstackable=0.01)"
  }
}