{
  "Name": "29",
  "Objects": [
    {
      "Length": 587,
      "Height": 233,
      "Depth": 220,
      "Stock": null,
      "Cost": 30089620
    }
  ],
  "Items": [
    {
      "Length": 91,
      "C1_Length": 1,
      "Height": 57,
      "C1_Height": 1,
      "Depth": 58,
      "C1_Depth": 1,
      "Demand": 2,
      "DemandMax": null,
      "Value": 300846,
      "CustomerId": 11,
      "Priority": 11,
      "Alpha": 2,
      "Beta": 2,
      "Density": 1533.172052,
      "Weight": 461.248679,
      "Stackable": 1
    },
    {
      "Length": 92,
      "C1_Length": 1,
      "Height": 53,
      "C1_Height": 1,
      "Depth": 78,
      "C1_Depth": 1,
      "Demand": 1,
      "DemandMax": null,
      "Value": 380328,
      "CustomerId": 5,
      "Priority": 5,
      "Alpha": 2,
      "Beta": 2,
      "Density": 1522.994749,
      "Weight": 579.237547,
      "Stackable": 1
    },
    {
      "Length": 112,
      "C1_Length": 0,
      "Height": 28,
      "C1_Height": 1,
      "Depth": 48,
      "C1_Depth": 1,
      "Demand": 3,
      "DemandMax": null,
      "Value": 150528,
      "CustomerId": 37,
      "Priority": 37,
      "Alpha": 2,
      "Beta": 2,
      "Density": 1381.253975,
      "Weight": 207.917398,
      "Stackable": 1
    },
    {
      "Length": 78,
      "C1_Length": 0,
      "Height": 26,
      "C1_Height": 1,
      "Depth": 47,
      "C1_Depth": 1,
      "Demand": 4,
      "DemandMax": null,
      "Value": 95316,
      "CustomerId": 44,
      "Priority": 44,
      "Alpha": 2,
      "Beta": 2,
      "Density": 1409.274827,
      "Weight": 134.326439,
      "Stackable": 1
    },
    {
      "Length": 41,
      "C1_Length": 1,
      "Height": 28,
      "C1_Height": 1,
      "Depth": 40,
      "C1_Depth": 1,
      "Demand": 2,
      "DemandMax": null,
      "Value": 45920,
      "CustomerId": 50,
      "Priority": 50,
      "Alpha": 2,
      "Beta": 2,
      "Density": 1537.025803,
      "Weight": 70.580225,
      "Stackable": 1
    },
    {
      "Length": 57,
      "C1_Length": 1,
      "Height": 32,
      "C1_Height": 1,
      "Depth": 47,
      "C1_Depth": 1,
      "Demand": 2,
      "DemandMax": null,
      "Value": 85728,
      "CustomerId": 46,
      "Priority": 46,
      "Alpha": 2,
      "Beta": 2,
      "Density": 1371.997556,
      "Weight": 117.618606,
      "Stackable": 1
    },
    {
      "Length": 54,
      "C1_Length": 1,
      "Height": 40,
      "C1_Height": 1,
      "Depth": 47,
      "C1_Depth": 1,
      "Demand": 3,
      "DemandMax": null,
      "Value": 101520,
      "CustomerId": 43,
      "Priority": 43,
      "Alpha": 2,
      "Beta": 2,
      "Density": 1317.973274,
      "Weight": 133.800647,
      "Stackable": 1
    },
    {
      "Length": 85,
      "C1_Length": 0,
      "Height": 25,
      "C1_Height": 1,
      "Depth": 80,
      "C1_Depth": 0,
      "Demand": 3,
      "DemandMax": null,
      "Value": 170000,
      "CustomerId": 34,
      "Priority": 34,
      "Alpha": 2,
      "Beta": 2,
      "Density": 822.977315,
      "Weight": 139.906144,
      "Stackable": 1
    },
    {
      "Length": 89,
      "C1_Length": 1,
      "Height": 54,
      "C1_Height": 1,
      "Depth": 86,
      "C1_Depth": 1,
      "Demand": 2,
      "DemandMax": null,
      "Value": 413316,
      "CustomerId": 3,
      "Priority": 3,
      "Alpha": 2,
      "Beta": 2,
      "Density": 1089.816416,
      "Weight": 450.438562,
      "Stackable": 1
    },
    {
      "Length": 118,
      "C1_Length": 1,
      "Height": 68,
      "C1_Height": 1,
      "Depth": 94,
      "C1_Depth": 1,
      "Demand": 4,
      "DemandMax": null,
      "Value": 754256,
      "CustomerId": 1,
      "Priority": 1,
      "Alpha": 2,
      "Beta": 2,
      "Density": 1420.355184,
      "Weight": 1071.311419,
      "Stackable": 1
    },
    {
      "Length": 98,
      "C1_Length": 0,
      "Height": 36,
      "C1_Height": 1,
      "Depth": 63,
      "C1_Depth": 1,
      "Demand": 1,
      "DemandMax": null,
      "Value": 222264,
      "CustomerId": 22,
      "Priority": 22,
      "Alpha": 2,
      "Beta": 2,
      "Density": 1091.585999,
      "Weight": 242.620271,
      "Stackable": 1
    },
    {
      "Length": 81,
      "C1_Length": 0,
      "Height": 38,
      "C1_Height": 1,
      "Depth": 42,
      "C1_Depth": 1,
      "Demand": 1,
      "DemandMax": null,
      "Value": 129276,
      "CustomerId": 38,
      "Priority": 38,
      "Alpha": 2,
      "Beta": 2,
      "Density": 654.896454,
      "Weight": 84.662394,
      "Stackable": 1
    },
    {
      "Length": 86,
      "C1_Length": 0,
      "Height": 39,
      "C1_Height": 1,
      "Depth": 59,
      "C1_Depth": 1,
      "Demand": 2,
      "DemandMax": null,
      "Value": 197886,
      "CustomerId": 29,
      "Priority": 29,
      "Alpha": 2,
      "Beta": 2,
      "Density": 1071.459527,
      "Weight": 212.02684,
      "Stackable": 1
    },
    {
      "Length": 91,
      "C1_Length": 0,
      "Height": 40,
      "C1_Height": 1,
      "Depth": 67,
      "C1_Depth": 1,
      "Demand": 1,
      "DemandMax": null,
      "Value": 243880,
      "CustomerId": 18,
      "Priority": 18,
      "Alpha": 2,
      "Beta": 2,
      "Density": 1172.792953,
      "Weight": 286.020745,
      "Stackable": 1
    },
    {
      "Length": 73,
      "C1_Length": 1,
      "Height": 41,
      "C1_Height": 1,
      "Depth": 61,
      "C1_Depth": 1,
      "Demand": 5,
      "DemandMax": null,
      "Value": 182573,
      "CustomerId": 33,
      "Priority": 33,
      "Alpha": 2,
      "Beta": 2,
      "Density": 961.456911,
      "Weight": 175.536073,
      "Stackable": 1
    },
    {
      "Length": 67,
      "C1_Length": 1,
      "Height": 57,
      "C1_Height": 1,
      "Depth": 59,
      "C1_Depth": 1,
      "Demand": 3,
      "DemandMax": null,
      "Value": 225321,
      "CustomerId": 21,
      "Priority": 21,
      "Alpha": 2,
      "Beta": 2,
      "Density": 929.506771,
      "Weight": 209.437395,
      "Stackable": 1
    },
    {
      "Length": 84,
      "C1_Length": 0,
      "Height": 33,
      "C1_Height": 1,
      "Depth": 75,
      "C1_Depth": 0,
      "Demand": 3,
      "DemandMax": null,
      "Value": 207900,
      "CustomerId": 27,
      "Priority": 27,
      "Alpha": 2,
      "Beta": 2,
      "Density": 976.518205,
      "Weight": 203.018135,
      "Stackable": 1
    },
    {
      "Length": 96,
      "C1_Length": 1,
      "Height": 70,
      "C1_Height": 1,
      "Depth": 88,
      "C1_Depth": 1,
      "Demand": 2,
      "DemandMax": null,
      "Value": 591360,
      "CustomerId": 2,
      "Priority": 2,
      "Alpha": 2,
      "Beta": 2,
      "Density": 1360.449752,
      "Weight": 804.515565,
      "Stackable": 1
    },
    {
      "Length": 67,
      "C1_Length": 0,
      "Height": 30,
      "C1_Height": 1,
      "Depth": 44,
      "C1_Depth": 1,
      "Demand": 2,
      "DemandMax": null,
      "Value": 88440,
      "CustomerId": 45,
      "Priority": 45,
      "Alpha": 2,
      "Beta": 2,
      "Density": 992.428482,
      "Weight": 87.770375,
      "Stackable": 1
    },
    {
      "Length": 82,
      "C1_Length": 1,
      "Height": 64,
      "C1_Height": 1,
      "Depth": 76,
      "C1_Depth": 1,
      "Demand": 2,
      "DemandMax": null,
      "Value": 398848,
      "CustomerId": 4,
      "Priority": 4,
      "Alpha": 2,
      "Beta": 2,
      "Density": 1082.5501,
      "Weight": 431.772942,
      "Stackable": 1
    },
    {
      "Length": 119,
      "C1_Length": 0,
      "Height": 43,
      "C1_Height": 1,
      "Depth": 45,
      "C1_Depth": 1,
      "Demand": 2,
      "DemandMax": null,
      "Value": 230265,
      "CustomerId": 20,
      "Priority": 20,
      "Alpha": 2,
      "Beta": 2,
      "Density": 973.804403,
      "Weight": 224.233071,
      "Stackable": 1
    },
    {
      "Length": 85,
      "C1_Length": 1,
      "Height": 47,
      "C1_Height": 1,
      "Depth": 66,
      "C1_Depth": 1,
      "Demand": 4,
      "DemandMax": null,
      "Value": 263670,
      "CustomerId": 13,
      "Priority": 13,
      "Alpha": 2,
      "Beta": 2,
      "Density": 1135.492103,
      "Weight": 299.395203,
      "Stackable": 1
    },
    {
      "Length": 101,
      "C1_Length": 0,
      "Height": 49,
      "C1_Height": 1,
      "Depth": 74,
      "C1_Depth": 1,
      "Demand": 3,
      "DemandMax": null,
      "Value": 366226,
      "CustomerId": 6,
      "Priority": 6,
      "Alpha": 2,
      "Beta": 2,
      "Density": 1592.385279,
      "Weight": 583.172891,
      "Stackable": 1
    },
    {
      "Length": 87,
      "C1_Length": 1,
      "Height": 50,
      "C1_Height": 1,
      "Depth": 57,
      "C1_Depth": 1,
      "Demand": 2,
      "DemandMax": null,
      "Value": 247950,
      "CustomerId": 17,
      "Priority": 17,
      "Alpha": 2,
      "Beta": 2,
      "Density": 1143.897678,
      "Weight": 283.629429,
      "Stackable": 1
    },
    {
      "Length": 73,
      "C1_Length": 1,
      "Height": 63,
      "C1_Height": 1,
      "Depth": 69,
      "C1_Depth": 1,
      "Demand": 4,
      "DemandMax": null,
      "Value": 317331,
      "CustomerId": 8,
      "Priority": 8,
      "Alpha": 2,
      "Beta": 2,
      "Density": 946.523189,
      "Weight": 300.36115,
      "Stackable": 1
    },
    {
      "Length": 97,
      "C1_Length": 0,
      "Height": 38,
      "C1_Height": 1,
      "Depth": 54,
      "C1_Depth": 1,
      "Demand": 4,
      "DemandMax": null,
      "Value": 199044,
      "CustomerId": 28,
      "Priority": 28,
      "Alpha": 2,
      "Beta": 2,
      "Density": 1339.356939,
      "Weight": 266.590963,
      "Stackable": 1
    },
    {
      "Length": 104,
      "C1_Length": 0,
      "Height": 37,
      "C1_Height": 1,
      "Depth": 56,
      "C1_Depth": 1,
      "Demand": 4,
      "DemandMax": null,
      "Value": 215488,
      "CustomerId": 23,
      "Priority": 23,
      "Alpha": 2,
      "Beta": 2,
      "Density": 778.917486,
      "Weight": 167.847371,
      "Stackable": 1
    },
    {
      "Length": 85,
      "C1_Length": 0,
      "Height": 30,
      "C1_Height": 1,
      "Depth": 44,
      "C1_Depth": 1,
      "Demand": 5,
      "DemandMax": null,
      "Value": 112200,
      "CustomerId": 42,
      "Priority": 42,
      "Alpha": 2,
      "Beta": 2,
      "Density": 1293.869747,
      "Weight": 145.172186,
      "Stackable": 1
    },
    {
      "Length": 104,
      "C1_Length": 0,
      "Height": 20,
      "C1_Height": 1,
      "Depth": 88,
      "C1_Depth": 0,
      "Demand": 2,
      "DemandMax": null,
      "Value": 183040,
      "CustomerId": 32,
      "Priority": 32,
      "Alpha": 2,
      "Beta": 2,
      "Density": 831.661482,
      "Weight": 152.227318,
      "Stackable": 1
    },
    {
      "Length": 103,
      "C1_Length": 0,
      "Height": 32,
      "C1_Height": 1,
      "Depth": 94,
      "C1_Depth": 0,
      "Demand": 3,
      "DemandMax": null,
      "Value": 309824,
      "CustomerId": 10,
      "Priority": 10,
      "Alpha": 2,
      "Beta": 2,
      "Density": 949.071766,
      "Weight": 294.045211,
      "Stackable": 1
    },
    {
      "Length": 79,
      "C1_Length": 1,
      "Height": 56,
      "C1_Height": 1,
      "Depth": 60,
      "C1_Depth": 1,
      "Demand": 2,
      "DemandMax": null,
      "Value": 265440,
      "CustomerId": 12,
      "Priority": 12,
      "Alpha": 2,
      "Beta": 2,
      "Density": 1611.625712,
      "Weight": 427.789929,
      "Stackable": 1
    },
    {
      "Length": 60,
      "C1_Length": 1,
      "Height": 56,
      "C1_Height": 1,
      "Depth": 57,
      "C1_Depth": 1,
      "Demand": 4,
      "DemandMax": null,
      "Value": 191520,
      "CustomerId": 30,
      "Priority": 30,
      "Alpha": 2,
      "Beta": 2,
      "Density": 860.807135,
      "Weight": 164.861782,
      "Stackable": 1
    },
    {
      "Length": 80,
      "C1_Length": 0,
      "Height": 37,
      "C1_Height": 1,
      "Depth": 72,
      "C1_Depth": 1,
      "Demand": 3,
      "DemandMax": null,
      "Value": 213120,
      "CustomerId": 25,
      "Priority": 25,
      "Alpha": 2,
      "Beta": 2,
      "Density": 1164.723543,
      "Weight": 248.225882,
      "Stackable": 1
    },
    {
      "Length": 96,
      "C1_Length": 0,
      "Height": 31,
      "C1_Height": 1,
      "Depth": 39,
      "C1_Depth": 1,
      "Demand": 2,
      "DemandMax": null,
      "Value": 116064,
      "CustomerId": 39,
      "Priority": 39,
      "Alpha": 2,
      "Beta": 2,
      "Density": 1421.307674,
      "Weight": 164.962654,
      "Stackable": 1
    },
    {
      "Length": 92,
      "C1_Length": 0,
      "Height": 23,
      "C1_Height": 1,
      "Depth": 29,
      "C1_Depth": 1,
      "Demand": 3,
      "DemandMax": null,
      "Value": 61364,
      "CustomerId": 49,
      "Priority": 49,
      "Alpha": 2,
      "Beta": 2,
      "Density": 1480.41803,
      "Weight": 90.844372,
      "Stackable": 1
    },
    {
      "Length": 53,
      "C1_Length": 1,
      "Height": 34,
      "C1_Height": 1,
      "Depth": 46,
      "C1_Depth": 1,
      "Demand": 3,
      "DemandMax": null,
      "Value": 82892,
      "CustomerId": 47,
      "Priority": 47,
      "Alpha": 2,
      "Beta": 2,
      "Density": 1199.482893,
      "Weight": 99.427536,
      "Stackable": 1
    },
    {
      "Length": 71,
      "C1_Length": 0,
      "Height": 30,
      "C1_Height": 1,
      "Depth": 53,
      "C1_Depth": 1,
      "Demand": 3,
      "DemandMax": null,
      "Value": 112890,
      "CustomerId": 41,
      "Priority": 41,
      "Alpha": 2,
      "Beta": 2,
      "Density": 1384.499481,
      "Weight": 156.296146,
      "Stackable": 1
    },
    {
      "Length": 94,
      "C1_Length": 0,
      "Height": 35,
      "C1_Height": 1,
      "Depth": 80,
      "C1_Depth": 0,
      "Demand": 3,
      "DemandMax": null,
      "Value": 263200,
      "CustomerId": 15,
      "Priority": 15,
      "Alpha": 2,
      "Beta": 2,
      "Density": 910.184544,
      "Weight": 239.560572,
      "Stackable": 1
    },
    {
      "Length": 68,
      "C1_Length": 1,
      "Height": 57,
      "C1_Height": 1,
      "Depth": 68,
      "C1_Depth": 1,
      "Demand": 2,
      "DemandMax": null,
      "Value": 263568,
      "CustomerId": 14,
      "Priority": 14,
      "Alpha": 2,
      "Beta": 2,
      "Density": 947.60071,
      "Weight": 249.757224,
      "Stackable": 1
    },
    {
      "Length": 97,
      "C1_Length": 0,
      "Height": 43,
      "C1_Height": 1,
      "Depth": 57,
      "C1_Depth": 1,
      "Demand": 3,
      "DemandMax": null,
      "Value": 237747,
      "CustomerId": 19,
      "Priority": 19,
      "Alpha": 2,
      "Beta": 2,
      "Density": 1498.381303,
      "Weight": 356.23566,
      "Stackable": 1
    },
    {
      "Length": 92,
      "C1_Length": 0,
      "Height": 30,
      "C1_Height": 1,
      "Depth": 42,
      "C1_Depth": 1,
      "Demand": 2,
      "DemandMax": null,
      "Value": 115920,
      "CustomerId": 40,
      "Priority": 40,
      "Alpha": 2,
      "Beta": 2,
      "Density": 996.045642,
      "Weight": 115.461611,
      "Stackable": 1
    },
    {
      "Length": 63,
      "C1_Length": 1,
      "Height": 33,
      "C1_Height": 1,
      "Depth": 36,
      "C1_Depth": 1,
      "Demand": 2,
      "DemandMax": null,
      "Value": 74844,
      "CustomerId": 48,
      "Priority": 48,
      "Alpha": 2,
      "Beta": 2,
      "Density": 1194.460661,
      "Weight": 89.398214,
      "Stackable": 1
    },
    {
      "Length": 94,
      "C1_Length": 0,
      "Height": 37,
      "C1_Height": 1,
      "Depth": 55,
      "C1_Depth": 1,
      "Demand": 4,
      "DemandMax": null,
      "Value": 191290,
      "CustomerId": 31,
      "Priority": 31,
      "Alpha": 2,
      "Beta": 2,
      "Density": 610.918241,
      "Weight": 116.86255,
      "Stackable": 1
    },
    {
      "Length": 114,
      "C1_Length": 0,
      "Height": 28,
      "C1_Height": 1,
      "Depth": 51,
      "C1_Depth": 1,
      "Demand": 5,
      "DemandMax": null,
      "Value": 162792,
      "CustomerId": 35,
      "Priority": 35,
      "Alpha": 2,
      "Beta": 2,
      "Density": 1224.803214,
      "Weight": 199.388165,
      "Stackable": 1
    },
    {
      "Length": 93,
      "C1_Length": 0,
      "Height": 30,
      "C1_Height": 1,
      "Depth": 89,
      "C1_Depth": 0,
      "Demand": 1,
      "DemandMax": null,
      "Value": 248310,
      "CustomerId": 16,
      "Priority": 16,
      "Alpha": 2,
      "Beta": 2,
      "Density": 763.850977,
      "Weight": 189.671836,
      "Stackable": 1
    },
    {
      "Length": 84,
      "C1_Length": 1,
      "Height": 49,
      "C1_Height": 1,
      "Depth": 51,
      "C1_Depth": 1,
      "Demand": 5,
      "DemandMax": null,
      "Value": 209916,
      "CustomerId": 26,
      "Priority": 26,
      "Alpha": 2,
      "Beta": 2,
      "Density": 1056.986453,
      "Weight": 221.878368,
      "Stackable": 1
    },
    {
      "Length": 96,
      "C1_Length": 0,
      "Height": 20,
      "C1_Height": 1,
      "Depth": 79,
      "C1_Depth": 0,
      "Demand": 2,
      "DemandMax": null,
      "Value": 151680,
      "CustomerId": 36,
      "Priority": 36,
      "Alpha": 2,
      "Beta": 2,
      "Density": 1216.104063,
      "Weight": 184.458664,
      "Stackable": 1
    },
    {
      "Length": 72,
      "C1_Length": 1,
      "Height": 63,
      "C1_Height": 1,
      "Depth": 71,
      "C1_Depth": 1,
      "Demand": 1,
      "DemandMax": null,
      "Value": 322056,
      "CustomerId": 7,
      "Priority": 7,
      "Alpha": 2,
      "Beta": 2,
      "Density": 1398.399742,
      "Weight": 450.363027,
      "Stackable": 1
    },
    {
      "Length": 103,
      "C1_Length": 0,
      "Height": 37,
      "C1_Height": 1,
      "Depth": 56,
      "C1_Depth": 1,
      "Demand": 2,
      "DemandMax": null,
      "Value": 213416,
      "CustomerId": 24,
      "Priority": 24,
      "Alpha": 2,
      "Beta": 2,
      "Density": 1016.678465,
      "Weight": 216.975451,
      "Stackable": 1
    },
    {
      "Length": 88,
      "C1_Length": 1,
      "Height": 53,
      "C1_Height": 1,
      "Depth": 68,
      "C1_Depth": 1,
      "Demand": 2,
      "DemandMax": null,
      "Value": 317152,
      "CustomerId": 9,
      "Priority": 9,
      "Alpha": 2,
      "Beta": 2,
      "Density": 1360.778547,
      "Weight": 431.573638,
      "Stackable": 1
    }
  ],
  "Modification": {
    "family": "BR-Modified",
    "seed": 123,
    "weight_model": "beta_density",
    "alpha": 2,
    "beta": 2,
    "Pmax_kg": 28200.0,
    "target_util": 0.8,
    "container_dims": {
      "L": 587,
      "W": 233,
      "H": 220
    },
    "Dc_kg_per_m3": 1171.500338,
    "Dcmin": 585.750169,
    "Dcmax": 1757.250507,
    "customer_rule": "per-type by volume desc; heavy -> higher customer_id/priority",
    "stackable_rule": "type-level Bernoulli(p_nonstackable=0.01)"
  }
}