{
  "Name": "33",
  "Objects": [
    {
      "Length": 587,
      "Height": 233,
      "Depth": 220,
      "Stock": null,
      "Cost": 30089620
    }
  ],
  "Items": [
    {
      "Length": 40,
      "C1_Length": 1,
      "Height": 21,
      "C1_Height": 1,
      "Depth": 36,
      "C1_Depth": 1,
      "Demand": 2,
      "DemandMax": null,
      "Value": 30240,
      "CustomerId": 50,
      "Priority": 50,
      "Alpha": 2,
      "Beta": 2,
      "Density": 1195.654413,
      "Weight": 36.156589,
      "Stackable": 1
    },
    {
      "Length": 76,
      "C1_Length": 0,
      "Height": 31,
      "C1_Height": 1,
      "Depth": 45,
      "C1_Depth": 1,
      "Demand": 1,
      "DemandMax": null,
      "Value": 106020,
      "CustomerId": 41,
      "Priority": 41,
      "Alpha": 2,
      "Beta": 2,
      "Density": 1165.045887,
      "Weight": 123.518165,
      "Stackable": 1
    },
    {
      "Length": 63,
      "C1_Length": 1,
      "Height": 51,
      "C1_Height": 1,
      "Depth": 54,
      "C1_Depth": 1,
      "Demand": 2,
      "DemandMax": null,
      "Value": 173502,
      "CustomerId": 31,
      "Priority": 31,
      "Alpha": 2,
      "Beta": 2,
      "Density": 1563.326317,
      "Weight": 271.240243,
      "Stackable": 1
    },
    {
      "Length": 114,
      "C1_Length": 1,
      "Height": 69,
      "C1_Height": 1,
      "Depth": 77,
      "C1_Depth": 1,
      "Demand": 2,
      "DemandMax": null,
      "Value": 605682,
      "CustomerId": 1,
      "Priority": 1,
      "Alpha": 2,
      "Beta": 2,
      "Density": 1233.520591,
      "Weight": 747.121219,
      "Stackable": 1
    },
    {
      "Length": 95,
      "C1_Length": 1,
      "Height": 53,
      "C1_Height": 1,
      "Depth": 57,
      "C1_Depth": 1,
      "Demand": 2,
      "DemandMax": null,
      "Value": 286995,
      "CustomerId": 15,
      "Priority": 15,
      "Alpha": 2,
      "Beta": 2,
      "Density": 1478.83059,
      "Weight": 424.416985,
      "Stackable": 1
    },
    {
      "Length": 92,
      "C1_Length": 0,
      "Height": 20,
      "C1_Height": 1,
      "Depth": 36,
      "C1_Depth": 1,
      "Demand": 5,
      "DemandMax": null,
      "Value": 66240,
      "CustomerId": 49,
      "Priority": 49,
      "Alpha": 2,
      "Beta": 2,
      "Density": 1057.660558,
      "Weight": 70.059435,
      "Stackable": 1
    },
    {
      "Length": 90,
      "C1_Length": 1,
      "Height": 47,
      "C1_Height": 1,
      "Depth": 84,
      "C1_Depth": 1,
      "Demand": 3,
      "DemandMax": null,
      "Value": 355320,
      "CustomerId": 5,
      "Priority": 5,
      "Alpha": 2,
      "Beta": 2,
      "Density": 1548.729374,
      "Weight": 550.294521,
      "Stackable": 1
    },
    {
      "Length": 84,
      "C1_Length": 0,
      "Height": 24,
      "C1_Height": 1,
      "Depth": 69,
      "C1_Depth": 0,
      "Demand": 1,
      "DemandMax": null,
      "Value": 139104,
      "CustomerId": 38,
      "Priority": 38,
      "Alpha": 2,
      "Beta": 2,
      "Density": 1401.214371,
      "Weight": 194.914524,
      "Stackable": 1
    },
    {
      "Length": 57,
      "C1_Length": 1,
      "Height": 35,
      "C1_Height": 1,
      "Depth": 35,
      "C1_Depth": 1,
      "Demand": 3,
      "DemandMax": null,
      "Value": 69825,
      "CustomerId": 48,
      "Priority": 48,
      "Alpha": 2,
      "Beta": 2,
      "Density": 854.753287,
      "Weight": 59.683148,
      "Stackable": 1
    },
    {
      "Length": 78,
      "C1_Length": 1,
      "Height": 50,
      "C1_Height": 1,
      "Depth": 76,
      "C1_Depth": 1,
      "Demand": 4,
      "DemandMax": null,
      "Value": 296400,
      "CustomerId": 11,
      "Priority": 11,
      "Alpha": 2,
      "Beta": 2,
      "Density": 1536.262046,
      "Weight": 455.34807,
      "Stackable": 1
    },
    {
      "Length": 81,
      "C1_Length": 0,
      "Height": 37,
      "C1_Height": 1,
      "Depth": 67,
      "C1_Depth": 1,
      "Demand": 3,
      "DemandMax": null,
      "Value": 200799,
      "CustomerId": 23,
      "Priority": 23,
      "Alpha": 2,
      "Beta": 2,
      "Density": 1182.41783,
      "Weight": 237.428318,
      "Stackable": 1
    },
    {
      "Length": 73,
      "C1_Length": 1,
      "Height": 43,
      "C1_Height": 1,
      "Depth": 51,
      "C1_Depth": 1,
      "Demand": 2,
      "DemandMax": null,
      "Value": 160089,
      "CustomerId": 34,
      "Priority": 34,
      "Alpha": 2,
      "Beta": 2,
      "Density": 935.857386,
      "Weight": 149.820473,
      "Stackable": 1
    },
    {
      "Length": 64,
      "C1_Length": 0,
      "Height": 30,
      "C1_Height": 1,
      "Depth": 54,
      "C1_Depth": 1,
      "Demand": 3,
      "DemandMax": null,
      "Value": 103680,
      "CustomerId": 43,
      "Priority": 43,
      "Alpha": 2,
      "Beta": 2,
      "Density": 1306.038038,
      "Weight": 135.410024,
      "Stackable": 1
    },
    {
      "Length": 85,
      "C1_Length": 1,
      "Height": 51,
      "C1_Height": 1,
      "Depth": 73,
      "C1_Depth": 1,
      "Demand": 2,
      "DemandMax": null,
      "Value": 316455,
      "CustomerId": 9,
      "Priority": 9,
      "Alpha": 2,
      "Beta": 2,
      "Density": 1368.559801,
      "Weight": 433.087592,
      "Stackable": 1
    },
    {
      "Length": 83,
      "C1_Length": 0,
      "Height": 23,
      "C1_Height": 1,
      "Depth": 58,
      "C1_Depth": 0,
      "Demand": 2,
      "DemandMax": null,
      "Value": 110722,
      "CustomerId": 40,
      "Priority": 40,
      "Alpha": 2,
      "Beta": 2,
      "Density": 1477.154198,
      "Weight": 163.553467,
      "Stackable": 1
    },
    {
      "Length": 114,
      "C1_Length": 0,
      "Height": 27,
      "C1_Height": 1,
      "Depth": 71,
      "C1_Depth": 0,
      "Demand": 2,
      "DemandMax": null,
      "Value": 218538,
      "CustomerId": 21,
      "Priority": 21,
      "Alpha": 2,
      "Beta": 2,
      "Density": 736.25861,
      "Weight": 160.900484,
      "Stackable": 1
    },
    {
      "Length": 67,
      "C1_Length": 1,
      "Height": 50,
      "C1_Height": 1,
      "Depth": 56,
      "C1_Depth": 1,
      "Demand": 4,
      "DemandMax": null,
      "Value": 187600,
      "CustomerId": 26,
      "Priority": 26,
      "Alpha": 2,
      "Beta": 2,
      "Density": 1293.75676,
      "Weight": 242.708768,
      "Stackable": 1
    },
    {
      "Length": 79,
      "C1_Length": 1,
      "Height": 46,
      "C1_Height": 1,
      "Depth": 51,
      "C1_Depth": 1,
      "Demand": 1,
      "DemandMax": null,
      "Value": 185334,
      "CustomerId": 28,
      "Priority": 28,
      "Alpha": 2,
      "Beta": 2,
      "Density": 925.20869,
      "Weight": 171.472627,
      "Stackable": 1
    },
    {
      "Length": 89,
      "C1_Length": 0,
      "Height": 36,
      "C1_Height": 1,
      "Depth": 57,
      "C1_Depth": 1,
      "Demand": 7,
      "DemandMax": null,
      "Value": 182628,
      "CustomerId": 29,
      "Priority": 29,
      "Alpha": 2,
      "Beta": 2,
      "Density": 949.589006,
      "Weight": 173.421541,
      "Stackable": 1
    },
    {
      "Length": 109,
      "C1_Length": 0,
      "Height": 46,
      "C1_Height": 1,
      "Depth": 72,
      "C1_Depth": 1,
      "Demand": 2,
      "DemandMax": null,
      "Value": 361008,
      "CustomerId": 4,
      "Priority": 4,
      "Alpha": 2,
      "Beta": 2,
      "Density": 902.977826,
      "Weight": 325.982219,
      "Stackable": 1
    },
    {
      "Length": 93,
      "C1_Length": 0,
      "Height": 35,
      "C1_Height": 1,
      "Depth": 54,
      "C1_Depth": 1,
      "Demand": 3,
      "DemandMax": null,
      "Value": 175770,
      "CustomerId": 30,
      "Priority": 30,
      "Alpha": 2,
      "Beta": 2,
      "Density": 1185.321803,
      "Weight": 208.344013,
      "Stackable": 1
    },
    {
      "Length": 114,
      "C1_Length": 0,
      "Height": 33,
      "C1_Height": 1,
      "Depth": 77,
      "C1_Depth": 0,
      "Demand": 2,
      "DemandMax": null,
      "Value": 289674,
      "CustomerId": 14,
      "Priority": 14,
      "Alpha": 2,
      "Beta": 2,
      "Density": 1008.503814,
      "Weight": 292.137334,
      "Stackable": 1
    },
    {
      "Length": 77,
      "C1_Length": 0,
      "Height": 25,
      "C1_Height": 1,
      "Depth": 45,
      "C1_Depth": 1,
      "Demand": 1,
      "DemandMax": null,
      "Value": 86625,
      "CustomerId": 45,
      "Priority": 45,
      "Alpha": 2,
      "Beta": 2,
      "Density": 776.661142,
      "Weight": 67.278271,
      "Stackable": 1
    },
    {
      "Length": 97,
      "C1_Length": 1,
      "Height": 59,
      "C1_Height": 1,
      "Depth": 64,
      "C1_Depth": 1,
      "Demand": 3,
      "DemandMax": null,
      "Value": 366272,
      "CustomerId": 3,
      "Priority": 3,
      "Alpha": 2,
      "Beta": 2,
      "Density": 796.211503,
      "Weight": 291.62998,
      "Stackable": 1
    },
    {
      "Length": 100,
      "C1_Length": 0,
      "Height": 30,
      "C1_Height": 1,
      "Depth": 92,
      "C1_Depth": 0,
      "Demand": 3,
      "DemandMax": null,
      "Value": 276000,
      "CustomerId": 16,
      "Priority": 16,
      "Alpha": 2,
      "Beta": 2,
      "Density": 1210.287537,
      "Weight": 334.03936,
      "Stackable": 1
    },
    {
      "Length": 58,
      "C1_Length": 1,
      "Height": 38,
      "C1_Height": 1,
      "Depth": 48,
      "C1_Depth": 1,
      "Demand": 4,
      "DemandMax": null,
      "Value": 105792,
      "CustomerId": 42,
      "Priority": 42,
      "Alpha": 2,
      "Beta": 2,
      "Density": 1198.480297,
      "Weight": 126.789628,
      "Stackable": 1
    },
    {
      "Length": 88,
      "C1_Length": 1,
      "Height": 54,
      "C1_Height": 1,
      "Depth": 85,
      "C1_Depth": 1,
      "Demand": 3,
      "DemandMax": null,
      "Value": 403920,
      "CustomerId": 2,
      "Priority": 2,
      "Alpha": 2,
      "Beta": 2,
      "Density": 748.891205,
      "Weight": 302.492136,
      "Stackable": 1
    },
    {
      "Length": 75,
      "C1_Length": 1,
      "Height": 43,
      "C1_Height": 1,
      "Depth": 49,
      "C1_Depth": 1,
      "Demand": 5,
      "DemandMax": null,
      "Value": 158025,
      "CustomerId": 36,
      "Priority": 36,
      "Alpha": 2,
      "Beta": 2,
      "Density": 1009.744102,
      "Weight": 159.564812,
      "Stackable": 1
    },
    {
      "Length": 71,
      "C1_Length": 1,
      "Height": 42,
      "C1_Height": 1,
      "Depth": 53,
      "C1_Depth": 1,
      "Demand": 5,
      "DemandMax": null,
      "Value": 158046,
      "CustomerId": 35,
      "Priority": 35,
      "Alpha": 2,
      "Beta": 2,
      "Density": 770.050094,
      "Weight": 121.703337,
      "Stackable": 1
    },
    {
      "Length": 73,
      "C1_Length": 1,
      "Height": 42,
      "C1_Height": 1,
      "Depth": 67,
      "C1_Depth": 1,
      "Demand": 3,
      "DemandMax": null,
      "Value": 205422,
      "CustomerId": 22,
      "Priority": 22,
      "Alpha": 2,
      "Beta": 2,
      "Density": 1702.238243,
      "Weight": 349.677184,
      "Stackable": 1
    },
    {
      "Length": 92,
      "C1_Length": 1,
      "Height": 48,
      "C1_Height": 1,
      "Depth": 53,
      "C1_Depth": 1,
      "Demand": 5,
      "DemandMax": null,
      "Value": 234048,
      "CustomerId": 19,
      "Priority": 19,
      "Alpha": 2,
      "Beta": 2,
      "Density": 1457.560102,
      "Weight": 341.139027,
      "Stackable": 1
    },
    {
      "Length": 94,
      "C1_Length": 0,
      "Height": 39,
      "C1_Height": 1,
      "Depth": 86,
      "C1_Depth": 0,
      "Demand": 1,
      "DemandMax": null,
      "Value": 315276,
      "CustomerId": 10,
      "Priority": 10,
      "Alpha": 2,
      "Beta": 2,
      "Density": 1525.504779,
      "Weight": 480.955045,
      "Stackable": 1
    },
    {
      "Length": 97,
      "C1_Length": 0,
      "Height": 33,
      "C1_Height": 1,
      "Depth": 58,
      "C1_Depth": 1,
      "Demand": 1,
      "DemandMax": null,
      "Value": 185658,
      "CustomerId": 27,
      "Priority": 27,
      "Alpha": 2,
      "Beta": 2,
      "Density": 933.20912,
      "Weight": 173.257739,
      "Stackable": 1
    },
    {
      "Length": 58,
      "C1_Length": 1,
      "Height": 41,
      "C1_Height": 1,
      "Depth": 42,
      "C1_Depth": 1,
      "Demand": 2,
      "DemandMax": null,
      "Value": 99876,
      "CustomerId": 44,
      "Priority": 44,
      "Alpha": 2,
      "Beta": 2,
      "Density": 1144.352629,
      "Weight": 114.293363,
      "Stackable": 1
    },
    {
      "Length": 80,
      "C1_Length": 1,
      "Height": 52,
      "C1_Height": 1,
      "Depth": 77,
      "C1_Depth": 1,
      "Demand": 1,
      "DemandMax": null,
      "Value": 320320,
      "CustomerId": 8,
      "Priority": 8,
      "Alpha": 2,
      "Beta": 2,
      "Density": 1221.794492,
      "Weight": 391.365212,
      "Stackable": 1
    },
    {
      "Length": 108,
      "C1_Length": 0,
      "Height": 46,
      "C1_Height": 1,
      "Depth": 52,
      "C1_Depth": 1,
      "Demand": 3,
      "DemandMax": null,
      "Value": 258336,
      "CustomerId": 17,
      "Priority": 17,
      "Alpha": 2,
      "Beta": 2,
      "Density": 854.003708,
      "Weight": 220.619902,
      "Stackable": 1
    },
    {
      "Length": 77,
      "C1_Length": 1,
      "Height": 43,
      "C1_Height": 1,
      "Depth": 60,
      "C1_Depth": 1,
      "Demand": 5,
      "DemandMax": null,
      "Value": 198660,
      "CustomerId": 24,
      "Priority": 24,
      "Alpha": 2,
      "Beta": 2,
      "Density": 1050.786351,
      "Weight": 208.749216,
      "Stackable": 1
    },
    {
      "Length": 111,
      "C1_Length": 0,
      "Height": 33,
      "C1_Height": 1,
      "Depth": 62,
      "C1_Depth": 1,
      "Demand": 2,
      "DemandMax": null,
      "Value": 227106,
      "CustomerId": 20,
      "Priority": 20,
      "Alpha": 2,
      "Beta": 2,
      "Density": 1605.516325,
      "Weight": 364.622391,
      "Stackable": 1
    },
    {
      "Length": 78,
      "C1_Length": 0,
      "Height": 35,
      "C1_Height": 1,
      "Depth": 63,
      "C1_Depth": 1,
      "Demand": 5,
      "DemandMax": null,
      "Value": 171990,
      "CustomerId": 32,
      "Priority": 32,
      "Alpha": 2,
      "Beta": 2,
      "Density": 1263.464977,
      "Weight": 217.303341,
      "Stackable": 1
    },
    {
      "Length": 93,
      "C1_Length": 0,
      "Height": 44,
      "C1_Height": 1,
      "Depth": 84,
      "C1_Depth": 1,
      "Demand": 4,
      "DemandMax": null,
      "Value": 343728,
      "CustomerId": 6,
      "Priority": 6,
      "Alpha": 2,
      "Beta": 2,
      "Density": 1511.636492,
      "Weight": 519.591788,
      "Stackable": 1
    },
    {
      "Length": 115,
      "C1_Length": 0,
      "Height": 38,
      "C1_Height": 1,
      "Depth": 78,
      "C1_Depth": 0,
      "Demand": 3,
      "DemandMax": null,
      "Value": 340860,
      "CustomerId": 7,
      "Priority": 7,
      "Alpha": 2,
      "Beta": 2,
      "Density": 1136.014874,
      "Weight": 387.22203,
      "Stackable": 1
    },
    {
      "Length": 88,
      "C1_Length": 0,
      "Height": 39,
      "C1_Height": 1,
      "Depth": 85,
      "C1_Depth": 0,
      "Demand": 4,
      "DemandMax": null,
      "Value": 291720,
      "CustomerId": 12,
      "Priority": 12,
      "Alpha": 2,
      "Beta": 2,
      "Density": 968.127256,
      "Weight": 282.422083,
      "Stackable": 1
    },
    {
      "Length": 84,
      "C1_Length": 0,
      "Height": 38,
      "C1_Height": 1,
      "Depth": 47,
      "C1_Depth": 1,
      "Demand": 1,
      "DemandMax": null,
      "Value": 150024,
      "CustomerId": 37,
      "Priority": 37,
      "Alpha": 2,
      "Beta": 2,
      "Density": 1118.187952,
      "Weight": 167.755029,
      "Stackable": 1
    },
    {
      "Length": 61,
      "C1_Length": 1,
      "Height": 32,
      "C1_Height": 1,
      "Depth": 44,
      "C1_Depth": 1,
      "Demand": 2,
      "DemandMax": null,
      "Value": 85888,
      "CustomerId": 46,
      "Priority": 46,
      "Alpha": 2,
      "Beta": 2,
      "Density": 1242.411083,
      "Weight": 106.708203,
      "Stackable": 1
    },
    {
      "Length": 50,
      "C1_Length": 1,
      "Height": 33,
      "C1_Height": 1,
      "Depth": 44,
      "C1_Depth": 1,
      "Demand": 3,
      "DemandMax": null,
      "Value": 72600,
      "CustomerId": 47,
      "Priority": 47,
      "Alpha": 2,
      "Beta": 2,
      "Density": 1321.11132,
      "Weight": 95.912682,
      "Stackable": 1
    },
    {
      "Length": 98,
      "C1_Length": 0,
      "Height": 47,
      "C1_Height": 1,
      "Depth": 63,
      "C1_Depth": 1,
      "Demand": 4,
      "DemandMax": null,
      "Value": 290178,
      "CustomerId": 13,
      "Priority": 13,
      "Alpha": 2,
      "Beta": 2,
      "Density": 1040.192378,
      "Weight": 301.840944,
      "Stackable": 1
    },
    {
      "Length": 66,
      "C1_Length": 1,
      "Height": 51,
      "C1_Height": 1,
      "Depth": 57,
      "C1_Depth": 1,
      "Demand": 4,
      "DemandMax": null,
      "Value": 191862,
      "CustomerId": 25,
      "Priority": 25,
      "Alpha": 2,
      "Beta": 2,
      "Density": 1540.65389,
      "Weight": 295.592937,
      "Stackable": 1
    },
    {
      "Length": 111,
      "C1_Length": 0,
      "Height": 26,
      "C1_Height": 1,
      "Depth": 57,
      "C1_Depth": 0,
      "Demand": 3,
      "DemandMax": null,
      "Value": 164502,
      "CustomerId": 33,
      "Priority": 33,
      "Alpha": 2,
      "Beta": 2,
      "Density": 1211.146089,
      "Weight": 199.235954,
      "Stackable": 1
    },
    {
      "Length": 91,
      "C1_Length": 0,
      "Height": 37,
      "C1_Height": 1,
      "Depth": 75,
      "C1_Depth": 0,
      "Demand": 1,
      "DemandMax": null,
      "Value": 252525,
      "CustomerId": 18,
      "Priority": 18,
      "Alpha": 2,
      "Beta": 2,
      "Density": 1255.273903,
      "Weight": 316.988042,
      "Stackable": 1
    },
    {
      "Length": 98,
      "C1_Length": 0,
      "Height": 21,
      "C1_Height": 1,
      "Depth": 61,
      "C1_Depth": 0,
      "Demand": 3,
      "DemandMax": null,
      "Value": 125538,
      "CustomerId": 39,
      "Priority": 39,
      "Alpha": 2,
      "Beta": 2,
      "Density": 881.470886,
      "Weight": 110.658092,
      "Stackable": 1
    }
  ],
  "Modification": {
    "family": "BR-Modified",
    "seed": 123,
    "weight_model": "beta_density",
    "alpha": 2,
    "beta": 2,
    "Pmax_kg": 28200.0,
    "target_util": 0.8,
    "container_dims": {
      "L": 587,
      "W": 233,
      "H": 220
    },
    "Dc_kg_per_m3": 1171.500338,
    "Dcmin": 585.750169,
    "Dcmax": 1757.250507,
    "customer_rule": "per-type by volume desc; heavy -> higher customer_id/priority",
    "stackable_rule": "type-level Bernoulli(p_nonstackable=0.01)"
  }
}