{
  "Name": "34",
  "Objects": [
    {
      "Length": 587,
      "Height": 233,
      "Depth": 220,
      "Stock": null,
      "Cost": 30089620
    }
  ],
  "Items": [
    {
      "Length": 68,
      "C1_Length": 0,
      "Height": 27,
      "C1_Height": 1,
      "Depth": 35,
      "C1_Depth": 1,
      "Demand": 3,
      "DemandMax": null,
      "Value": 64260,
      "CustomerId": 48,
      "Priority": 48,
      "Alpha": 2,
      "Beta": 2,
      "Density": 1272.134867,
      "Weight": 81.747387,
      "Stackable": 1
    },
    {
      "Length": 118,
      "C1_Length": 0,
      "Height": 43,
      "C1_Height": 1,
      "Depth": 57,
      "C1_Depth": 1,
      "Demand": 2,
      "DemandMax": null,
      "Value": 289218,
      "CustomerId": 20,
      "Priority": 20,
      "Alpha": 2,
      "Beta": 2,
      "Density": 1266.63564,
      "Weight": 366.333827,
      "Stackable": 1
    },
    {
      "Length": 73,
      "C1_Length": 0,
      "Height": 36,
      "C1_Height": 1,
      "Depth": 72,
      "C1_Depth": 0,
      "Demand": 1,
      "DemandMax": null,
      "Value": 189216,
      "CustomerId": 28,
      "Priority": 28,
      "Alpha": 2,
      "Beta": 2,
      "Density": 1370.427681,
      "Weight": 259.306844,
      "Stackable": 1
    },
    {
      "Length": 85,
      "C1_Length": 1,
      "Height": 50,
      "C1_Height": 1,
      "Depth": 58,
      "C1_Depth": 1,
      "Demand": 3,
      "DemandMax": null,
      "Value": 246500,
      "CustomerId": 23,
      "Priority": 23,
      "Alpha": 2,
      "Beta": 2,
      "Density": 1131.648655,
      "Weight": 278.951393,
      "Stackable": 1
    },
    {
      "Length": 86,
      "C1_Length": 0,
      "Height": 33,
      "C1_Height": 1,
      "Depth": 56,
      "C1_Depth": 1,
      "Demand": 2,
      "DemandMax": null,
      "Value": 158928,
      "CustomerId": 32,
      "Priority": 32,
      "Alpha": 2,
      "Beta": 2,
      "Density": 710.384543,
      "Weight": 112.899995,
      "Stackable": 1
    },
    {
      "Length": 99,
      "C1_Length": 0,
      "Height": 31,
      "C1_Height": 1,
      "Depth": 44,
      "C1_Depth": 1,
      "Demand": 6,
      "DemandMax": null,
      "Value": 135036,
      "CustomerId": 36,
      "Priority": 36,
      "Alpha": 2,
      "Beta": 2,
      "Density": 657.027835,
      "Weight": 88.722411,
      "Stackable": 1
    },
    {
      "Length": 93,
      "C1_Length": 1,
      "Height": 49,
      "C1_Height": 1,
      "Depth": 54,
      "C1_Depth": 1,
      "Demand": 6,
      "DemandMax": null,
      "Value": 246078,
      "CustomerId": 24,
      "Priority": 24,
      "Alpha": 2,
      "Beta": 2,
      "Density": 1052.376288,
      "Weight": 258.966652,
      "Stackable": 1
    },
    {
      "Length": 89,
      "C1_Length": 0,
      "Height": 26,
      "C1_Height": 1,
      "Depth": 69,
      "C1_Depth": 0,
      "Demand": 3,
      "DemandMax": null,
      "Value": 159666,
      "CustomerId": 31,
      "Priority": 31,
      "Alpha": 2,
      "Beta": 2,
      "Density": 1270.132053,
      "Weight": 202.796904,
      "Stackable": 1
    },
    {
      "Length": 98,
      "C1_Length": 1,
      "Height": 74,
      "C1_Height": 1,
      "Depth": 90,
      "C1_Depth": 1,
      "Demand": 1,
      "DemandMax": null,
      "Value": 652680,
      "CustomerId": 2,
      "Priority": 2,
      "Alpha": 2,
      "Beta": 2,
      "Density": 1485.115373,
      "Weight": 969.305102,
      "Stackable": 1
    },
    {
      "Length": 58,
      "C1_Length": 1,
      "Height": 46,
      "C1_Height": 1,
      "Depth": 48,
      "C1_Depth": 1,
      "Demand": 2,
      "DemandMax": null,
      "Value": 128064,
      "CustomerId": 37,
      "Priority": 37,
      "Alpha": 2,
      "Beta": 2,
      "Density": 1344.082453,
      "Weight": 172.128575,
      "Stackable": 1
    },
    {
      "Length": 56,
      "C1_Length": 0,
      "Height": 22,
      "C1_Height": 1,
      "Depth": 55,
      "C1_Depth": 0,
      "Demand": 4,
      "DemandMax": null,
      "Value": 67760,
      "CustomerId": 47,
      "Priority": 47,
      "Alpha": 2,
      "Beta": 2,
      "Density": 1330.192824,
      "Weight": 90.133866,
      "Stackable": 1
    },
    {
      "Length": 104,
      "C1_Length": 1,
      "Height": 59,
      "C1_Height": 1,
      "Depth": 63,
      "C1_Depth": 1,
      "Demand": 1,
      "DemandMax": null,
      "Value": 386568,
      "CustomerId": 12,
      "Priority": 12,
      "Alpha": 2,
      "Beta": 2,
      "Density": 674.766197,
      "Weight": 260.843019,
      "Stackable": 1
    },
    {
      "Length": 80,
      "C1_Length": 1,
      "Height": 66,
      "C1_Height": 1,
      "Depth": 69,
      "C1_Depth": 1,
      "Demand": 2,
      "DemandMax": null,
      "Value": 364320,
      "CustomerId": 15,
      "Priority": 15,
      "Alpha": 2,
      "Beta": 2,
      "Density": 1077.513324,
      "Weight": 392.559654,
      "Stackable": 1
    },
    {
      "Length": 110,
      "C1_Length": 1,
      "Height": 58,
      "C1_Height": 1,
      "Depth": 59,
      "C1_Depth": 1,
      "Demand": 2,
      "DemandMax": null,
      "Value": 376420,
      "CustomerId": 14,
      "Priority": 14,
      "Alpha": 2,
      "Beta": 2,
      "Density": 1231.810504,
      "Weight": 463.67811,
      "Stackable": 1
    },
    {
      "Length": 96,
      "C1_Length": 1,
      "Height": 63,
      "C1_Height": 1,
      "Depth": 79,
      "C1_Depth": 1,
      "Demand": 2,
      "DemandMax": null,
      "Value": 477792,
      "CustomerId": 5,
      "Priority": 5,
      "Alpha": 2,
      "Beta": 2,
      "Density": 1482.249306,
      "Weight": 708.20686,
      "Stackable": 1
    },
    {
      "Length": 82,
      "C1_Length": 1,
      "Height": 57,
      "C1_Height": 1,
      "Depth": 77,
      "C1_Depth": 1,
      "Demand": 2,
      "DemandMax": null,
      "Value": 359898,
      "CustomerId": 16,
      "Priority": 16,
      "Alpha": 2,
      "Beta": 2,
      "Density": 1364.086169,
      "Weight": 490.931884,
      "Stackable": 1
    },
    {
      "Length": 55,
      "C1_Length": 1,
      "Height": 34,
      "C1_Height": 1,
      "Depth": 48,
      "C1_Depth": 1,
      "Demand": 1,
      "DemandMax": null,
      "Value": 89760,
      "CustomerId": 45,
      "Priority": 45,
      "Alpha": 2,
      "Beta": 2,
      "Density": 1096.27341,
      "Weight": 98.401501,
      "Stackable": 1
    },
    {
      "Length": 120,
      "C1_Length": 0,
      "Height": 40,
      "C1_Height": 1,
      "Depth": 99,
      "C1_Depth": 0,
      "Demand": 3,
      "DemandMax": null,
      "Value": 475200,
      "CustomerId": 6,
      "Priority": 6,
      "Alpha": 2,
      "Beta": 2,
      "Density": 1570.986805,
      "Weight": 746.53293,
      "Stackable": 1
    },
    {
      "Length": 97,
      "C1_Length": 0,
      "Height": 34,
      "C1_Height": 1,
      "Depth": 43,
      "C1_Depth": 1,
      "Demand": 3,
      "DemandMax": null,
      "Value": 141814,
      "CustomerId": 33,
      "Priority": 33,
      "Alpha": 2,
      "Beta": 2,
      "Density": 838.287572,
      "Weight": 118.880914,
      "Stackable": 1
    },
    {
      "Length": 115,
      "C1_Length": 0,
      "Height": 55,
      "C1_Height": 1,
      "Depth": 68,
      "C1_Depth": 1,
      "Demand": 4,
      "DemandMax": null,
      "Value": 430100,
      "CustomerId": 10,
      "Priority": 10,
      "Alpha": 2,
      "Beta": 2,
      "Density": 735.631099,
      "Weight": 316.394935,
      "Stackable": 1
    },
    {
      "Length": 78,
      "C1_Length": 1,
      "Height": 48,
      "C1_Height": 1,
      "Depth": 61,
      "C1_Depth": 1,
      "Demand": 3,
      "DemandMax": null,
      "Value": 228384,
      "CustomerId": 27,
      "Priority": 27,
      "Alpha": 2,
      "Beta": 2,
      "Density": 1148.76966,
      "Weight": 262.36061,
      "Stackable": 1
    },
    {
      "Length": 75,
      "C1_Length": 1,
      "Height": 58,
      "C1_Height": 1,
      "Depth": 60,
      "C1_Depth": 1,
      "Demand": 5,
      "DemandMax": null,
      "Value": 261000,
      "CustomerId": 22,
      "Priority": 22,
      "Alpha": 2,
      "Beta": 2,
      "Density": 824.463801,
      "Weight": 215.185052,
      "Stackable": 1
    },
    {
      "Length": 77,
      "C1_Length": 0,
      "Height": 34,
      "C1_Height": 1,
      "Depth": 54,
      "C1_Depth": 1,
      "Demand": 2,
      "DemandMax": null,
      "Value": 141372,
      "CustomerId": 34,
      "Priority": 34,
      "Alpha": 2,
      "Beta": 2,
      "Density": 904.02985,
      "Weight": 127.804508,
      "Stackable": 1
    },
    {
      "Length": 80,
      "C1_Length": 0,
      "Height": 31,
      "C1_Height": 1,
      "Depth": 66,
      "C1_Depth": 0,
      "Demand": 2,
      "DemandMax": null,
      "Value": 163680,
      "CustomerId": 29,
      "Priority": 29,
      "Alpha": 2,
      "Beta": 2,
      "Density": 952.484462,
      "Weight": 155.902657,
      "Stackable": 1
    },
    {
      "Length": 80,
      "C1_Length": 0,
      "Height": 20,
      "C1_Height": 1,
      "Depth": 63,
      "C1_Depth": 0,
      "Demand": 2,
      "DemandMax": null,
      "Value": 100800,
      "CustomerId": 43,
      "Priority": 43,
      "Alpha": 2,
      "Beta": 2,
      "Density": 1100.348611,
      "Weight": 110.91514,
      "Stackable": 1
    },
    {
      "Length": 34,
      "C1_Length": 1,
      "Height": 20,
      "C1_Height": 1,
      "Depth": 30,
      "C1_Depth": 1,
      "Demand": 2,
      "DemandMax": null,
      "Value": 20400,
      "CustomerId": 50,
      "Priority": 50,
      "Alpha": 2,
      "Beta": 2,
      "Density": 1349.368972,
      "Weight": 27.527127,
      "Stackable": 1
    },
    {
      "Length": 80,
      "C1_Length": 1,
      "Height": 74,
      "C1_Height": 1,
      "Depth": 77,
      "C1_Depth": 1,
      "Demand": 1,
      "DemandMax": null,
      "Value": 455840,
      "CustomerId": 9,
      "Priority": 9,
      "Alpha": 2,
      "Beta": 2,
      "Density": 1427.309996,
      "Weight": 650.624989,
      "Stackable": 1
    },
    {
      "Length": 100,
      "C1_Length": 1,
      "Height": 69,
      "C1_Height": 1,
      "Depth": 83,
      "C1_Depth": 1,
      "Demand": 2,
      "DemandMax": null,
      "Value": 572700,
      "CustomerId": 3,
      "Priority": 3,
      "Alpha": 2,
      "Beta": 2,
      "Density": 1059.27491,
      "Weight": 606.646741,
      "Stackable": 1
    },
    {
      "Length": 87,
      "C1_Length": 0,
      "Height": 23,
      "C1_Height": 1,
      "Depth": 63,
      "C1_Depth": 0,
      "Demand": 1,
      "DemandMax": null,
      "Value": 126063,
      "CustomerId": 38,
      "Priority": 38,
      "Alpha": 2,
      "Beta": 2,
      "Density": 1322.357378,
      "Weight": 166.700338,
      "Stackable": 1
    },
    {
      "Length": 81,
      "C1_Length": 1,
      "Height": 68,
      "C1_Height": 1,
      "Depth": 75,
      "C1_Depth": 1,
      "Demand": 1,
      "DemandMax": null,
      "Value": 413100,
      "CustomerId": 11,
      "Priority": 11,
      "Alpha": 2,
      "Beta": 2,
      "Density": 1610.070857,
      "Weight": 665.120271,
      "Stackable": 1
    },
    {
      "Length": 119,
      "C1_Length": 0,
      "Height": 31,
      "C1_Height": 1,
      "Depth": 76,
      "C1_Depth": 0,
      "Demand": 1,
      "DemandMax": null,
      "Value": 280364,
      "CustomerId": 21,
      "Priority": 21,
      "Alpha": 2,
      "Beta": 2,
      "Density": 751.708857,
      "Weight": 210.752102,
      "Stackable": 1
    },
    {
      "Length": 71,
      "C1_Length": 1,
      "Height": 46,
      "C1_Height": 1,
      "Depth": 49,
      "C1_Depth": 1,
      "Demand": 3,
      "DemandMax": null,
      "Value": 160034,
      "CustomerId": 30,
      "Priority": 30,
      "Alpha": 2,
      "Beta": 2,
      "Density": 1354.174318,
      "Weight": 216.713933,
      "Stackable": 1
    },
    {
      "Length": 55,
      "C1_Length": 0,
      "Height": 25,
      "C1_Height": 1,
      "Depth": 44,
      "C1_Depth": 1,
      "Demand": 3,
      "DemandMax": null,
      "Value": 60500,
      "CustomerId": 49,
      "Priority": 49,
      "Alpha": 2,
      "Beta": 2,
      "Density": 1359.191591,
      "Weight": 82.231091,
      "Stackable": 1
    },
    {
      "Length": 118,
      "C1_Length": 0,
      "Height": 48,
      "C1_Height": 1,
      "Depth": 83,
      "C1_Depth": 1,
      "Demand": 2,
      "DemandMax": null,
      "Value": 470112,
      "CustomerId": 7,
      "Priority": 7,
      "Alpha": 2,
      "Beta": 2,
      "Density": 1630.512762,
      "Weight": 766.523616,
      "Stackable": 1
    },
    {
      "Length": 119,
      "C1_Length": 0,
      "Height": 49,
      "C1_Height": 1,
      "Depth": 58,
      "C1_Depth": 1,
      "Demand": 1,
      "DemandMax": null,
      "Value": 338198,
      "CustomerId": 17,
      "Priority": 17,
      "Alpha": 2,
      "Beta": 2,
      "Density": 1340.714862,
      "Weight": 453.427085,
      "Stackable": 1
    },
    {
      "Length": 69,
      "C1_Length": 1,
      "Height": 36,
      "C1_Height": 1,
      "Depth": 44,
      "C1_Depth": 1,
      "Demand": 2,
      "DemandMax": null,
      "Value": 109296,
      "CustomerId": 40,
      "Priority": 40,
      "Alpha": 2,
      "Beta": 2,
      "Density": 1157.0612,
      "Weight": 126.462161,
      "Stackable": 1
    },
    {
      "Length": 103,
      "C1_Length": 0,
      "Height": 22,
      "C1_Height": 1,
      "Depth": 46,
      "C1_Depth": 0,
      "Demand": 2,
      "DemandMax": null,
      "Value": 104236,
      "CustomerId": 41,
      "Priority": 41,
      "Alpha": 2,
      "Beta": 2,
      "Density": 1543.642021,
      "Weight": 160.90307,
      "Stackable": 1
    },
    {
      "Length": 62,
      "C1_Length": 0,
      "Height": 27,
      "C1_Height": 1,
      "Depth": 56,
      "C1_Depth": 0,
      "Demand": 1,
      "DemandMax": null,
      "Value": 93744,
      "CustomerId": 44,
      "Priority": 44,
      "Alpha": 2,
      "Beta": 2,
      "Density": 1032.77331,
      "Weight": 96.816301,
      "Stackable": 1
    },
    {
      "Length": 97,
      "C1_Length": 1,
      "Height": 61,
      "C1_Height": 1,
      "Depth": 65,
      "C1_Depth": 1,
      "Demand": 3,
      "DemandMax": null,
      "Value": 384605,
      "CustomerId": 13,
      "Priority": 13,
      "Alpha": 2,
      "Beta": 2,
      "Density": 1397.553397,
      "Weight": 537.506024,
      "Stackable": 1
    },
    {
      "Length": 93,
      "C1_Length": 0,
      "Height": 29,
      "C1_Height": 1,
      "Depth": 91,
      "C1_Depth": 0,
      "Demand": 5,
      "DemandMax": null,
      "Value": 245427,
      "CustomerId": 25,
      "Priority": 25,
      "Alpha": 2,
      "Beta": 2,
      "Density": 964.683653,
      "Weight": 236.759415,
      "Stackable": 1
    },
    {
      "Length": 94,
      "C1_Length": 0,
      "Height": 40,
      "C1_Height": 1,
      "Depth": 87,
      "C1_Depth": 0,
      "Demand": 2,
      "DemandMax": null,
      "Value": 327120,
      "CustomerId": 18,
      "Priority": 18,
      "Alpha": 2,
      "Beta": 2,
      "Density": 990.641972,
      "Weight": 324.058802,
      "Stackable": 1
    },
    {
      "Length": 98,
      "C1_Length": 0,
      "Height": 25,
      "C1_Height": 1,
      "Depth": 56,
      "C1_Depth": 0,
      "Demand": 2,
      "DemandMax": null,
      "Value": 137200,
      "CustomerId": 35,
      "Priority": 35,
      "Alpha": 2,
      "Beta": 2,
      "Density": 811.519214,
      "Weight": 111.340436,
      "Stackable": 1
    },
    {
      "Length": 96,
      "C1_Length": 0,
      "Height": 30,
      "C1_Height": 1,
      "Depth": 82,
      "C1_Depth": 0,
      "Demand": 2,
      "DemandMax": null,
      "Value": 236160,
      "CustomerId": 26,
      "Priority": 26,
      "Alpha": 2,
      "Beta": 2,
      "Density": 1099.134594,
      "Weight": 259.571626,
      "Stackable": 1
    },
    {
      "Length": 95,
      "C1_Length": 0,
      "Height": 33,
      "C1_Height": 1,
      "Depth": 33,
      "C1_Depth": 1,
      "Demand": 2,
      "DemandMax": null,
      "Value": 103455,
      "CustomerId": 42,
      "Priority": 42,
      "Alpha": 2,
      "Beta": 2,
      "Density": 1435.121838,
      "Weight": 148.47053,
      "Stackable": 1
    },
    {
      "Length": 100,
      "C1_Length": 1,
      "Height": 70,
      "C1_Height": 1,
      "Depth": 95,
      "C1_Depth": 1,
      "Demand": 2,
      "DemandMax": null,
      "Value": 665000,
      "CustomerId": 1,
      "Priority": 1,
      "Alpha": 2,
      "Beta": 2,
      "Density": 1073.011935,
      "Weight": 713.552937,
      "Stackable": 1
    },
    {
      "Length": 86,
      "C1_Length": 1,
      "Height": 77,
      "C1_Height": 1,
      "Depth": 77,
      "C1_Depth": 1,
      "Demand": 1,
      "DemandMax": null,
      "Value": 509894,
      "CustomerId": 4,
      "Priority": 4,
      "Alpha": 2,
      "Beta": 2,
      "Density": 1701.972439,
      "Weight": 867.825535,
      "Stackable": 1
    },
    {
      "Length": 85,
      "C1_Length": 0,
      "Height": 21,
      "C1_Height": 1,
      "Depth": 40,
      "C1_Depth": 1,
      "Demand": 2,
      "DemandMax": null,
      "Value": 71400,
      "CustomerId": 46,
      "Priority": 46,
      "Alpha": 2,
      "Beta": 2,
      "Density": 1151.391263,
      "Weight": 82.209336,
      "Stackable": 1
    },
    {
      "Length": 72,
      "C1_Length": 0,
      "Height": 30,
      "C1_Height": 1,
      "Depth": 55,
      "C1_Depth": 1,
      "Demand": 5,
      "DemandMax": null,
      "Value": 118800,
      "CustomerId": 39,
      "Priority": 39,
      "Alpha": 2,
      "Beta": 2,
      "Density": 1434.576829,
      "Weight": 170.427727,
      "Stackable": 1
    },
    {
      "Length": 85,
      "C1_Length": 1,
      "Height": 69,
      "C1_Height": 1,
      "Depth": 78,
      "C1_Depth": 1,
      "Demand": 3,
      "DemandMax": null,
      "Value": 457470,
      "CustomerId": 8,
      "Priority": 8,
      "Alpha": 2,
      "Beta": 2,
      "Density": 1113.878333,
      "Weight": 509.565921,
      "Stackable": 1
    },
    {
      "Length": 110,
      "C1_Length": 0,
      "Height": 40,
      "C1_Height": 1,
      "Depth": 74,
      "C1_Depth": 1,
      "Demand": 3,
      "DemandMax": null,
      "Value": 325600,
      "CustomerId": 19,
      "Priority": 19,
      "Alpha": 2,
      "Beta": 2,
      "Density": 1304.828618,
      "Weight": 424.852198,
      "Stackable": 1
    }
  ],
  "Modification": {
    "family": "BR-Modified",
    "seed": 123,
    "weight_model": "beta_density",
    "alpha": 2,
    "beta": 2,
    "Pmax_kg": 28200.0,
    "target_util": 0.8,
    "container_dims": {
      "L": 587,
      "W": 233,
      "H": 220
    },
    "Dc_kg_per_m3": 1171.500338,
    "Dcmin": 585.750169,
    "Dcmax": 1757.250507,
    "customer_rule": "per-type by volume desc; heavy -> higher customer_id/priority",
    "stackable_rule": "type-level Bernoulli(p_nonstackable=0.01)"
  }
}