{
  "Name": "39",
  "Objects": [
    {
      "Length": 587,
      "Height": 233,
      "Depth": 220,
      "Stock": null,
      "Cost": 30089620
    }
  ],
  "Items": [
    {
      "Length": 89,
      "C1_Length": 1,
      "Height": 45,
      "C1_Height": 1,
      "Depth": 56,
      "C1_Depth": 1,
      "Demand": 2,
      "DemandMax": null,
      "Value": 224280,
      "CustomerId": 22,
      "Priority": 22,
      "Alpha": 2,
      "Beta": 2,
      "Density": 1643.032946,
      "Weight": 368.499429,
      "Stackable": 1
    },
    {
      "Length": 53,
      "C1_Length": 1,
      "Height": 34,
      "C1_Height": 1,
      "Depth": 37,
      "C1_Depth": 1,
      "Demand": 10,
      "DemandMax": null,
      "Value": 66674,
      "CustomerId": 46,
      "Priority": 46,
      "Alpha": 2,
      "Beta": 2,
      "Density": 1456.667985,
      "Weight": 97.121881,
      "Stackable": 1
    },
    {
      "Length": 54,
      "C1_Length": 0,
      "Height": 25,
      "C1_Height": 1,
      "Depth": 35,
      "C1_Depth": 1,
      "Demand": 7,
      "DemandMax": null,
      "Value": 47250,
      "CustomerId": 49,
      "Priority": 49,
      "Alpha": 2,
      "Beta": 2,
      "Density": 1447.488324,
      "Weight": 68.393823,
      "Stackable": 0
    },
    {
      "Length": 73,
      "C1_Length": 0,
      "Height": 33,
      "C1_Height": 1,
      "Depth": 39,
      "C1_Depth": 1,
      "Demand": 4,
      "DemandMax": null,
      "Value": 93951,
      "CustomerId": 42,
      "Priority": 42,
      "Alpha": 2,
      "Beta": 2,
      "Density": 1240.162963,
      "Weight": 116.514551,
      "Stackable": 1
    },
    {
      "Length": 73,
      "C1_Length": 1,
      "Height": 38,
      "C1_Height": 1,
      "Depth": 39,
      "C1_Depth": 1,
      "Demand": 4,
      "DemandMax": null,
      "Value": 108186,
      "CustomerId": 41,
      "Priority": 41,
      "Alpha": 2,
      "Beta": 2,
      "Density": 951.529746,
      "Weight": 102.942197,
      "Stackable": 1
    },
    {
      "Length": 50,
      "C1_Length": 1,
      "Height": 29,
      "C1_Height": 1,
      "Depth": 42,
      "C1_Depth": 1,
      "Demand": 5,
      "DemandMax": null,
      "Value": 60900,
      "CustomerId": 47,
      "Priority": 47,
      "Alpha": 2,
      "Beta": 2,
      "Density": 855.34117,
      "Weight": 52.090277,
      "Stackable": 1
    },
    {
      "Length": 62,
      "C1_Length": 1,
      "Height": 54,
      "C1_Height": 1,
      "Depth": 59,
      "C1_Depth": 1,
      "Demand": 4,
      "DemandMax": null,
      "Value": 197532,
      "CustomerId": 26,
      "Priority": 26,
      "Alpha": 2,
      "Beta": 2,
      "Density": 1428.951871,
      "Weight": 282.263721,
      "Stackable": 1
    },
    {
      "Length": 98,
      "C1_Length": 0,
      "Height": 44,
      "C1_Height": 1,
      "Depth": 53,
      "C1_Depth": 1,
      "Demand": 1,
      "DemandMax": null,
      "Value": 228536,
      "CustomerId": 21,
      "Priority": 21,
      "Alpha": 2,
      "Beta": 2,
      "Density": 1125.594847,
      "Weight": 257.238944,
      "Stackable": 1
    },
    {
      "Length": 94,
      "C1_Length": 0,
      "Height": 31,
      "C1_Height": 1,
      "Depth": 32,
      "C1_Depth": 1,
      "Demand": 5,
      "DemandMax": null,
      "Value": 93248,
      "CustomerId": 43,
      "Priority": 43,
      "Alpha": 2,
      "Beta": 2,
      "Density": 799.569094,
      "Weight": 74.558219,
      "Stackable": 1
    },
    {
      "Length": 97,
      "C1_Length": 0,
      "Height": 28,
      "C1_Height": 1,
      "Depth": 64,
      "C1_Depth": 0,
      "Demand": 4,
      "DemandMax": null,
      "Value": 173824,
      "CustomerId": 27,
      "Priority": 27,
      "Alpha": 2,
      "Beta": 2,
      "Density": 1185.818127,
      "Weight": 206.12365,
      "Stackable": 1
    },
    {
      "Length": 102,
      "C1_Length": 0,
      "Height": 42,
      "C1_Height": 1,
      "Depth": 77,
      "C1_Depth": 1,
      "Demand": 3,
      "DemandMax": null,
      "Value": 329868,
      "CustomerId": 8,
      "Priority": 8,
      "Alpha": 2,
      "Beta": 2,
      "Density": 869.32567,
      "Weight": 286.76272,
      "Stackable": 1
    },
    {
      "Length": 80,
      "C1_Length": 1,
      "Height": 44,
      "C1_Height": 1,
      "Depth": 75,
      "C1_Depth": 1,
      "Demand": 2,
      "DemandMax": null,
      "Value": 264000,
      "CustomerId": 13,
      "Priority": 13,
      "Alpha": 2,
      "Beta": 2,
      "Density": 936.343518,
      "Weight": 247.194689,
      "Stackable": 1
    },
    {
      "Length": 93,
      "C1_Length": 0,
      "Height": 41,
      "C1_Height": 1,
      "Depth": 52,
      "C1_Depth": 1,
      "Demand": 2,
      "DemandMax": null,
      "Value": 198276,
      "CustomerId": 25,
      "Priority": 25,
      "Alpha": 2,
      "Beta": 2,
      "Density": 943.195372,
      "Weight": 187.013006,
      "Stackable": 1
    },
    {
      "Length": 77,
      "C1_Length": 0,
      "Height": 38,
      "C1_Height": 1,
      "Depth": 51,
      "C1_Depth": 1,
      "Demand": 5,
      "DemandMax": null,
      "Value": 149226,
      "CustomerId": 34,
      "Priority": 34,
      "Alpha": 2,
      "Beta": 2,
      "Density": 1708.824221,
      "Weight": 255.001003,
      "Stackable": 1
    },
    {
      "Length": 57,
      "C1_Length": 1,
      "Height": 52,
      "C1_Height": 1,
      "Depth": 54,
      "C1_Depth": 1,
      "Demand": 2,
      "DemandMax": null,
      "Value": 160056,
      "CustomerId": 31,
      "Priority": 31,
      "Alpha": 2,
      "Beta": 2,
      "Density": 1225.476829,
      "Weight": 196.144919,
      "Stackable": 1
    },
    {
      "Length": 105,
      "C1_Length": 0,
      "Height": 46,
      "C1_Height": 1,
      "Depth": 97,
      "C1_Depth": 0,
      "Demand": 3,
      "DemandMax": null,
      "Value": 468510,
      "CustomerId": 1,
      "Priority": 1,
      "Alpha": 2,
      "Beta": 2,
      "Density": 817.312627,
      "Weight": 382.919139,
      "Stackable": 1
    },
    {
      "Length": 103,
      "C1_Length": 1,
      "Height": 54,
      "C1_Height": 1,
      "Depth": 76,
      "C1_Depth": 1,
      "Demand": 4,
      "DemandMax": null,
      "Value": 422712,
      "CustomerId": 3,
      "Priority": 3,
      "Alpha": 2,
      "Beta": 2,
      "Density": 854.639307,
      "Weight": 361.266291,
      "Stackable": 1
    },
    {
      "Length": 72,
      "C1_Length": 0,
      "Height": 34,
      "C1_Height": 1,
      "Depth": 53,
      "C1_Depth": 1,
      "Demand": 3,
      "DemandMax": null,
      "Value": 129744,
      "CustomerId": 38,
      "Priority": 38,
      "Alpha": 2,
      "Beta": 2,
      "Density": 1039.114208,
      "Weight": 134.818834,
      "Stackable": 1
    },
    {
      "Length": 42,
      "C1_Length": 1,
      "Height": 35,
      "C1_Height": 1,
      "Depth": 38,
      "C1_Depth": 1,
      "Demand": 5,
      "DemandMax": null,
      "Value": 55860,
      "CustomerId": 48,
      "Priority": 48,
      "Alpha": 2,
      "Beta": 2,
      "Density": 1030.587026,
      "Weight": 57.568591,
      "Stackable": 1
    },
    {
      "Length": 61,
      "C1_Length": 1,
      "Height": 46,
      "C1_Height": 1,
      "Depth": 58,
      "C1_Depth": 1,
      "Demand": 4,
      "DemandMax": null,
      "Value": 162748,
      "CustomerId": 29,
      "Priority": 29,
      "Alpha": 2,
      "Beta": 2,
      "Density": 1207.707465,
      "Weight": 196.551975,
      "Stackable": 1
    },
    {
      "Length": 93,
      "C1_Length": 1,
      "Height": 50,
      "C1_Height": 1,
      "Depth": 54,
      "C1_Depth": 1,
      "Demand": 3,
      "DemandMax": null,
      "Value": 251100,
      "CustomerId": 15,
      "Priority": 15,
      "Alpha": 2,
      "Beta": 2,
      "Density": 985.485862,
      "Weight": 247.4555,
      "Stackable": 1
    },
    {
      "Length": 74,
      "C1_Length": 1,
      "Height": 50,
      "C1_Height": 1,
      "Depth": 66,
      "C1_Depth": 1,
      "Demand": 4,
      "DemandMax": null,
      "Value": 244200,
      "CustomerId": 18,
      "Priority": 18,
      "Alpha": 2,
      "Beta": 2,
      "Density": 1291.55539,
      "Weight": 315.397826,
      "Stackable": 1
    },
    {
      "Length": 99,
      "C1_Length": 0,
      "Height": 20,
      "C1_Height": 1,
      "Depth": 81,
      "C1_Depth": 0,
      "Demand": 1,
      "DemandMax": null,
      "Value": 160380,
      "CustomerId": 30,
      "Priority": 30,
      "Alpha": 2,
      "Beta": 2,
      "Density": 984.540277,
      "Weight": 157.90057,
      "Stackable": 1
    },
    {
      "Length": 76,
      "C1_Length": 1,
      "Height": 72,
      "C1_Height": 1,
      "Depth": 73,
      "C1_Depth": 1,
      "Demand": 4,
      "DemandMax": null,
      "Value": 399456,
      "CustomerId": 4,
      "Priority": 4,
      "Alpha": 2,
      "Beta": 2,
      "Density": 1395.464772,
      "Weight": 557.426776,
      "Stackable": 1
    },
    {
      "Length": 98,
      "C1_Length": 0,
      "Height": 27,
      "C1_Height": 1,
      "Depth": 57,
      "C1_Depth": 0,
      "Demand": 1,
      "DemandMax": null,
      "Value": 150822,
      "CustomerId": 33,
      "Priority": 33,
      "Alpha": 2,
      "Beta": 2,
      "Density": 1262.346866,
      "Weight": 190.389679,
      "Stackable": 1
    },
    {
      "Length": 104,
      "C1_Length": 0,
      "Height": 38,
      "C1_Height": 1,
      "Depth": 63,
      "C1_Depth": 1,
      "Demand": 1,
      "DemandMax": null,
      "Value": 248976,
      "CustomerId": 16,
      "Priority": 16,
      "Alpha": 2,
      "Beta": 2,
      "Density": 1740.721516,
      "Weight": 433.39788,
      "Stackable": 1
    },
    {
      "Length": 99,
      "C1_Length": 0,
      "Height": 49,
      "C1_Height": 1,
      "Depth": 55,
      "C1_Depth": 1,
      "Demand": 2,
      "DemandMax": null,
      "Value": 266805,
      "CustomerId": 12,
      "Priority": 12,
      "Alpha": 2,
      "Beta": 2,
      "Density": 1067.867342,
      "Weight": 284.912346,
      "Stackable": 1
    },
    {
      "Length": 115,
      "C1_Length": 0,
      "Height": 45,
      "C1_Height": 1,
      "Depth": 47,
      "C1_Depth": 1,
      "Demand": 2,
      "DemandMax": null,
      "Value": 243225,
      "CustomerId": 19,
      "Priority": 19,
      "Alpha": 2,
      "Beta": 2,
      "Density": 1539.736029,
      "Weight": 374.502296,
      "Stackable": 1
    },
    {
      "Length": 114,
      "C1_Length": 0,
      "Height": 25,
      "C1_Height": 1,
      "Depth": 86,
      "C1_Depth": 0,
      "Demand": 2,
      "DemandMax": null,
      "Value": 245100,
      "CustomerId": 17,
      "Priority": 17,
      "Alpha": 2,
      "Beta": 2,
      "Density": 1259.625513,
      "Weight": 308.734213,
      "Stackable": 1
    },
    {
      "Length": 59,
      "C1_Length": 1,
      "Height": 42,
      "C1_Height": 1,
      "Depth": 56,
      "C1_Depth": 1,
      "Demand": 2,
      "DemandMax": null,
      "Value": 138768,
      "CustomerId": 36,
      "Priority": 36,
      "Alpha": 2,
      "Beta": 2,
      "Density": 1179.463186,
      "Weight": 163.671747,
      "Stackable": 1
    },
    {
      "Length": 88,
      "C1_Length": 1,
      "Height": 68,
      "C1_Height": 1,
      "Depth": 73,
      "C1_Depth": 1,
      "Demand": 2,
      "DemandMax": null,
      "Value": 436832,
      "CustomerId": 2,
      "Priority": 2,
      "Alpha": 2,
      "Beta": 2,
      "Density": 1221.772409,
      "Weight": 533.709285,
      "Stackable": 1
    },
    {
      "Length": 86,
      "C1_Length": 0,
      "Height": 36,
      "C1_Height": 1,
      "Depth": 38,
      "C1_Depth": 1,
      "Demand": 2,
      "DemandMax": null,
      "Value": 117648,
      "CustomerId": 40,
      "Priority": 40,
      "Alpha": 2,
      "Beta": 2,
      "Density": 1286.797499,
      "Weight": 151.389152,
      "Stackable": 1
    },
    {
      "Length": 85,
      "C1_Length": 0,
      "Height": 38,
      "C1_Height": 1,
      "Depth": 74,
      "C1_Depth": 1,
      "Demand": 3,
      "DemandMax": null,
      "Value": 239020,
      "CustomerId": 20,
      "Priority": 20,
      "Alpha": 2,
      "Beta": 2,
      "Density": 1480.698863,
      "Weight": 353.916642,
      "Stackable": 1
    },
    {
      "Length": 59,
      "C1_Length": 1,
      "Height": 49,
      "C1_Height": 1,
      "Depth": 57,
      "C1_Depth": 1,
      "Demand": 2,
      "DemandMax": null,
      "Value": 164787,
      "CustomerId": 28,
      "Priority": 28,
      "Alpha": 2,
      "Beta": 2,
      "Density": 1116.209267,
      "Weight": 183.936777,
      "Stackable": 1
    },
    {
      "Length": 86,
      "C1_Length": 1,
      "Height": 54,
      "C1_Height": 1,
      "Depth": 75,
      "C1_Depth": 1,
      "Demand": 2,
      "DemandMax": null,
      "Value": 348300,
      "CustomerId": 6,
      "Priority": 6,
      "Alpha": 2,
      "Beta": 2,
      "Density": 1324.832029,
      "Weight": 461.438996,
      "Stackable": 1
    },
    {
      "Length": 38,
      "C1_Length": 1,
      "Height": 31,
      "C1_Height": 1,
      "Depth": 35,
      "C1_Depth": 1,
      "Demand": 4,
      "DemandMax": null,
      "Value": 41230,
      "CustomerId": 50,
      "Priority": 50,
      "Alpha": 2,
      "Beta": 2,
      "Density": 1670.301063,
      "Weight": 68.866513,
      "Stackable": 1
    },
    {
      "Length": 62,
      "C1_Length": 1,
      "Height": 45,
      "C1_Height": 1,
      "Depth": 52,
      "C1_Depth": 1,
      "Demand": 5,
      "DemandMax": null,
      "Value": 145080,
      "CustomerId": 35,
      "Priority": 35,
      "Alpha": 2,
      "Beta": 2,
      "Density": 1736.711723,
      "Weight": 251.962137,
      "Stackable": 1
    },
    {
      "Length": 94,
      "C1_Length": 0,
      "Height": 36,
      "C1_Height": 1,
      "Depth": 88,
      "C1_Depth": 0,
      "Demand": 3,
      "DemandMax": null,
      "Value": 297792,
      "CustomerId": 10,
      "Priority": 10,
      "Alpha": 2,
      "Beta": 2,
      "Density": 1295.914435,
      "Weight": 385.912951,
      "Stackable": 1
    },
    {
      "Length": 62,
      "C1_Length": 1,
      "Height": 46,
      "C1_Height": 1,
      "Depth": 54,
      "C1_Depth": 1,
      "Demand": 3,
      "DemandMax": null,
      "Value": 154008,
      "CustomerId": 32,
      "Priority": 32,
      "Alpha": 2,
      "Beta": 2,
      "Density": 1217.103227,
      "Weight": 187.443634,
      "Stackable": 1
    },
    {
      "Length": 89,
      "C1_Length": 1,
      "Height": 49,
      "C1_Height": 1,
      "Depth": 76,
      "C1_Depth": 1,
      "Demand": 4,
      "DemandMax": null,
      "Value": 331436,
      "CustomerId": 7,
      "Priority": 7,
      "Alpha": 2,
      "Beta": 2,
      "Density": 938.518479,
      "Weight": 311.058811,
      "Stackable": 1
    },
    {
      "Length": 96,
      "C1_Length": 0,
      "Height": 41,
      "C1_Height": 1,
      "Depth": 51,
      "C1_Depth": 1,
      "Demand": 1,
      "DemandMax": null,
      "Value": 200736,
      "CustomerId": 24,
      "Priority": 24,
      "Alpha": 2,
      "Beta": 2,
      "Density": 729.106912,
      "Weight": 146.358005,
      "Stackable": 1
    },
    {
      "Length": 78,
      "C1_Length": 1,
      "Height": 49,
      "C1_Height": 1,
      "Depth": 68,
      "C1_Depth": 1,
      "Demand": 3,
      "DemandMax": null,
      "Value": 259896,
      "CustomerId": 14,
      "Priority": 14,
      "Alpha": 2,
      "Beta": 2,
      "Density": 671.735976,
      "Weight": 174.581493,
      "Stackable": 1
    },
    {
      "Length": 78,
      "C1_Length": 1,
      "Height": 66,
      "C1_Height": 1,
      "Depth": 70,
      "C1_Depth": 1,
      "Demand": 4,
      "DemandMax": null,
      "Value": 360360,
      "CustomerId": 5,
      "Priority": 5,
      "Alpha": 2,
      "Beta": 2,
      "Density": 1168.960381,
      "Weight": 421.246563,
      "Stackable": 1
    },
    {
      "Length": 76,
      "C1_Length": 0,
      "Height": 37,
      "C1_Height": 1,
      "Depth": 75,
      "C1_Depth": 0,
      "Demand": 3,
      "DemandMax": null,
      "Value": 210900,
      "CustomerId": 23,
      "Priority": 23,
      "Alpha": 2,
      "Beta": 2,
      "Density": 713.961489,
      "Weight": 150.574478,
      "Stackable": 1
    },
    {
      "Length": 107,
      "C1_Length": 0,
      "Height": 25,
      "C1_Height": 1,
      "Depth": 49,
      "C1_Depth": 1,
      "Demand": 3,
      "DemandMax": null,
      "Value": 131075,
      "CustomerId": 37,
      "Priority": 37,
      "Alpha": 2,
      "Beta": 2,
      "Density": 1221.426583,
      "Weight": 160.098489,
      "Stackable": 1
    },
    {
      "Length": 70,
      "C1_Length": 0,
      "Height": 30,
      "C1_Height": 1,
      "Depth": 43,
      "C1_Depth": 1,
      "Demand": 4,
      "DemandMax": null,
      "Value": 90300,
      "CustomerId": 44,
      "Priority": 44,
      "Alpha": 2,
      "Beta": 2,
      "Density": 815.805096,
      "Weight": 73.6672,
      "Stackable": 1
    },
    {
      "Length": 91,
      "C1_Length": 0,
      "Height": 22,
      "C1_Height": 1,
      "Depth": 59,
      "C1_Depth": 0,
      "Demand": 4,
      "DemandMax": null,
      "Value": 118118,
      "CustomerId": 39,
      "Priority": 39,
      "Alpha": 2,
      "Beta": 2,
      "Density": 1082.875814,
      "Weight": 127.907125,
      "Stackable": 1
    },
    {
      "Length": 80,
      "C1_Length": 1,
      "Height": 48,
      "C1_Height": 1,
      "Depth": 73,
      "C1_Depth": 1,
      "Demand": 2,
      "DemandMax": null,
      "Value": 280320,
      "CustomerId": 11,
      "Priority": 11,
      "Alpha": 2,
      "Beta": 2,
      "Density": 709.235508,
      "Weight": 198.812898,
      "Stackable": 1
    },
    {
      "Length": 57,
      "C1_Length": 1,
      "Height": 34,
      "C1_Height": 1,
      "Depth": 39,
      "C1_Depth": 1,
      "Demand": 4,
      "DemandMax": null,
      "Value": 75582,
      "CustomerId": 45,
      "Priority": 45,
      "Alpha": 2,
      "Beta": 2,
      "Density": 948.627392,
      "Weight": 71.699156,
      "Stackable": 1
    },
    {
      "Length": 76,
      "C1_Length": 1,
      "Height": 60,
      "C1_Height": 1,
      "Depth": 72,
      "C1_Depth": 1,
      "Demand": 2,
      "DemandMax": null,
      "Value": 328320,
      "CustomerId": 9,
      "Priority": 9,
      "Alpha": 2,
      "Beta": 2,
      "Density": 1153.928958,
      "Weight": 378.857956,
      "Stackable": 1
    }
  ],
  "Modification": {
    "family": "BR-Modified",
    "seed": 123,
    "weight_model": "beta_density",
    "alpha": 2,
    "beta": 2,
    "Pmax_kg": 28200.0,
    "target_util": 0.8,
    "container_dims": {
      "L": 587,
      "W": 233,
      "H": 220
    },
    "Dc_kg_per_m3": 1171.500338,
    "Dcmin": 585.750169,
    "Dcmax": 1757.250507,
    "customer_rule": "per-type by volume desc; heavy -> higher customer_id/priority",
    "stackable_rule": "type-level Bernoulli(p_nonstackable=0.01)"
  }
}