{
  "Name": "50",
  "Objects": [
    {
      "Length": 587,
      "Height": 233,
      "Depth": 220,
      "Stock": null,
      "Cost": 30089620
    }
  ],
  "Items": [
    {
      "Length": 60,
      "C1_Length": 1,
      "Height": 32,
      "C1_Height": 1,
      "Depth": 40,
      "C1_Depth": 1,
      "Demand": 1,
      "DemandMax": null,
      "Value": 76800,
      "CustomerId": 45,
      "Priority": 45,
      "Alpha": 2,
      "Beta": 2,
      "Density": 1369.858656,
      "Weight": 105.205145,
      "Stackable": 1
    },
    {
      "Length": 98,
      "C1_Length": 1,
      "Height": 55,
      "C1_Height": 1,
      "Depth": 75,
      "C1_Depth": 1,
      "Demand": 3,
      "DemandMax": null,
      "Value": 404250,
      "CustomerId": 5,
      "Priority": 5,
      "Alpha": 2,
      "Beta": 2,
      "Density": 1145.963337,
      "Weight": 463.255679,
      "Stackable": 1
    },
    {
      "Length": 60,
      "C1_Length": 1,
      "Height": 39,
      "C1_Height": 1,
      "Depth": 59,
      "C1_Depth": 1,
      "Demand": 5,
      "DemandMax": null,
      "Value": 138060,
      "CustomerId": 34,
      "Priority": 34,
      "Alpha": 2,
      "Beta": 2,
      "Density": 775.865285,
      "Weight": 107.115961,
      "Stackable": 1
    },
    {
      "Length": 81,
      "C1_Length": 0,
      "Height": 40,
      "C1_Height": 1,
      "Depth": 56,
      "C1_Depth": 1,
      "Demand": 3,
      "DemandMax": null,
      "Value": 181440,
      "CustomerId": 27,
      "Priority": 27,
      "Alpha": 2,
      "Beta": 2,
      "Density": 1129.486083,
      "Weight": 204.933955,
      "Stackable": 1
    },
    {
      "Length": 119,
      "C1_Length": 0,
      "Height": 25,
      "C1_Height": 1,
      "Depth": 34,
      "C1_Depth": 1,
      "Demand": 4,
      "DemandMax": null,
      "Value": 101150,
      "CustomerId": 41,
      "Priority": 41,
      "Alpha": 2,
      "Beta": 2,
      "Density": 981.552171,
      "Weight": 99.284002,
      "Stackable": 1
    },
    {
      "Length": 107,
      "C1_Length": 0,
      "Height": 42,
      "C1_Height": 1,
      "Depth": 61,
      "C1_Depth": 1,
      "Demand": 1,
      "DemandMax": null,
      "Value": 274134,
      "CustomerId": 16,
      "Priority": 16,
      "Alpha": 2,
      "Beta": 2,
      "Density": 1029.737315,
      "Weight": 282.286009,
      "Stackable": 1
    },
    {
      "Length": 108,
      "C1_Length": 0,
      "Height": 20,
      "C1_Height": 1,
      "Depth": 85,
      "C1_Depth": 0,
      "Demand": 3,
      "DemandMax": null,
      "Value": 183600,
      "CustomerId": 26,
      "Priority": 26,
      "Alpha": 2,
      "Beta": 2,
      "Density": 1553.372785,
      "Weight": 285.199243,
      "Stackable": 1
    },
    {
      "Length": 97,
      "C1_Length": 0,
      "Height": 45,
      "C1_Height": 1,
      "Depth": 66,
      "C1_Depth": 1,
      "Demand": 5,
      "DemandMax": null,
      "Value": 288090,
      "CustomerId": 15,
      "Priority": 15,
      "Alpha": 2,
      "Beta": 2,
      "Density": 1529.860081,
      "Weight": 440.737391,
      "Stackable": 1
    },
    {
      "Length": 66,
      "C1_Length": 0,
      "Height": 26,
      "C1_Height": 1,
      "Depth": 35,
      "C1_Depth": 1,
      "Demand": 5,
      "DemandMax": null,
      "Value": 60060,
      "CustomerId": 47,
      "Priority": 47,
      "Alpha": 2,
      "Beta": 2,
      "Density": 1643.304353,
      "Weight": 98.696859,
      "Stackable": 1
    },
    {
      "Length": 69,
      "C1_Length": 0,
      "Height": 20,
      "C1_Height": 1,
      "Depth": 32,
      "C1_Depth": 1,
      "Demand": 3,
      "DemandMax": null,
      "Value": 44160,
      "CustomerId": 49,
      "Priority": 49,
      "Alpha": 2,
      "Beta": 2,
      "Density": 1047.784945,
      "Weight": 46.270183,
      "Stackable": 1
    },
    {
      "Length": 78,
      "C1_Length": 0,
      "Height": 38,
      "C1_Height": 1,
      "Depth": 63,
      "C1_Depth": 1,
      "Demand": 1,
      "DemandMax": null,
      "Value": 186732,
      "CustomerId": 25,
      "Priority": 25,
      "Alpha": 2,
      "Beta": 2,
      "Density": 1293.143355,
      "Weight": 241.471245,
      "Stackable": 1
    },
    {
      "Length": 95,
      "C1_Length": 0,
      "Height": 47,
      "C1_Height": 1,
      "Depth": 77,
      "C1_Depth": 1,
      "Demand": 2,
      "DemandMax": null,
      "Value": 343805,
      "CustomerId": 8,
      "Priority": 8,
      "Alpha": 2,
      "Beta": 2,
      "Density": 1148.197856,
      "Weight": 394.756164,
      "Stackable": 1
    },
    {
      "Length": 40,
      "C1_Length": 1,
      "Height": 30,
      "C1_Height": 1,
      "Depth": 34,
      "C1_Depth": 1,
      "Demand": 4,
      "DemandMax": null,
      "Value": 40800,
      "CustomerId": 50,
      "Priority": 50,
      "Alpha": 2,
      "Beta": 2,
      "Density": 1430.670556,
      "Weight": 58.371359,
      "Stackable": 1
    },
    {
      "Length": 88,
      "C1_Length": 0,
      "Height": 20,
      "C1_Height": 1,
      "Depth": 42,
      "C1_Depth": 0,
      "Demand": 4,
      "DemandMax": null,
      "Value": 73920,
      "CustomerId": 46,
      "Priority": 46,
      "Alpha": 2,
      "Beta": 2,
      "Density": 1604.100421,
      "Weight": 118.575103,
      "Stackable": 1
    },
    {
      "Length": 103,
      "C1_Length": 1,
      "Height": 69,
      "C1_Height": 1,
      "Depth": 84,
      "C1_Depth": 1,
      "Demand": 5,
      "DemandMax": null,
      "Value": 596988,
      "CustomerId": 1,
      "Priority": 1,
      "Alpha": 2,
      "Beta": 2,
      "Density": 925.494685,
      "Weight": 552.509221,
      "Stackable": 1
    },
    {
      "Length": 119,
      "C1_Length": 0,
      "Height": 34,
      "C1_Height": 1,
      "Depth": 72,
      "C1_Depth": 0,
      "Demand": 2,
      "DemandMax": null,
      "Value": 291312,
      "CustomerId": 13,
      "Priority": 13,
      "Alpha": 2,
      "Beta": 2,
      "Density": 1407.738383,
      "Weight": 410.091084,
      "Stackable": 1
    },
    {
      "Length": 115,
      "C1_Length": 0,
      "Height": 47,
      "C1_Height": 1,
      "Depth": 61,
      "C1_Depth": 1,
      "Demand": 1,
      "DemandMax": null,
      "Value": 329705,
      "CustomerId": 9,
      "Priority": 9,
      "Alpha": 2,
      "Beta": 2,
      "Density": 892.928072,
      "Weight": 294.40285,
      "Stackable": 1
    },
    {
      "Length": 68,
      "C1_Length": 0,
      "Height": 28,
      "C1_Height": 1,
      "Depth": 50,
      "C1_Depth": 1,
      "Demand": 2,
      "DemandMax": null,
      "Value": 95200,
      "CustomerId": 43,
      "Priority": 43,
      "Alpha": 2,
      "Beta": 2,
      "Density": 919.845087,
      "Weight": 87.569252,
      "Stackable": 1
    },
    {
      "Length": 71,
      "C1_Length": 0,
      "Height": 24,
      "C1_Height": 1,
      "Depth": 63,
      "C1_Depth": 0,
      "Demand": 4,
      "DemandMax": null,
      "Value": 107352,
      "CustomerId": 39,
      "Priority": 39,
      "Alpha": 2,
      "Beta": 2,
      "Density": 717.153332,
      "Weight": 76.987845,
      "Stackable": 1
    },
    {
      "Length": 87,
      "C1_Length": 0,
      "Height": 40,
      "C1_Height": 1,
      "Depth": 68,
      "C1_Depth": 1,
      "Demand": 2,
      "DemandMax": null,
      "Value": 236640,
      "CustomerId": 21,
      "Priority": 21,
      "Alpha": 2,
      "Beta": 2,
      "Density": 1152.721544,
      "Weight": 272.780026,
      "Stackable": 1
    },
    {
      "Length": 96,
      "C1_Length": 0,
      "Height": 37,
      "C1_Height": 1,
      "Depth": 73,
      "C1_Depth": 1,
      "Demand": 3,
      "DemandMax": null,
      "Value": 259296,
      "CustomerId": 19,
      "Priority": 19,
      "Alpha": 2,
      "Beta": 2,
      "Density": 1152.428293,
      "Weight": 298.820047,
      "Stackable": 1
    },
    {
      "Length": 68,
      "C1_Length": 1,
      "Height": 45,
      "C1_Height": 1,
      "Depth": 67,
      "C1_Depth": 1,
      "Demand": 1,
      "DemandMax": null,
      "Value": 205020,
      "CustomerId": 24,
      "Priority": 24,
      "Alpha": 2,
      "Beta": 2,
      "Density": 1248.049852,
      "Weight": 255.875181,
      "Stackable": 1
    },
    {
      "Length": 106,
      "C1_Length": 1,
      "Height": 60,
      "C1_Height": 1,
      "Depth": 88,
      "C1_Depth": 1,
      "Demand": 2,
      "DemandMax": null,
      "Value": 559680,
      "CustomerId": 2,
      "Priority": 2,
      "Alpha": 2,
      "Beta": 2,
      "Density": 873.35273,
      "Weight": 488.798056,
      "Stackable": 1
    },
    {
      "Length": 96,
      "C1_Length": 0,
      "Height": 43,
      "C1_Height": 1,
      "Depth": 66,
      "C1_Depth": 1,
      "Demand": 4,
      "DemandMax": null,
      "Value": 272448,
      "CustomerId": 17,
      "Priority": 17,
      "Alpha": 2,
      "Beta": 2,
      "Density": 988.036287,
      "Weight": 269.18851,
      "Stackable": 1
    },
    {
      "Length": 98,
      "C1_Length": 0,
      "Height": 32,
      "C1_Height": 1,
      "Depth": 45,
      "C1_Depth": 1,
      "Demand": 2,
      "DemandMax": null,
      "Value": 141120,
      "CustomerId": 32,
      "Priority": 32,
      "Alpha": 2,
      "Beta": 2,
      "Density": 1261.230901,
      "Weight": 177.984905,
      "Stackable": 1
    },
    {
      "Length": 60,
      "C1_Length": 0,
      "Height": 27,
      "C1_Height": 1,
      "Depth": 58,
      "C1_Depth": 0,
      "Demand": 3,
      "DemandMax": null,
      "Value": 93960,
      "CustomerId": 44,
      "Priority": 44,
      "Alpha": 2,
      "Beta": 2,
      "Density": 1338.489534,
      "Weight": 125.764477,
      "Stackable": 1
    },
    {
      "Length": 92,
      "C1_Length": 0,
      "Height": 20,
      "C1_Height": 1,
      "Depth": 56,
      "C1_Depth": 0,
      "Demand": 4,
      "DemandMax": null,
      "Value": 103040,
      "CustomerId": 40,
      "Priority": 40,
      "Alpha": 2,
      "Beta": 2,
      "Density": 1274.614882,
      "Weight": 131.336317,
      "Stackable": 1
    },
    {
      "Length": 111,
      "C1_Length": 0,
      "Height": 22,
      "C1_Height": 1,
      "Depth": 54,
      "C1_Depth": 0,
      "Demand": 1,
      "DemandMax": null,
      "Value": 131868,
      "CustomerId": 35,
      "Priority": 35,
      "Alpha": 2,
      "Beta": 2,
      "Density": 1589.762863,
      "Weight": 209.638849,
      "Stackable": 1
    },
    {
      "Length": 54,
      "C1_Length": 1,
      "Height": 43,
      "C1_Height": 1,
      "Depth": 43,
      "C1_Depth": 1,
      "Demand": 4,
      "DemandMax": null,
      "Value": 99846,
      "CustomerId": 42,
      "Priority": 42,
      "Alpha": 2,
      "Beta": 2,
      "Density": 1234.940385,
      "Weight": 123.303858,
      "Stackable": 1
    },
    {
      "Length": 119,
      "C1_Length": 0,
      "Height": 52,
      "C1_Height": 1,
      "Depth": 61,
      "C1_Depth": 1,
      "Demand": 3,
      "DemandMax": null,
      "Value": 377468,
      "CustomerId": 6,
      "Priority": 6,
      "Alpha": 2,
      "Beta": 2,
      "Density": 1321.359791,
      "Weight": 498.771038,
      "Stackable": 1
    },
    {
      "Length": 91,
      "C1_Length": 1,
      "Height": 51,
      "C1_Height": 1,
      "Depth": 64,
      "C1_Depth": 1,
      "Demand": 1,
      "DemandMax": null,
      "Value": 297024,
      "CustomerId": 12,
      "Priority": 12,
      "Alpha": 2,
      "Beta": 2,
      "Density": 1358.542059,
      "Weight": 403.519597,
      "Stackable": 1
    },
    {
      "Length": 100,
      "C1_Length": 0,
      "Height": 27,
      "C1_Height": 1,
      "Depth": 43,
      "C1_Depth": 1,
      "Demand": 3,
      "DemandMax": null,
      "Value": 116100,
      "CustomerId": 38,
      "Priority": 38,
      "Alpha": 2,
      "Beta": 2,
      "Density": 1148.520306,
      "Weight": 133.343208,
      "Stackable": 1
    },
    {
      "Length": 42,
      "C1_Length": 1,
      "Height": 32,
      "C1_Height": 1,
      "Depth": 36,
      "C1_Depth": 1,
      "Demand": 2,
      "DemandMax": null,
      "Value": 48384,
      "CustomerId": 48,
      "Priority": 48,
      "Alpha": 2,
      "Beta": 2,
      "Density": 672.889956,
      "Weight": 32.557108,
      "Stackable": 1
    },
    {
      "Length": 79,
      "C1_Length": 1,
      "Height": 51,
      "C1_Height": 1,
      "Depth": 64,
      "C1_Depth": 1,
      "Demand": 2,
      "DemandMax": null,
      "Value": 257856,
      "CustomerId": 20,
      "Priority": 20,
      "Alpha": 2,
      "Beta": 2,
      "Density": 1647.958738,
      "Weight": 424.936048,
      "Stackable": 1
    },
    {
      "Length": 71,
      "C1_Length": 0,
      "Height": 34,
      "C1_Height": 1,
      "Depth": 58,
      "C1_Depth": 1,
      "Demand": 5,
      "DemandMax": null,
      "Value": 140012,
      "CustomerId": 33,
      "Priority": 33,
      "Alpha": 2,
      "Beta": 2,
      "Density": 1337.751399,
      "Weight": 187.301249,
      "Stackable": 1
    },
    {
      "Length": 92,
      "C1_Length": 0,
      "Height": 32,
      "C1_Height": 1,
      "Depth": 60,
      "C1_Depth": 1,
      "Demand": 4,
      "DemandMax": null,
      "Value": 176640,
      "CustomerId": 28,
      "Priority": 28,
      "Alpha": 2,
      "Beta": 2,
      "Density": 764.080659,
      "Weight": 134.967208,
      "Stackable": 1
    },
    {
      "Length": 98,
      "C1_Length": 1,
      "Height": 58,
      "C1_Height": 1,
      "Depth": 61,
      "C1_Depth": 1,
      "Demand": 1,
      "DemandMax": null,
      "Value": 346724,
      "CustomerId": 7,
      "Priority": 7,
      "Alpha": 2,
      "Beta": 2,
      "Density": 819.527455,
      "Weight": 284.149837,
      "Stackable": 1
    },
    {
      "Length": 93,
      "C1_Length": 0,
      "Height": 41,
      "C1_Height": 1,
      "Depth": 80,
      "C1_Depth": 1,
      "Demand": 5,
      "DemandMax": null,
      "Value": 305040,
      "CustomerId": 10,
      "Priority": 10,
      "Alpha": 2,
      "Beta": 2,
      "Density": 838.600882,
      "Weight": 255.806813,
      "Stackable": 1
    },
    {
      "Length": 97,
      "C1_Length": 0,
      "Height": 39,
      "C1_Height": 1,
      "Depth": 43,
      "C1_Depth": 1,
      "Demand": 3,
      "DemandMax": null,
      "Value": 162669,
      "CustomerId": 30,
      "Priority": 30,
      "Alpha": 2,
      "Beta": 2,
      "Density": 943.819228,
      "Weight": 153.53013,
      "Stackable": 1
    },
    {
      "Length": 80,
      "C1_Length": 0,
      "Height": 33,
      "C1_Height": 1,
      "Depth": 48,
      "C1_Depth": 1,
      "Demand": 1,
      "DemandMax": null,
      "Value": 126720,
      "CustomerId": 37,
      "Priority": 37,
      "Alpha": 2,
      "Beta": 2,
      "Density": 838.964019,
      "Weight": 106.31352,
      "Stackable": 1
    },
    {
      "Length": 104,
      "C1_Length": 0,
      "Height": 40,
      "C1_Height": 1,
      "Depth": 73,
      "C1_Depth": 1,
      "Demand": 1,
      "DemandMax": null,
      "Value": 303680,
      "CustomerId": 11,
      "Priority": 11,
      "Alpha": 2,
      "Beta": 2,
      "Density": 1261.118554,
      "Weight": 382.976482,
      "Stackable": 1
    },
    {
      "Length": 112,
      "C1_Length": 0,
      "Height": 47,
      "C1_Height": 1,
      "Depth": 79,
      "C1_Depth": 1,
      "Demand": 4,
      "DemandMax": null,
      "Value": 415856,
      "CustomerId": 4,
      "Priority": 4,
      "Alpha": 2,
      "Beta": 2,
      "Density": 1441.720451,
      "Weight": 599.5481,
      "Stackable": 1
    },
    {
      "Length": 100,
      "C1_Length": 0,
      "Height": 44,
      "C1_Height": 1,
      "Depth": 61,
      "C1_Depth": 1,
      "Demand": 3,
      "DemandMax": null,
      "Value": 268400,
      "CustomerId": 18,
      "Priority": 18,
      "Alpha": 2,
      "Beta": 2,
      "Density": 902.886613,
      "Weight": 242.334767,
      "Stackable": 1
    },
    {
      "Length": 87,
      "C1_Length": 1,
      "Height": 46,
      "C1_Height": 1,
      "Depth": 72,
      "C1_Depth": 1,
      "Demand": 2,
      "DemandMax": null,
      "Value": 288144,
      "CustomerId": 14,
      "Priority": 14,
      "Alpha": 2,
      "Beta": 2,
      "Density": 1478.376265,
      "Weight": 425.98525,
      "Stackable": 1
    },
    {
      "Length": 98,
      "C1_Length": 0,
      "Height": 27,
      "C1_Height": 1,
      "Depth": 85,
      "C1_Depth": 0,
      "Demand": 2,
      "DemandMax": null,
      "Value": 224910,
      "CustomerId": 22,
      "Priority": 22,
      "Alpha": 2,
      "Beta": 2,
      "Density": 1128.068135,
      "Weight": 253.713804,
      "Stackable": 1
    },
    {
      "Length": 89,
      "C1_Length": 1,
      "Height": 67,
      "C1_Height": 1,
      "Depth": 70,
      "C1_Depth": 1,
      "Demand": 4,
      "DemandMax": null,
      "Value": 417410,
      "CustomerId": 3,
      "Priority": 3,
      "Alpha": 2,
      "Beta": 2,
      "Density": 1233.997144,
      "Weight": 515.082748,
      "Stackable": 1
    },
    {
      "Length": 87,
      "C1_Length": 0,
      "Height": 31,
      "C1_Height": 1,
      "Depth": 48,
      "C1_Depth": 1,
      "Demand": 1,
      "DemandMax": null,
      "Value": 129456,
      "CustomerId": 36,
      "Priority": 36,
      "Alpha": 2,
      "Beta": 2,
      "Density": 847.910265,
      "Weight": 109.767071,
      "Stackable": 1
    },
    {
      "Length": 99,
      "C1_Length": 0,
      "Height": 32,
      "C1_Height": 1,
      "Depth": 45,
      "C1_Depth": 1,
      "Demand": 2,
      "DemandMax": null,
      "Value": 142560,
      "CustomerId": 31,
      "Priority": 31,
      "Alpha": 2,
      "Beta": 2,
      "Density": 1267.122138,
      "Weight": 180.640932,
      "Stackable": 1
    },
    {
      "Length": 72,
      "C1_Length": 1,
      "Height": 50,
      "C1_Height": 1,
      "Depth": 62,
      "C1_Depth": 1,
      "Demand": 2,
      "DemandMax": null,
      "Value": 223200,
      "CustomerId": 23,
      "Priority": 23,
      "Alpha": 2,
      "Beta": 2,
      "Density": 889.575266,
      "Weight": 198.553199,
      "Stackable": 1
    },
    {
      "Length": 110,
      "C1_Length": 0,
      "Height": 34,
      "C1_Height": 1,
      "Depth": 45,
      "C1_Depth": 1,
      "Demand": 3,
      "DemandMax": null,
      "Value": 168300,
      "CustomerId": 29,
      "Priority": 29,
      "Alpha": 2,
      "Beta": 2,
      "Density": 1381.81958,
      "Weight": 232.560235,
      "Stackable": 1
    }
  ],
  "Modification": {
    "family": "BR-Modified",
    "seed": 123,
    "weight_model": "beta_density",
    "alpha": 2,
    "beta": 2,
    "Pmax_kg": 28200.0,
    "target_util": 0.8,
    "container_dims": {
      "L": 587,
      "W": 233,
      "H": 220
    },
    "Dc_kg_per_m3": 1171.500338,
    "Dcmin": 585.750169,
    "Dcmax": 1757.250507,
    "customer_rule": "per-type by volume desc; heavy -> higher customer_id/priority",
    "stackable_rule": "type-level Bernoulli(p_nonstackable=0.01)"
  }
}