{
  "Name": "70",
  "Objects": [
    {
      "Length": 587,
      "Height": 233,
      "Depth": 220,
      "Stock": null,
      "Cost": 30089620
    }
  ],
  "Items": [
    {
      "Length": 56,
      "C1_Length": 0,
      "Height": 28,
      "C1_Height": 1,
      "Depth": 32,
      "C1_Depth": 1,
      "Demand": 2,
      "DemandMax": null,
      "Value": 50176,
      "CustomerId": 48,
      "Priority": 48,
      "Alpha": 2,
      "Beta": 2,
      "Density": 1343.187166,
      "Weight": 67.395759,
      "Stackable": 1
    },
    {
      "Length": 92,
      "C1_Length": 0,
      "Height": 39,
      "C1_Height": 1,
      "Depth": 68,
      "C1_Depth": 1,
      "Demand": 3,
      "DemandMax": null,
      "Value": 243984,
      "CustomerId": 21,
      "Priority": 21,
      "Alpha": 2,
      "Beta": 2,
      "Density": 755.814499,
      "Weight": 184.406645,
      "Stackable": 1
    },
    {
      "Length": 90,
      "C1_Length": 0,
      "Height": 29,
      "C1_Height": 1,
      "Depth": 86,
      "C1_Depth": 0,
      "Demand": 3,
      "DemandMax": null,
      "Value": 224460,
      "CustomerId": 26,
      "Priority": 26,
      "Alpha": 2,
      "Beta": 2,
      "Density": 742.405317,
      "Weight": 166.640297,
      "Stackable": 1
    },
    {
      "Length": 73,
      "C1_Length": 1,
      "Height": 52,
      "C1_Height": 1,
      "Depth": 54,
      "C1_Depth": 1,
      "Demand": 2,
      "DemandMax": null,
      "Value": 204984,
      "CustomerId": 28,
      "Priority": 28,
      "Alpha": 2,
      "Beta": 2,
      "Density": 1377.90196,
      "Weight": 282.447855,
      "Stackable": 1
    },
    {
      "Length": 114,
      "C1_Length": 0,
      "Height": 45,
      "C1_Height": 1,
      "Depth": 100,
      "C1_Depth": 0,
      "Demand": 1,
      "DemandMax": null,
      "Value": 513000,
      "CustomerId": 2,
      "Priority": 2,
      "Alpha": 2,
      "Beta": 2,
      "Density": 1009.773376,
      "Weight": 518.013742,
      "Stackable": 1
    },
    {
      "Length": 94,
      "C1_Length": 0,
      "Height": 36,
      "C1_Height": 1,
      "Depth": 51,
      "C1_Depth": 1,
      "Demand": 2,
      "DemandMax": null,
      "Value": 172584,
      "CustomerId": 38,
      "Priority": 38,
      "Alpha": 2,
      "Beta": 2,
      "Density": 1163.710558,
      "Weight": 200.837823,
      "Stackable": 1
    },
    {
      "Length": 108,
      "C1_Length": 0,
      "Height": 38,
      "C1_Height": 1,
      "Depth": 59,
      "C1_Depth": 1,
      "Demand": 3,
      "DemandMax": null,
      "Value": 242136,
      "CustomerId": 22,
      "Priority": 22,
      "Alpha": 2,
      "Beta": 2,
      "Density": 937.322799,
      "Weight": 226.959593,
      "Stackable": 1
    },
    {
      "Length": 89,
      "C1_Length": 1,
      "Height": 61,
      "C1_Height": 1,
      "Depth": 82,
      "C1_Depth": 1,
      "Demand": 4,
      "DemandMax": null,
      "Value": 445178,
      "CustomerId": 5,
      "Priority": 5,
      "Alpha": 2,
      "Beta": 2,
      "Density": 957.511442,
      "Weight": 426.263029,
      "Stackable": 1
    },
    {
      "Length": 81,
      "C1_Length": 1,
      "Height": 43,
      "C1_Height": 1,
      "Depth": 71,
      "C1_Depth": 1,
      "Demand": 1,
      "DemandMax": null,
      "Value": 247293,
      "CustomerId": 17,
      "Priority": 17,
      "Alpha": 2,
      "Beta": 2,
      "Density": 1122.777662,
      "Weight": 277.655056,
      "Stackable": 0
    },
    {
      "Length": 61,
      "C1_Length": 1,
      "Height": 37,
      "C1_Height": 1,
      "Depth": 53,
      "C1_Depth": 1,
      "Demand": 2,
      "DemandMax": null,
      "Value": 119621,
      "CustomerId": 41,
      "Priority": 41,
      "Alpha": 2,
      "Beta": 2,
      "Density": 1018.875425,
      "Weight": 121.878897,
      "Stackable": 1
    },
    {
      "Length": 85,
      "C1_Length": 1,
      "Height": 58,
      "C1_Height": 1,
      "Depth": 70,
      "C1_Depth": 1,
      "Demand": 4,
      "DemandMax": null,
      "Value": 345100,
      "CustomerId": 9,
      "Priority": 9,
      "Alpha": 2,
      "Beta": 2,
      "Density": 1102.70785,
      "Weight": 380.544479,
      "Stackable": 1
    },
    {
      "Length": 111,
      "C1_Length": 0,
      "Height": 39,
      "C1_Height": 1,
      "Depth": 98,
      "C1_Depth": 0,
      "Demand": 2,
      "DemandMax": null,
      "Value": 424242,
      "CustomerId": 6,
      "Priority": 6,
      "Alpha": 2,
      "Beta": 2,
      "Density": 1306.494557,
      "Weight": 554.269864,
      "Stackable": 1
    },
    {
      "Length": 66,
      "C1_Length": 1,
      "Height": 59,
      "C1_Height": 1,
      "Depth": 62,
      "C1_Depth": 1,
      "Demand": 1,
      "DemandMax": null,
      "Value": 241428,
      "CustomerId": 23,
      "Priority": 23,
      "Alpha": 2,
      "Beta": 2,
      "Density": 1651.574193,
      "Weight": 398.736254,
      "Stackable": 1
    },
    {
      "Length": 117,
      "C1_Length": 0,
      "Height": 49,
      "C1_Height": 1,
      "Depth": 87,
      "C1_Depth": 1,
      "Demand": 2,
      "DemandMax": null,
      "Value": 498771,
      "CustomerId": 3,
      "Priority": 3,
      "Alpha": 2,
      "Beta": 2,
      "Density": 1003.95037,
      "Weight": 500.74133,
      "Stackable": 1
    },
    {
      "Length": 70,
      "C1_Length": 1,
      "Height": 40,
      "C1_Height": 1,
      "Depth": 62,
      "C1_Depth": 1,
      "Demand": 3,
      "DemandMax": null,
      "Value": 173600,
      "CustomerId": 37,
      "Priority": 37,
      "Alpha": 2,
      "Beta": 2,
      "Density": 817.295736,
      "Weight": 141.88254,
      "Stackable": 1
    },
    {
      "Length": 36,
      "C1_Length": 1,
      "Height": 30,
      "C1_Height": 1,
      "Depth": 30,
      "C1_Depth": 1,
      "Demand": 2,
      "DemandMax": null,
      "Value": 32400,
      "CustomerId": 50,
      "Priority": 50,
      "Alpha": 2,
      "Beta": 2,
      "Density": 1585.51748,
      "Weight": 51.370766,
      "Stackable": 0
    },
    {
      "Length": 80,
      "C1_Length": 1,
      "Height": 57,
      "C1_Height": 1,
      "Depth": 62,
      "C1_Depth": 1,
      "Demand": 2,
      "DemandMax": null,
      "Value": 282720,
      "CustomerId": 13,
      "Priority": 13,
      "Alpha": 2,
      "Beta": 2,
      "Density": 1070.938959,
      "Weight": 302.775863,
      "Stackable": 1
    },
    {
      "Length": 73,
      "C1_Length": 1,
      "Height": 54,
      "C1_Height": 1,
      "Depth": 72,
      "C1_Depth": 1,
      "Demand": 3,
      "DemandMax": null,
      "Value": 283824,
      "CustomerId": 12,
      "Priority": 12,
      "Alpha": 2,
      "Beta": 2,
      "Density": 1089.479271,
      "Weight": 309.220365,
      "Stackable": 1
    },
    {
      "Length": 89,
      "C1_Length": 0,
      "Height": 41,
      "C1_Height": 1,
      "Depth": 67,
      "C1_Depth": 1,
      "Demand": 4,
      "DemandMax": null,
      "Value": 244483,
      "CustomerId": 20,
      "Priority": 20,
      "Alpha": 2,
      "Beta": 2,
      "Density": 1564.40938,
      "Weight": 382.471498,
      "Stackable": 1
    },
    {
      "Length": 82,
      "C1_Length": 0,
      "Height": 38,
      "C1_Height": 1,
      "Depth": 51,
      "C1_Depth": 1,
      "Demand": 4,
      "DemandMax": null,
      "Value": 158916,
      "CustomerId": 39,
      "Priority": 39,
      "Alpha": 2,
      "Beta": 2,
      "Density": 1376.355149,
      "Weight": 218.724855,
      "Stackable": 1
    },
    {
      "Length": 110,
      "C1_Length": 0,
      "Height": 42,
      "C1_Height": 1,
      "Depth": 47,
      "C1_Depth": 1,
      "Demand": 6,
      "DemandMax": null,
      "Value": 217140,
      "CustomerId": 27,
      "Priority": 27,
      "Alpha": 2,
      "Beta": 2,
      "Density": 710.94749,
      "Weight": 154.375138,
      "Stackable": 1
    },
    {
      "Length": 82,
      "C1_Length": 0,
      "Height": 35,
      "C1_Height": 1,
      "Depth": 61,
      "C1_Depth": 1,
      "Demand": 1,
      "DemandMax": null,
      "Value": 175070,
      "CustomerId": 34,
      "Priority": 34,
      "Alpha": 2,
      "Beta": 2,
      "Density": 1372.998482,
      "Weight": 240.370844,
      "Stackable": 1
    },
    {
      "Length": 102,
      "C1_Length": 1,
      "Height": 62,
      "C1_Height": 1,
      "Depth": 100,
      "C1_Depth": 1,
      "Demand": 3,
      "DemandMax": null,
      "Value": 632400,
      "CustomerId": 1,
      "Priority": 1,
      "Alpha": 2,
      "Beta": 2,
      "Density": 1612.89414,
      "Weight": 1019.994254,
      "Stackable": 1
    },
    {
      "Length": 91,
      "C1_Length": 0,
      "Height": 42,
      "C1_Height": 1,
      "Depth": 50,
      "C1_Depth": 1,
      "Demand": 4,
      "DemandMax": null,
      "Value": 191100,
      "CustomerId": 31,
      "Priority": 31,
      "Alpha": 2,
      "Beta": 2,
      "Density": 1142.924498,
      "Weight": 218.412872,
      "Stackable": 1
    },
    {
      "Length": 74,
      "C1_Length": 1,
      "Height": 38,
      "C1_Height": 1,
      "Depth": 62,
      "C1_Depth": 1,
      "Demand": 3,
      "DemandMax": null,
      "Value": 174344,
      "CustomerId": 35,
      "Priority": 35,
      "Alpha": 2,
      "Beta": 2,
      "Density": 1557.06554,
      "Weight": 271.465035,
      "Stackable": 1
    },
    {
      "Length": 66,
      "C1_Length": 1,
      "Height": 50,
      "C1_Height": 1,
      "Depth": 61,
      "C1_Depth": 1,
      "Demand": 1,
      "DemandMax": null,
      "Value": 201300,
      "CustomerId": 29,
      "Priority": 29,
      "Alpha": 2,
      "Beta": 2,
      "Density": 994.845146,
      "Weight": 200.262328,
      "Stackable": 1
    },
    {
      "Length": 84,
      "C1_Length": 1,
      "Height": 44,
      "C1_Height": 1,
      "Depth": 67,
      "C1_Depth": 1,
      "Demand": 6,
      "DemandMax": null,
      "Value": 247632,
      "CustomerId": 16,
      "Priority": 16,
      "Alpha": 2,
      "Beta": 2,
      "Density": 1538.119539,
      "Weight": 380.887618,
      "Stackable": 1
    },
    {
      "Length": 78,
      "C1_Length": 1,
      "Height": 56,
      "C1_Height": 1,
      "Depth": 56,
      "C1_Depth": 1,
      "Demand": 1,
      "DemandMax": null,
      "Value": 244608,
      "CustomerId": 19,
      "Priority": 19,
      "Alpha": 2,
      "Beta": 2,
      "Density": 1106.645121,
      "Weight": 270.69425,
      "Stackable": 1
    },
    {
      "Length": 64,
      "C1_Length": 1,
      "Height": 52,
      "C1_Height": 1,
      "Depth": 53,
      "C1_Depth": 1,
      "Demand": 2,
      "DemandMax": null,
      "Value": 176384,
      "CustomerId": 33,
      "Priority": 33,
      "Alpha": 2,
      "Beta": 2,
      "Density": 691.880035,
      "Weight": 122.036568,
      "Stackable": 1
    },
    {
      "Length": 39,
      "C1_Length": 1,
      "Height": 30,
      "C1_Height": 1,
      "Depth": 33,
      "C1_Depth": 1,
      "Demand": 7,
      "DemandMax": null,
      "Value": 38610,
      "CustomerId": 49,
      "Priority": 49,
      "Alpha": 2,
      "Beta": 2,
      "Density": 1445.170133,
      "Weight": 55.798019,
      "Stackable": 1
    },
    {
      "Length": 55,
      "C1_Length": 1,
      "Height": 29,
      "C1_Height": 1,
      "Depth": 38,
      "C1_Depth": 1,
      "Demand": 4,
      "DemandMax": null,
      "Value": 60610,
      "CustomerId": 46,
      "Priority": 46,
      "Alpha": 2,
      "Beta": 2,
      "Density": 595.459191,
      "Weight": 36.090782,
      "Stackable": 1
    },
    {
      "Length": 76,
      "C1_Length": 1,
      "Height": 46,
      "C1_Height": 1,
      "Depth": 69,
      "C1_Depth": 1,
      "Demand": 3,
      "DemandMax": null,
      "Value": 241224,
      "CustomerId": 24,
      "Priority": 24,
      "Alpha": 2,
      "Beta": 2,
      "Density": 1114.631125,
      "Weight": 268.875778,
      "Stackable": 1
    },
    {
      "Length": 115,
      "C1_Length": 0,
      "Height": 26,
      "C1_Height": 1,
      "Depth": 44,
      "C1_Depth": 1,
      "Demand": 3,
      "DemandMax": null,
      "Value": 131560,
      "CustomerId": 40,
      "Priority": 40,
      "Alpha": 2,
      "Beta": 2,
      "Density": 1192.420212,
      "Weight": 156.874803,
      "Stackable": 1
    },
    {
      "Length": 75,
      "C1_Length": 0,
      "Height": 30,
      "C1_Height": 1,
      "Depth": 39,
      "C1_Depth": 1,
      "Demand": 1,
      "DemandMax": null,
      "Value": 87750,
      "CustomerId": 44,
      "Priority": 44,
      "Alpha": 2,
      "Beta": 2,
      "Density": 1249.620784,
      "Weight": 109.654224,
      "Stackable": 1
    },
    {
      "Length": 77,
      "C1_Length": 0,
      "Height": 31,
      "C1_Height": 1,
      "Depth": 73,
      "C1_Depth": 0,
      "Demand": 3,
      "DemandMax": null,
      "Value": 174251,
      "CustomerId": 36,
      "Priority": 36,
      "Alpha": 2,
      "Beta": 2,
      "Density": 893.619846,
      "Weight": 155.714152,
      "Stackable": 1
    },
    {
      "Length": 67,
      "C1_Length": 1,
      "Height": 56,
      "C1_Height": 1,
      "Depth": 63,
      "C1_Depth": 1,
      "Demand": 2,
      "DemandMax": null,
      "Value": 236376,
      "CustomerId": 25,
      "Priority": 25,
      "Alpha": 2,
      "Beta": 2,
      "Density": 1446.672987,
      "Weight": 341.958774,
      "Stackable": 1
    },
    {
      "Length": 99,
      "C1_Length": 1,
      "Height": 56,
      "C1_Height": 1,
      "Depth": 87,
      "C1_Depth": 1,
      "Demand": 1,
      "DemandMax": null,
      "Value": 482328,
      "CustomerId": 4,
      "Priority": 4,
      "Alpha": 2,
      "Beta": 2,
      "Density": 1506.59526,
      "Weight": 726.673078,
      "Stackable": 1
    },
    {
      "Length": 109,
      "C1_Length": 0,
      "Height": 41,
      "C1_Height": 1,
      "Depth": 55,
      "C1_Depth": 1,
      "Demand": 3,
      "DemandMax": null,
      "Value": 245795,
      "CustomerId": 18,
      "Priority": 18,
      "Alpha": 2,
      "Beta": 2,
      "Density": 1422.336838,
      "Weight": 349.603283,
      "Stackable": 1
    },
    {
      "Length": 88,
      "C1_Length": 0,
      "Height": 30,
      "C1_Height": 1,
      "Depth": 75,
      "C1_Depth": 0,
      "Demand": 2,
      "DemandMax": null,
      "Value": 198000,
      "CustomerId": 30,
      "Priority": 30,
      "Alpha": 2,
      "Beta": 2,
      "Density": 1646.715264,
      "Weight": 326.049622,
      "Stackable": 1
    },
    {
      "Length": 63,
      "C1_Length": 1,
      "Height": 32,
      "C1_Height": 1,
      "Depth": 38,
      "C1_Depth": 1,
      "Demand": 1,
      "DemandMax": null,
      "Value": 76608,
      "CustomerId": 45,
      "Priority": 45,
      "Alpha": 2,
      "Beta": 2,
      "Density": 1025.296615,
      "Weight": 78.545923,
      "Stackable": 1
    },
    {
      "Length": 103,
      "C1_Length": 0,
      "Height": 49,
      "C1_Height": 1,
      "Depth": 53,
      "C1_Depth": 1,
      "Demand": 1,
      "DemandMax": null,
      "Value": 267491,
      "CustomerId": 14,
      "Priority": 14,
      "Alpha": 2,
      "Beta": 2,
      "Density": 1281.701378,
      "Weight": 342.843583,
      "Stackable": 1
    },
    {
      "Length": 84,
      "C1_Length": 1,
      "Height": 51,
      "C1_Height": 1,
      "Depth": 74,
      "C1_Depth": 1,
      "Demand": 3,
      "DemandMax": null,
      "Value": 317016,
      "CustomerId": 11,
      "Priority": 11,
      "Alpha": 2,
      "Beta": 2,
      "Density": 1262.362353,
      "Weight": 400.189064,
      "Stackable": 1
    },
    {
      "Length": 88,
      "C1_Length": 0,
      "Height": 22,
      "C1_Height": 1,
      "Depth": 29,
      "C1_Depth": 1,
      "Demand": 5,
      "DemandMax": null,
      "Value": 56144,
      "CustomerId": 47,
      "Priority": 47,
      "Alpha": 2,
      "Beta": 2,
      "Density": 1557.052284,
      "Weight": 87.419143,
      "Stackable": 1
    },
    {
      "Length": 101,
      "C1_Length": 1,
      "Height": 61,
      "C1_Height": 1,
      "Depth": 62,
      "C1_Depth": 1,
      "Demand": 5,
      "DemandMax": null,
      "Value": 381982,
      "CustomerId": 7,
      "Priority": 7,
      "Alpha": 2,
      "Beta": 2,
      "Density": 1288.104541,
      "Weight": 492.032749,
      "Stackable": 1
    },
    {
      "Length": 111,
      "C1_Length": 0,
      "Height": 45,
      "C1_Height": 1,
      "Depth": 64,
      "C1_Depth": 1,
      "Demand": 1,
      "DemandMax": null,
      "Value": 319680,
      "CustomerId": 10,
      "Priority": 10,
      "Alpha": 2,
      "Beta": 2,
      "Density": 1636.91076,
      "Weight": 523.287632,
      "Stackable": 1
    },
    {
      "Length": 55,
      "C1_Length": 1,
      "Height": 43,
      "C1_Height": 1,
      "Depth": 46,
      "C1_Depth": 1,
      "Demand": 2,
      "DemandMax": null,
      "Value": 108790,
      "CustomerId": 42,
      "Priority": 42,
      "Alpha": 2,
      "Beta": 2,
      "Density": 1115.217612,
      "Weight": 121.324524,
      "Stackable": 1
    },
    {
      "Length": 89,
      "C1_Length": 1,
      "Height": 52,
      "C1_Height": 1,
      "Depth": 54,
      "C1_Depth": 1,
      "Demand": 3,
      "DemandMax": null,
      "Value": 249912,
      "CustomerId": 15,
      "Priority": 15,
      "Alpha": 2,
      "Beta": 2,
      "Density": 1121.468356,
      "Weight": 280.2684,
      "Stackable": 1
    },
    {
      "Length": 116,
      "C1_Length": 0,
      "Height": 50,
      "C1_Height": 1,
      "Depth": 63,
      "C1_Depth": 1,
      "Demand": 1,
      "DemandMax": null,
      "Value": 365400,
      "CustomerId": 8,
      "Priority": 8,
      "Alpha": 2,
      "Beta": 2,
      "Density": 1024.909791,
      "Weight": 374.502038,
      "Stackable": 1
    },
    {
      "Length": 96,
      "C1_Length": 0,
      "Height": 27,
      "C1_Height": 1,
      "Depth": 37,
      "C1_Depth": 1,
      "Demand": 3,
      "DemandMax": null,
      "Value": 95904,
      "CustomerId": 43,
      "Priority": 43,
      "Alpha": 2,
      "Beta": 2,
      "Density": 1494.191773,
      "Weight": 143.298968,
      "Stackable": 1
    },
    {
      "Length": 65,
      "C1_Length": 1,
      "Height": 43,
      "C1_Height": 1,
      "Depth": 65,
      "C1_Depth": 1,
      "Demand": 2,
      "DemandMax": null,
      "Value": 181675,
      "CustomerId": 32,
      "Priority": 32,
      "Alpha": 2,
      "Beta": 2,
      "Density": 1498.954197,
      "Weight": 272.322504,
      "Stackable": 1
    }
  ],
  "Modification": {
    "family": "BR-Modified",
    "seed": 123,
    "weight_model": "beta_density",
    "alpha": 2,
    "beta": 2,
    "Pmax_kg": 28200.0,
    "target_util": 0.8,
    "container_dims": {
      "L": 587,
      "W": 233,
      "H": 220
    },
    "Dc_kg_per_m3": 1171.500338,
    "Dcmin": 585.750169,
    "Dcmax": 1757.250507,
    "customer_rule": "per-type by volume desc; heavy -> higher customer_id/priority",
    "stackable_rule": "type-level Bernoulli(p_nonstackable=0.01)"
  }
}