{
  "Name": "85",
  "Objects": [
    {
      "Length": 587,
      "Height": 233,
      "Depth": 220,
      "Stock": null,
      "Cost": 30089620
    }
  ],
  "Items": [
    {
      "Length": 55,
      "C1_Length": 0,
      "Height": 22,
      "C1_Height": 1,
      "Depth": 37,
      "C1_Depth": 1,
      "Demand": 4,
      "DemandMax": null,
      "Value": 44770,
      "CustomerId": 50,
      "Priority": 50,
      "Alpha": 2,
      "Beta": 2,
      "Density": 1130.175841,
      "Weight": 50.597972,
      "Stackable": 1
    },
    {
      "Length": 72,
      "C1_Length": 0,
      "Height": 31,
      "C1_Height": 1,
      "Depth": 55,
      "C1_Depth": 1,
      "Demand": 1,
      "DemandMax": null,
      "Value": 122760,
      "CustomerId": 36,
      "Priority": 36,
      "Alpha": 2,
      "Beta": 2,
      "Density": 1079.24611,
      "Weight": 132.488252,
      "Stackable": 1
    },
    {
      "Length": 61,
      "C1_Length": 1,
      "Height": 36,
      "C1_Height": 1,
      "Depth": 56,
      "C1_Depth": 1,
      "Demand": 2,
      "DemandMax": null,
      "Value": 122976,
      "CustomerId": 35,
      "Priority": 35,
      "Alpha": 2,
      "Beta": 2,
      "Density": 663.000828,
      "Weight": 81.53319,
      "Stackable": 1
    },
    {
      "Length": 76,
      "C1_Length": 0,
      "Height": 22,
      "C1_Height": 1,
      "Depth": 72,
      "C1_Depth": 0,
      "Demand": 1,
      "DemandMax": null,
      "Value": 120384,
      "CustomerId": 37,
      "Priority": 37,
      "Alpha": 2,
      "Beta": 2,
      "Density": 976.730398,
      "Weight": 117.582712,
      "Stackable": 1
    },
    {
      "Length": 74,
      "C1_Length": 1,
      "Height": 61,
      "C1_Height": 1,
      "Depth": 66,
      "C1_Depth": 1,
      "Demand": 4,
      "DemandMax": null,
      "Value": 297924,
      "CustomerId": 12,
      "Priority": 12,
      "Alpha": 2,
      "Beta": 2,
      "Density": 1087.953315,
      "Weight": 324.127403,
      "Stackable": 1
    },
    {
      "Length": 43,
      "C1_Length": 1,
      "Height": 32,
      "C1_Height": 1,
      "Depth": 39,
      "C1_Depth": 1,
      "Demand": 3,
      "DemandMax": null,
      "Value": 53664,
      "CustomerId": 48,
      "Priority": 48,
      "Alpha": 2,
      "Beta": 2,
      "Density": 1417.313473,
      "Weight": 76.05871,
      "Stackable": 1
    },
    {
      "Length": 108,
      "C1_Length": 0,
      "Height": 27,
      "C1_Height": 1,
      "Depth": 98,
      "C1_Depth": 0,
      "Demand": 3,
      "DemandMax": null,
      "Value": 285768,
      "CustomerId": 13,
      "Priority": 13,
      "Alpha": 2,
      "Beta": 2,
      "Density": 898.181221,
      "Weight": 256.671451,
      "Stackable": 1
    },
    {
      "Length": 109,
      "C1_Length": 1,
      "Height": 65,
      "C1_Height": 1,
      "Depth": 73,
      "C1_Depth": 1,
      "Demand": 4,
      "DemandMax": null,
      "Value": 517205,
      "CustomerId": 4,
      "Priority": 4,
      "Alpha": 2,
      "Beta": 2,
      "Density": 814.661789,
      "Weight": 421.347151,
      "Stackable": 1
    },
    {
      "Length": 97,
      "C1_Length": 0,
      "Height": 40,
      "C1_Height": 1,
      "Depth": 92,
      "C1_Depth": 0,
      "Demand": 1,
      "DemandMax": null,
      "Value": 356960,
      "CustomerId": 10,
      "Priority": 10,
      "Alpha": 2,
      "Beta": 2,
      "Density": 1029.613001,
      "Weight": 367.530657,
      "Stackable": 1
    },
    {
      "Length": 109,
      "C1_Length": 1,
      "Height": 62,
      "C1_Height": 1,
      "Depth": 80,
      "C1_Depth": 1,
      "Demand": 3,
      "DemandMax": null,
      "Value": 540640,
      "CustomerId": 3,
      "Priority": 3,
      "Alpha": 2,
      "Beta": 2,
      "Density": 1158.035963,
      "Weight": 626.080563,
      "Stackable": 1
    },
    {
      "Length": 57,
      "C1_Length": 1,
      "Height": 45,
      "C1_Height": 1,
      "Depth": 57,
      "C1_Depth": 1,
      "Demand": 4,
      "DemandMax": null,
      "Value": 146205,
      "CustomerId": 30,
      "Priority": 30,
      "Alpha": 2,
      "Beta": 2,
      "Density": 1494.957055,
      "Weight": 218.570196,
      "Stackable": 1
    },
    {
      "Length": 114,
      "C1_Length": 0,
      "Height": 41,
      "C1_Height": 1,
      "Depth": 43,
      "C1_Depth": 1,
      "Demand": 3,
      "DemandMax": null,
      "Value": 200982,
      "CustomerId": 18,
      "Priority": 18,
      "Alpha": 2,
      "Beta": 2,
      "Density": 1323.765632,
      "Weight": 266.053064,
      "Stackable": 1
    },
    {
      "Length": 100,
      "C1_Length": 1,
      "Height": 67,
      "C1_Height": 1,
      "Depth": 69,
      "C1_Depth": 1,
      "Demand": 4,
      "DemandMax": null,
      "Value": 462300,
      "CustomerId": 7,
      "Priority": 7,
      "Alpha": 2,
      "Beta": 2,
      "Density": 1382.610903,
      "Weight": 639.181021,
      "Stackable": 1
    },
    {
      "Length": 82,
      "C1_Length": 0,
      "Height": 24,
      "C1_Height": 1,
      "Depth": 68,
      "C1_Depth": 0,
      "Demand": 4,
      "DemandMax": null,
      "Value": 133824,
      "CustomerId": 33,
      "Priority": 33,
      "Alpha": 2,
      "Beta": 2,
      "Density": 1445.945896,
      "Weight": 193.502264,
      "Stackable": 1
    },
    {
      "Length": 97,
      "C1_Length": 0,
      "Height": 31,
      "C1_Height": 1,
      "Depth": 34,
      "C1_Depth": 1,
      "Demand": 4,
      "DemandMax": null,
      "Value": 102238,
      "CustomerId": 42,
      "Priority": 42,
      "Alpha": 2,
      "Beta": 2,
      "Density": 712.024783,
      "Weight": 72.79599,
      "Stackable": 1
    },
    {
      "Length": 99,
      "C1_Length": 1,
      "Height": 60,
      "C1_Height": 1,
      "Depth": 95,
      "C1_Depth": 1,
      "Demand": 3,
      "DemandMax": null,
      "Value": 564300,
      "CustomerId": 2,
      "Priority": 2,
      "Alpha": 2,
      "Beta": 2,
      "Density": 1364.114099,
      "Weight": 769.769586,
      "Stackable": 1
    },
    {
      "Length": 79,
      "C1_Length": 1,
      "Height": 45,
      "C1_Height": 1,
      "Depth": 45,
      "C1_Depth": 1,
      "Demand": 4,
      "DemandMax": null,
      "Value": 159975,
      "CustomerId": 25,
      "Priority": 25,
      "Alpha": 2,
      "Beta": 2,
      "Density": 1284.02391,
      "Weight": 205.411725,
      "Stackable": 1
    },
    {
      "Length": 44,
      "C1_Length": 1,
      "Height": 30,
      "C1_Height": 1,
      "Depth": 35,
      "C1_Depth": 1,
      "Demand": 2,
      "DemandMax": null,
      "Value": 46200,
      "CustomerId": 49,
      "Priority": 49,
      "Alpha": 2,
      "Beta": 2,
      "Density": 1604.10412,
      "Weight": 74.10961,
      "Stackable": 1
    },
    {
      "Length": 85,
      "C1_Length": 1,
      "Height": 55,
      "C1_Height": 1,
      "Depth": 65,
      "C1_Depth": 1,
      "Demand": 2,
      "DemandMax": null,
      "Value": 303875,
      "CustomerId": 11,
      "Priority": 11,
      "Alpha": 2,
      "Beta": 2,
      "Density": 1415.339115,
      "Weight": 430.086174,
      "Stackable": 1
    },
    {
      "Length": 100,
      "C1_Length": 1,
      "Height": 76,
      "C1_Height": 1,
      "Depth": 91,
      "C1_Depth": 1,
      "Demand": 2,
      "DemandMax": null,
      "Value": 691600,
      "CustomerId": 1,
      "Priority": 1,
      "Alpha": 2,
      "Beta": 2,
      "Density": 1169.137118,
      "Weight": 808.575231,
      "Stackable": 1
    },
    {
      "Length": 116,
      "C1_Length": 0,
      "Height": 24,
      "C1_Height": 1,
      "Depth": 58,
      "C1_Depth": 0,
      "Demand": 2,
      "DemandMax": null,
      "Value": 161472,
      "CustomerId": 24,
      "Priority": 24,
      "Alpha": 2,
      "Beta": 2,
      "Density": 784.62479,
      "Weight": 126.694934,
      "Stackable": 1
    },
    {
      "Length": 101,
      "C1_Length": 0,
      "Height": 40,
      "C1_Height": 1,
      "Depth": 53,
      "C1_Depth": 1,
      "Demand": 1,
      "DemandMax": null,
      "Value": 214120,
      "CustomerId": 17,
      "Priority": 17,
      "Alpha": 2,
      "Beta": 2,
      "Density": 1039.620991,
      "Weight": 222.603647,
      "Stackable": 1
    },
    {
      "Length": 79,
      "C1_Length": 0,
      "Height": 34,
      "C1_Height": 1,
      "Depth": 54,
      "C1_Depth": 1,
      "Demand": 3,
      "DemandMax": null,
      "Value": 145044,
      "CustomerId": 31,
      "Priority": 31,
      "Alpha": 2,
      "Beta": 2,
      "Density": 876.299776,
      "Weight": 127.102025,
      "Stackable": 1
    },
    {
      "Length": 70,
      "C1_Length": 1,
      "Height": 53,
      "C1_Height": 1,
      "Depth": 70,
      "C1_Depth": 1,
      "Demand": 1,
      "DemandMax": null,
      "Value": 259700,
      "CustomerId": 15,
      "Priority": 15,
      "Alpha": 2,
      "Beta": 2,
      "Density": 1044.768351,
      "Weight": 271.326341,
      "Stackable": 1
    },
    {
      "Length": 90,
      "C1_Length": 0,
      "Height": 23,
      "C1_Height": 1,
      "Depth": 56,
      "C1_Depth": 0,
      "Demand": 3,
      "DemandMax": null,
      "Value": 115920,
      "CustomerId": 39,
      "Priority": 39,
      "Alpha": 2,
      "Beta": 2,
      "Density": 1029.988571,
      "Weight": 119.396275,
      "Stackable": 1
    },
    {
      "Length": 95,
      "C1_Length": 1,
      "Height": 57,
      "C1_Height": 1,
      "Depth": 86,
      "C1_Depth": 1,
      "Demand": 4,
      "DemandMax": null,
      "Value": 465690,
      "CustomerId": 6,
      "Priority": 6,
      "Alpha": 2,
      "Beta": 2,
      "Density": 1372.670548,
      "Weight": 639.238947,
      "Stackable": 1
    },
    {
      "Length": 101,
      "C1_Length": 0,
      "Height": 31,
      "C1_Height": 1,
      "Depth": 56,
      "C1_Depth": 1,
      "Demand": 2,
      "DemandMax": null,
      "Value": 175336,
      "CustomerId": 21,
      "Priority": 21,
      "Alpha": 2,
      "Beta": 2,
      "Density": 1643.994729,
      "Weight": 288.25146,
      "Stackable": 1
    },
    {
      "Length": 96,
      "C1_Length": 0,
      "Height": 31,
      "C1_Height": 1,
      "Depth": 50,
      "C1_Depth": 1,
      "Demand": 2,
      "DemandMax": null,
      "Value": 148800,
      "CustomerId": 29,
      "Priority": 29,
      "Alpha": 2,
      "Beta": 2,
      "Density": 1265.928228,
      "Weight": 188.37012,
      "Stackable": 1
    },
    {
      "Length": 60,
      "C1_Length": 1,
      "Height": 34,
      "C1_Height": 1,
      "Depth": 50,
      "C1_Depth": 1,
      "Demand": 3,
      "DemandMax": null,
      "Value": 102000,
      "CustomerId": 43,
      "Priority": 43,
      "Alpha": 2,
      "Beta": 2,
      "Density": 829.933067,
      "Weight": 84.653173,
      "Stackable": 1
    },
    {
      "Length": 54,
      "C1_Length": 1,
      "Height": 31,
      "C1_Height": 1,
      "Depth": 45,
      "C1_Depth": 1,
      "Demand": 2,
      "DemandMax": null,
      "Value": 75330,
      "CustomerId": 46,
      "Priority": 46,
      "Alpha": 2,
      "Beta": 2,
      "Density": 1276.238577,
      "Weight": 96.139052,
      "Stackable": 1
    },
    {
      "Length": 79,
      "C1_Length": 0,
      "Height": 29,
      "C1_Height": 1,
      "Depth": 51,
      "C1_Depth": 1,
      "Demand": 3,
      "DemandMax": null,
      "Value": 116841,
      "CustomerId": 38,
      "Priority": 38,
      "Alpha": 2,
      "Beta": 2,
      "Density": 1249.48996,
      "Weight": 145.991656,
      "Stackable": 1
    },
    {
      "Length": 114,
      "C1_Length": 0,
      "Height": 44,
      "C1_Height": 1,
      "Depth": 76,
      "C1_Depth": 1,
      "Demand": 5,
      "DemandMax": null,
      "Value": 381216,
      "CustomerId": 9,
      "Priority": 9,
      "Alpha": 2,
      "Beta": 2,
      "Density": 1333.343333,
      "Weight": 508.291812,
      "Stackable": 1
    },
    {
      "Length": 88,
      "C1_Length": 1,
      "Height": 67,
      "C1_Height": 1,
      "Depth": 80,
      "C1_Depth": 1,
      "Demand": 1,
      "DemandMax": null,
      "Value": 471680,
      "CustomerId": 5,
      "Priority": 5,
      "Alpha": 2,
      "Beta": 2,
      "Density": 1575.487734,
      "Weight": 743.126054,
      "Stackable": 1
    },
    {
      "Length": 66,
      "C1_Length": 0,
      "Height": 33,
      "C1_Height": 1,
      "Depth": 50,
      "C1_Depth": 1,
      "Demand": 4,
      "DemandMax": null,
      "Value": 108900,
      "CustomerId": 40,
      "Priority": 40,
      "Alpha": 2,
      "Beta": 2,
      "Density": 1365.39,
      "Weight": 148.690971,
      "Stackable": 1
    },
    {
      "Length": 62,
      "C1_Length": 1,
      "Height": 32,
      "C1_Height": 1,
      "Depth": 39,
      "C1_Depth": 1,
      "Demand": 3,
      "DemandMax": null,
      "Value": 77376,
      "CustomerId": 45,
      "Priority": 45,
      "Alpha": 2,
      "Beta": 2,
      "Density": 1196.578547,
      "Weight": 92.586462,
      "Stackable": 1
    },
    {
      "Length": 73,
      "C1_Length": 0,
      "Height": 30,
      "C1_Height": 1,
      "Depth": 71,
      "C1_Depth": 0,
      "Demand": 2,
      "DemandMax": null,
      "Value": 155490,
      "CustomerId": 27,
      "Priority": 27,
      "Alpha": 2,
      "Beta": 2,
      "Density": 989.967377,
      "Weight": 153.930027,
      "Stackable": 1
    },
    {
      "Length": 105,
      "C1_Length": 0,
      "Height": 25,
      "C1_Height": 1,
      "Depth": 60,
      "C1_Depth": 0,
      "Demand": 1,
      "DemandMax": null,
      "Value": 157500,
      "CustomerId": 26,
      "Priority": 26,
      "Alpha": 2,
      "Beta": 2,
      "Density": 1443.32744,
      "Weight": 227.324072,
      "Stackable": 1
    },
    {
      "Length": 98,
      "C1_Length": 0,
      "Height": 21,
      "C1_Height": 1,
      "Depth": 79,
      "C1_Depth": 0,
      "Demand": 2,
      "DemandMax": null,
      "Value": 162582,
      "CustomerId": 23,
      "Priority": 23,
      "Alpha": 2,
      "Beta": 2,
      "Density": 1636.134487,
      "Weight": 266.006017,
      "Stackable": 1
    },
    {
      "Length": 103,
      "C1_Length": 0,
      "Height": 21,
      "C1_Height": 1,
      "Depth": 67,
      "C1_Depth": 0,
      "Demand": 3,
      "DemandMax": null,
      "Value": 144921,
      "CustomerId": 32,
      "Priority": 32,
      "Alpha": 2,
      "Beta": 2,
      "Density": 1299.246783,
      "Weight": 188.288143,
      "Stackable": 1
    },
    {
      "Length": 58,
      "C1_Length": 1,
      "Height": 51,
      "C1_Height": 1,
      "Depth": 57,
      "C1_Depth": 1,
      "Demand": 3,
      "DemandMax": null,
      "Value": 168606,
      "CustomerId": 22,
      "Priority": 22,
      "Alpha": 2,
      "Beta": 2,
      "Density": 982.661773,
      "Weight": 165.682671,
      "Stackable": 1
    },
    {
      "Length": 56,
      "C1_Length": 0,
      "Height": 23,
      "C1_Height": 1,
      "Depth": 56,
      "C1_Depth": 0,
      "Demand": 1,
      "DemandMax": null,
      "Value": 72128,
      "CustomerId": 47,
      "Priority": 47,
      "Alpha": 2,
      "Beta": 2,
      "Density": 1158.068661,
      "Weight": 83.529176,
      "Stackable": 1
    },
    {
      "Length": 85,
      "C1_Length": 0,
      "Height": 30,
      "C1_Height": 1,
      "Depth": 49,
      "C1_Depth": 1,
      "Demand": 2,
      "DemandMax": null,
      "Value": 124950,
      "CustomerId": 34,
      "Priority": 34,
      "Alpha": 2,
      "Beta": 2,
      "Density": 1595.511384,
      "Weight": 199.359147,
      "Stackable": 1
    },
    {
      "Length": 70,
      "C1_Length": 1,
      "Height": 52,
      "C1_Height": 1,
      "Depth": 53,
      "C1_Depth": 1,
      "Demand": 1,
      "DemandMax": null,
      "Value": 192920,
      "CustomerId": 19,
      "Priority": 19,
      "Alpha": 2,
      "Beta": 2,
      "Density": 1183.093772,
      "Weight": 228.242451,
      "Stackable": 1
    },
    {
      "Length": 75,
      "C1_Length": 1,
      "Height": 43,
      "C1_Height": 1,
      "Depth": 68,
      "C1_Depth": 1,
      "Demand": 3,
      "DemandMax": null,
      "Value": 219300,
      "CustomerId": 16,
      "Priority": 16,
      "Alpha": 2,
      "Beta": 2,
      "Density": 1519.873211,
      "Weight": 333.308195,
      "Stackable": 1
    },
    {
      "Length": 62,
      "C1_Length": 1,
      "Height": 40,
      "C1_Height": 1,
      "Depth": 61,
      "C1_Depth": 1,
      "Demand": 2,
      "DemandMax": null,
      "Value": 151280,
      "CustomerId": 28,
      "Priority": 28,
      "Alpha": 2,
      "Beta": 2,
      "Density": 847.319633,
      "Weight": 128.182514,
      "Stackable": 1
    },
    {
      "Length": 98,
      "C1_Length": 1,
      "Height": 60,
      "C1_Height": 1,
      "Depth": 76,
      "C1_Depth": 1,
      "Demand": 3,
      "DemandMax": null,
      "Value": 446880,
      "CustomerId": 8,
      "Priority": 8,
      "Alpha": 2,
      "Beta": 2,
      "Density": 1559.792985,
      "Weight": 697.040289,
      "Stackable": 1
    },
    {
      "Length": 72,
      "C1_Length": 1,
      "Height": 55,
      "C1_Height": 1,
      "Depth": 71,
      "C1_Depth": 1,
      "Demand": 5,
      "DemandMax": null,
      "Value": 281160,
      "CustomerId": 14,
      "Priority": 14,
      "Alpha": 2,
      "Beta": 2,
      "Density": 1310.722947,
      "Weight": 368.522864,
      "Stackable": 1
    },
    {
      "Length": 84,
      "C1_Length": 0,
      "Height": 41,
      "C1_Height": 1,
      "Depth": 53,
      "C1_Depth": 1,
      "Demand": 1,
      "DemandMax": null,
      "Value": 182532,
      "CustomerId": 20,
      "Priority": 20,
      "Alpha": 2,
      "Beta": 2,
      "Density": 1371.030385,
      "Weight": 250.256918,
      "Stackable": 1
    },
    {
      "Length": 84,
      "C1_Length": 0,
      "Height": 30,
      "C1_Height": 1,
      "Depth": 31,
      "C1_Depth": 1,
      "Demand": 2,
      "DemandMax": null,
      "Value": 78120,
      "CustomerId": 44,
      "Priority": 44,
      "Alpha": 2,
      "Beta": 2,
      "Density": 1302.813942,
      "Weight": 101.775825,
      "Stackable": 1
    },
    {
      "Length": 99,
      "C1_Length": 0,
      "Height": 20,
      "C1_Height": 1,
      "Depth": 55,
      "C1_Depth": 0,
      "Demand": 4,
      "DemandMax": null,
      "Value": 108900,
      "CustomerId": 41,
      "Priority": 41,
      "Alpha": 2,
      "Beta": 2,
      "Density": 1230.119834,
      "Weight": 133.96005,
      "Stackable": 1
    }
  ],
  "Modification": {
    "family": "BR-Modified",
    "seed": 123,
    "weight_model": "beta_density",
    "alpha": 2,
    "beta": 2,
    "Pmax_kg": 28200.0,
    "target_util": 0.8,
    "container_dims": {
      "L": 587,
      "W": 233,
      "H": 220
    },
    "Dc_kg_per_m3": 1171.500338,
    "Dcmin": 585.750169,
    "Dcmax": 1757.250507,
    "customer_rule": "per-type by volume desc; heavy -> higher customer_id/priority",
    "stackable_rule": "type-level Bernoulli(p_nonstackable=0.01)"
  }
}