{
  "Name": "89",
  "Objects": [
    {
      "Length": 587,
      "Height": 233,
      "Depth": 220,
      "Stock": null,
      "Cost": 30089620
    }
  ],
  "Items": [
    {
      "Length": 95,
      "C1_Length": 0,
      "Height": 46,
      "C1_Height": 1,
      "Depth": 92,
      "C1_Depth": 0,
      "Demand": 1,
      "DemandMax": null,
      "Value": 402040,
      "CustomerId": 9,
      "Priority": 9,
      "Alpha": 2,
      "Beta": 2,
      "Density": 1111.550367,
      "Weight": 446.88771,
      "Stackable": 1
    },
    {
      "Length": 65,
      "C1_Length": 1,
      "Height": 40,
      "C1_Height": 1,
      "Depth": 60,
      "C1_Depth": 1,
      "Demand": 2,
      "DemandMax": null,
      "Value": 156000,
      "CustomerId": 33,
      "Priority": 33,
      "Alpha": 2,
      "Beta": 2,
      "Density": 932.862762,
      "Weight": 145.526591,
      "Stackable": 1
    },
    {
      "Length": 103,
      "C1_Length": 1,
      "Height": 59,
      "C1_Height": 1,
      "Depth": 62,
      "C1_Depth": 1,
      "Demand": 2,
      "DemandMax": null,
      "Value": 376774,
      "CustomerId": 12,
      "Priority": 12,
      "Alpha": 2,
      "Beta": 2,
      "Density": 1449.384528,
      "Weight": 546.090406,
      "Stackable": 1
    },
    {
      "Length": 71,
      "C1_Length": 1,
      "Height": 52,
      "C1_Height": 1,
      "Depth": 65,
      "C1_Depth": 1,
      "Demand": 4,
      "DemandMax": null,
      "Value": 239980,
      "CustomerId": 24,
      "Priority": 24,
      "Alpha": 2,
      "Beta": 2,
      "Density": 1283.80431,
      "Weight": 308.087358,
      "Stackable": 1
    },
    {
      "Length": 119,
      "C1_Length": 0,
      "Height": 28,
      "C1_Height": 1,
      "Depth": 87,
      "C1_Depth": 0,
      "Demand": 4,
      "DemandMax": null,
      "Value": 289884,
      "CustomerId": 19,
      "Priority": 19,
      "Alpha": 2,
      "Beta": 2,
      "Density": 1526.110283,
      "Weight": 442.394953,
      "Stackable": 1
    },
    {
      "Length": 109,
      "C1_Length": 1,
      "Height": 78,
      "C1_Height": 1,
      "Depth": 92,
      "C1_Depth": 1,
      "Demand": 2,
      "DemandMax": null,
      "Value": 782184,
      "CustomerId": 1,
      "Priority": 1,
      "Alpha": 2,
      "Beta": 2,
      "Density": 1068.035035,
      "Weight": 835.399916,
      "Stackable": 1
    },
    {
      "Length": 58,
      "C1_Length": 1,
      "Height": 35,
      "C1_Height": 1,
      "Depth": 54,
      "C1_Depth": 1,
      "Demand": 3,
      "DemandMax": null,
      "Value": 109620,
      "CustomerId": 41,
      "Priority": 41,
      "Alpha": 2,
      "Beta": 2,
      "Density": 963.266398,
      "Weight": 105.593263,
      "Stackable": 1
    },
    {
      "Length": 98,
      "C1_Length": 1,
      "Height": 64,
      "C1_Height": 1,
      "Depth": 73,
      "C1_Depth": 1,
      "Demand": 2,
      "DemandMax": null,
      "Value": 457856,
      "CustomerId": 6,
      "Priority": 6,
      "Alpha": 2,
      "Beta": 2,
      "Density": 1394.407219,
      "Weight": 638.437712,
      "Stackable": 1
    },
    {
      "Length": 44,
      "C1_Length": 1,
      "Height": 40,
      "C1_Height": 1,
      "Depth": 44,
      "C1_Depth": 1,
      "Demand": 4,
      "DemandMax": null,
      "Value": 77440,
      "CustomerId": 45,
      "Priority": 45,
      "Alpha": 2,
      "Beta": 2,
      "Density": 1313.072551,
      "Weight": 101.684338,
      "Stackable": 1
    },
    {
      "Length": 70,
      "C1_Length": 0,
      "Height": 35,
      "C1_Height": 1,
      "Depth": 69,
      "C1_Depth": 1,
      "Demand": 2,
      "DemandMax": null,
      "Value": 169050,
      "CustomerId": 30,
      "Priority": 30,
      "Alpha": 2,
      "Beta": 2,
      "Density": 940.364355,
      "Weight": 158.968594,
      "Stackable": 1
    },
    {
      "Length": 119,
      "C1_Length": 0,
      "Height": 58,
      "C1_Height": 1,
      "Depth": 61,
      "C1_Depth": 1,
      "Demand": 2,
      "DemandMax": null,
      "Value": 421022,
      "CustomerId": 8,
      "Priority": 8,
      "Alpha": 2,
      "Beta": 2,
      "Density": 1085.783008,
      "Weight": 457.138533,
      "Stackable": 1
    },
    {
      "Length": 89,
      "C1_Length": 1,
      "Height": 45,
      "C1_Height": 1,
      "Depth": 55,
      "C1_Depth": 1,
      "Demand": 4,
      "DemandMax": null,
      "Value": 220275,
      "CustomerId": 27,
      "Priority": 27,
      "Alpha": 2,
      "Beta": 2,
      "Density": 913.989164,
      "Weight": 201.328963,
      "Stackable": 1
    },
    {
      "Length": 75,
      "C1_Length": 1,
      "Height": 58,
      "C1_Height": 1,
      "Depth": 68,
      "C1_Depth": 1,
      "Demand": 2,
      "DemandMax": null,
      "Value": 295800,
      "CustomerId": 18,
      "Priority": 18,
      "Alpha": 2,
      "Beta": 2,
      "Density": 1184.198722,
      "Weight": 350.285982,
      "Stackable": 1
    },
    {
      "Length": 43,
      "C1_Length": 1,
      "Height": 30,
      "C1_Height": 1,
      "Depth": 37,
      "C1_Depth": 1,
      "Demand": 1,
      "DemandMax": null,
      "Value": 47730,
      "CustomerId": 48,
      "Priority": 48,
      "Alpha": 2,
      "Beta": 2,
      "Density": 1145.498096,
      "Weight": 54.674624,
      "Stackable": 1
    },
    {
      "Length": 95,
      "C1_Length": 0,
      "Height": 41,
      "C1_Height": 1,
      "Depth": 77,
      "C1_Depth": 1,
      "Demand": 5,
      "DemandMax": null,
      "Value": 299915,
      "CustomerId": 16,
      "Priority": 16,
      "Alpha": 2,
      "Beta": 2,
      "Density": 617.601356,
      "Weight": 185.227911,
      "Stackable": 1
    },
    {
      "Length": 65,
      "C1_Length": 1,
      "Height": 63,
      "C1_Height": 1,
      "Depth": 63,
      "C1_Depth": 1,
      "Demand": 1,
      "DemandMax": null,
      "Value": 257985,
      "CustomerId": 21,
      "Priority": 21,
      "Alpha": 2,
      "Beta": 2,
      "Density": 850.140369,
      "Weight": 219.323463,
      "Stackable": 1
    },
    {
      "Length": 107,
      "C1_Length": 1,
      "Height": 62,
      "C1_Height": 1,
      "Depth": 70,
      "C1_Depth": 1,
      "Demand": 1,
      "DemandMax": null,
      "Value": 464380,
      "CustomerId": 5,
      "Priority": 5,
      "Alpha": 2,
      "Beta": 2,
      "Density": 1118.518163,
      "Weight": 519.417464,
      "Stackable": 1
    },
    {
      "Length": 109,
      "C1_Length": 0,
      "Height": 21,
      "C1_Height": 1,
      "Depth": 69,
      "C1_Depth": 0,
      "Demand": 3,
      "DemandMax": null,
      "Value": 157941,
      "CustomerId": 32,
      "Priority": 32,
      "Alpha": 2,
      "Beta": 2,
      "Density": 1037.963517,
      "Weight": 163.936996,
      "Stackable": 1
    },
    {
      "Length": 54,
      "C1_Length": 0,
      "Height": 21,
      "C1_Height": 1,
      "Depth": 34,
      "C1_Depth": 1,
      "Demand": 5,
      "DemandMax": null,
      "Value": 38556,
      "CustomerId": 50,
      "Priority": 50,
      "Alpha": 2,
      "Beta": 2,
      "Density": 1015.351305,
      "Weight": 39.147885,
      "Stackable": 1
    },
    {
      "Length": 118,
      "C1_Length": 0,
      "Height": 32,
      "C1_Height": 1,
      "Depth": 45,
      "C1_Depth": 1,
      "Demand": 2,
      "DemandMax": null,
      "Value": 169920,
      "CustomerId": 29,
      "Priority": 29,
      "Alpha": 2,
      "Beta": 2,
      "Density": 1092.335205,
      "Weight": 185.609598,
      "Stackable": 1
    },
    {
      "Length": 75,
      "C1_Length": 0,
      "Height": 32,
      "C1_Height": 1,
      "Depth": 50,
      "C1_Depth": 1,
      "Demand": 3,
      "DemandMax": null,
      "Value": 120000,
      "CustomerId": 39,
      "Priority": 39,
      "Alpha": 2,
      "Beta": 2,
      "Density": 1515.103669,
      "Weight": 181.81244,
      "Stackable": 1
    },
    {
      "Length": 58,
      "C1_Length": 0,
      "Height": 27,
      "C1_Height": 1,
      "Depth": 46,
      "C1_Depth": 1,
      "Demand": 3,
      "DemandMax": null,
      "Value": 72036,
      "CustomerId": 46,
      "Priority": 46,
      "Alpha": 2,
      "Beta": 2,
      "Density": 1167.821431,
      "Weight": 84.125185,
      "Stackable": 1
    },
    {
      "Length": 90,
      "C1_Length": 0,
      "Height": 37,
      "C1_Height": 1,
      "Depth": 55,
      "C1_Depth": 1,
      "Demand": 3,
      "DemandMax": null,
      "Value": 183150,
      "CustomerId": 28,
      "Priority": 28,
      "Alpha": 2,
      "Beta": 2,
      "Density": 837.476838,
      "Weight": 153.383883,
      "Stackable": 1
    },
    {
      "Length": 80,
      "C1_Length": 1,
      "Height": 62,
      "C1_Height": 1,
      "Depth": 78,
      "C1_Depth": 1,
      "Demand": 3,
      "DemandMax": null,
      "Value": 386880,
      "CustomerId": 11,
      "Priority": 11,
      "Alpha": 2,
      "Beta": 2,
      "Density": 1612.300625,
      "Weight": 623.766866,
      "Stackable": 1
    },
    {
      "Length": 88,
      "C1_Length": 0,
      "Height": 42,
      "C1_Height": 1,
      "Depth": 43,
      "C1_Depth": 1,
      "Demand": 2,
      "DemandMax": null,
      "Value": 158928,
      "CustomerId": 31,
      "Priority": 31,
      "Alpha": 2,
      "Beta": 2,
      "Density": 761.289346,
      "Weight": 120.990193,
      "Stackable": 1
    },
    {
      "Length": 78,
      "C1_Length": 1,
      "Height": 48,
      "C1_Height": 1,
      "Depth": 67,
      "C1_Depth": 1,
      "Demand": 2,
      "DemandMax": null,
      "Value": 250848,
      "CustomerId": 22,
      "Priority": 22,
      "Alpha": 2,
      "Beta": 2,
      "Density": 901.545815,
      "Weight": 226.150965,
      "Stackable": 1
    },
    {
      "Length": 89,
      "C1_Length": 1,
      "Height": 48,
      "C1_Height": 1,
      "Depth": 81,
      "C1_Depth": 1,
      "Demand": 1,
      "DemandMax": null,
      "Value": 346032,
      "CustomerId": 14,
      "Priority": 14,
      "Alpha": 2,
      "Beta": 2,
      "Density": 833.309044,
      "Weight": 288.351595,
      "Stackable": 1
    },
    {
      "Length": 79,
      "C1_Length": 1,
      "Height": 51,
      "C1_Height": 1,
      "Depth": 69,
      "C1_Depth": 1,
      "Demand": 1,
      "DemandMax": null,
      "Value": 278001,
      "CustomerId": 20,
      "Priority": 20,
      "Alpha": 2,
      "Beta": 2,
      "Density": 1139.456126,
      "Weight": 316.769942,
      "Stackable": 1
    },
    {
      "Length": 79,
      "C1_Length": 1,
      "Height": 50,
      "C1_Height": 1,
      "Depth": 75,
      "C1_Depth": 1,
      "Demand": 3,
      "DemandMax": null,
      "Value": 296250,
      "CustomerId": 17,
      "Priority": 17,
      "Alpha": 2,
      "Beta": 2,
      "Density": 1378.755748,
      "Weight": 408.45639,
      "Stackable": 1
    },
    {
      "Length": 109,
      "C1_Length": 1,
      "Height": 55,
      "C1_Height": 1,
      "Depth": 86,
      "C1_Depth": 1,
      "Demand": 3,
      "DemandMax": null,
      "Value": 515570,
      "CustomerId": 3,
      "Priority": 3,
      "Alpha": 2,
      "Beta": 2,
      "Density": 1201.380086,
      "Weight": 619.395531,
      "Stackable": 1
    },
    {
      "Length": 72,
      "C1_Length": 1,
      "Height": 42,
      "C1_Height": 1,
      "Depth": 44,
      "C1_Depth": 1,
      "Demand": 2,
      "DemandMax": null,
      "Value": 133056,
      "CustomerId": 37,
      "Priority": 37,
      "Alpha": 2,
      "Beta": 2,
      "Density": 882.903787,
      "Weight": 117.475646,
      "Stackable": 1
    },
    {
      "Length": 81,
      "C1_Length": 1,
      "Height": 53,
      "C1_Height": 1,
      "Depth": 55,
      "C1_Depth": 1,
      "Demand": 2,
      "DemandMax": null,
      "Value": 236115,
      "CustomerId": 26,
      "Priority": 26,
      "Alpha": 2,
      "Beta": 2,
      "Density": 756.931947,
      "Weight": 178.722987,
      "Stackable": 1
    },
    {
      "Length": 76,
      "C1_Length": 0,
      "Height": 29,
      "C1_Height": 1,
      "Depth": 54,
      "C1_Depth": 1,
      "Demand": 3,
      "DemandMax": null,
      "Value": 119016,
      "CustomerId": 40,
      "Priority": 40,
      "Alpha": 2,
      "Beta": 2,
      "Density": 1013.074123,
      "Weight": 120.57203,
      "Stackable": 1
    },
    {
      "Length": 85,
      "C1_Length": 0,
      "Height": 24,
      "C1_Height": 1,
      "Depth": 44,
      "C1_Depth": 1,
      "Demand": 3,
      "DemandMax": null,
      "Value": 89760,
      "CustomerId": 43,
      "Priority": 43,
      "Alpha": 2,
      "Beta": 2,
      "Density": 1172.975824,
      "Weight": 105.28631,
      "Stackable": 1
    },
    {
      "Length": 62,
      "C1_Length": 0,
      "Height": 29,
      "C1_Height": 1,
      "Depth": 47,
      "C1_Depth": 1,
      "Demand": 3,
      "DemandMax": null,
      "Value": 84506,
      "CustomerId": 44,
      "Priority": 44,
      "Alpha": 2,
      "Beta": 2,
      "Density": 650.831575,
      "Weight": 54.999173,
      "Stackable": 1
    },
    {
      "Length": 99,
      "C1_Length": 1,
      "Height": 56,
      "C1_Height": 1,
      "Depth": 77,
      "C1_Depth": 1,
      "Demand": 2,
      "DemandMax": null,
      "Value": 426888,
      "CustomerId": 7,
      "Priority": 7,
      "Alpha": 2,
      "Beta": 2,
      "Density": 1551.157726,
      "Weight": 662.170619,
      "Stackable": 1
    },
    {
      "Length": 95,
      "C1_Length": 1,
      "Height": 49,
      "C1_Height": 1,
      "Depth": 73,
      "C1_Depth": 1,
      "Demand": 4,
      "DemandMax": null,
      "Value": 339815,
      "CustomerId": 15,
      "Priority": 15,
      "Alpha": 2,
      "Beta": 2,
      "Density": 1077.145509,
      "Weight": 366.030201,
      "Stackable": 1
    },
    {
      "Length": 94,
      "C1_Length": 1,
      "Height": 65,
      "C1_Height": 1,
      "Depth": 83,
      "C1_Depth": 1,
      "Demand": 1,
      "DemandMax": null,
      "Value": 507130,
      "CustomerId": 4,
      "Priority": 4,
      "Alpha": 2,
      "Beta": 2,
      "Density": 1405.639179,
      "Weight": 712.841797,
      "Stackable": 1
    },
    {
      "Length": 81,
      "C1_Length": 0,
      "Height": 30,
      "C1_Height": 1,
      "Depth": 62,
      "C1_Depth": 0,
      "Demand": 4,
      "DemandMax": null,
      "Value": 150660,
      "CustomerId": 34,
      "Priority": 34,
      "Alpha": 2,
      "Beta": 2,
      "Density": 1106.374957,
      "Weight": 166.686451,
      "Stackable": 1
    },
    {
      "Length": 85,
      "C1_Length": 1,
      "Height": 48,
      "C1_Height": 1,
      "Depth": 58,
      "C1_Depth": 1,
      "Demand": 3,
      "DemandMax": null,
      "Value": 236640,
      "CustomerId": 25,
      "Priority": 25,
      "Alpha": 2,
      "Beta": 2,
      "Density": 950.989763,
      "Weight": 225.042217,
      "Stackable": 1
    },
    {
      "Length": 43,
      "C1_Length": 1,
      "Height": 31,
      "C1_Height": 1,
      "Depth": 37,
      "C1_Depth": 1,
      "Demand": 1,
      "DemandMax": null,
      "Value": 49321,
      "CustomerId": 47,
      "Priority": 47,
      "Alpha": 2,
      "Beta": 2,
      "Density": 1305.605461,
      "Weight": 64.393767,
      "Stackable": 1
    },
    {
      "Length": 55,
      "C1_Length": 1,
      "Height": 43,
      "C1_Height": 1,
      "Depth": 54,
      "C1_Depth": 1,
      "Demand": 4,
      "DemandMax": null,
      "Value": 127710,
      "CustomerId": 38,
      "Priority": 38,
      "Alpha": 2,
      "Beta": 2,
      "Density": 1489.048146,
      "Weight": 190.166339,
      "Stackable": 1
    },
    {
      "Length": 62,
      "C1_Length": 1,
      "Height": 43,
      "C1_Height": 1,
      "Depth": 53,
      "C1_Depth": 1,
      "Demand": 3,
      "DemandMax": null,
      "Value": 141298,
      "CustomerId": 35,
      "Priority": 35,
      "Alpha": 2,
      "Beta": 2,
      "Density": 1341.665619,
      "Weight": 189.574669,
      "Stackable": 1
    },
    {
      "Length": 78,
      "C1_Length": 1,
      "Height": 64,
      "C1_Height": 1,
      "Depth": 78,
      "C1_Depth": 1,
      "Demand": 3,
      "DemandMax": null,
      "Value": 389376,
      "CustomerId": 10,
      "Priority": 10,
      "Alpha": 2,
      "Beta": 2,
      "Density": 1108.956074,
      "Weight": 431.80088,
      "Stackable": 1
    },
    {
      "Length": 82,
      "C1_Length": 0,
      "Height": 20,
      "C1_Height": 1,
      "Depth": 82,
      "C1_Depth": 0,
      "Demand": 1,
      "DemandMax": null,
      "Value": 134480,
      "CustomerId": 36,
      "Priority": 36,
      "Alpha": 2,
      "Beta": 2,
      "Density": 1288.269806,
      "Weight": 173.246524,
      "Stackable": 1
    },
    {
      "Length": 106,
      "C1_Length": 1,
      "Height": 73,
      "C1_Height": 1,
      "Depth": 78,
      "C1_Depth": 1,
      "Demand": 2,
      "DemandMax": null,
      "Value": 603564,
      "CustomerId": 2,
      "Priority": 2,
      "Alpha": 2,
      "Beta": 2,
      "Density": 829.364659,
      "Weight": 500.574651,
      "Stackable": 1
    },
    {
      "Length": 57,
      "C1_Length": 0,
      "Height": 27,
      "C1_Height": 1,
      "Depth": 31,
      "C1_Depth": 1,
      "Demand": 1,
      "DemandMax": null,
      "Value": 47709,
      "CustomerId": 49,
      "Priority": 49,
      "Alpha": 2,
      "Beta": 2,
      "Density": 1181.794675,
      "Weight": 56.382242,
      "Stackable": 1
    },
    {
      "Length": 85,
      "C1_Length": 0,
      "Height": 32,
      "C1_Height": 1,
      "Depth": 35,
      "C1_Depth": 1,
      "Demand": 2,
      "DemandMax": null,
      "Value": 95200,
      "CustomerId": 42,
      "Priority": 42,
      "Alpha": 2,
      "Beta": 2,
      "Density": 1186.474569,
      "Weight": 112.952379,
      "Stackable": 1
    },
    {
      "Length": 84,
      "C1_Length": 1,
      "Height": 57,
      "C1_Height": 1,
      "Depth": 73,
      "C1_Depth": 1,
      "Demand": 2,
      "DemandMax": null,
      "Value": 349524,
      "CustomerId": 13,
      "Priority": 13,
      "Alpha": 2,
      "Beta": 2,
      "Density": 1250.255463,
      "Weight": 436.99429,
      "Stackable": 1
    },
    {
      "Length": 100,
      "C1_Length": 0,
      "Height": 34,
      "C1_Height": 1,
      "Depth": 73,
      "C1_Depth": 0,
      "Demand": 4,
      "DemandMax": null,
      "Value": 248200,
      "CustomerId": 23,
      "Priority": 23,
      "Alpha": 2,
      "Beta": 2,
      "Density": 917.053331,
      "Weight": 227.612637,
      "Stackable": 1
    }
  ],
  "Modification": {
    "family": "BR-Modified",
    "seed": 123,
    "weight_model": "beta_density",
    "alpha": 2,
    "beta": 2,
    "Pmax_kg": 28200.0,
    "target_util": 0.8,
    "container_dims": {
      "L": 587,
      "W": 233,
      "H": 220
    },
    "Dc_kg_per_m3": 1171.500338,
    "Dcmin": 585.750169,
    "Dcmax": 1757.250507,
    "customer_rule": "per-type by volume desc; heavy -> higher customer_id/priority",
    "stackable_rule": "type-level Bernoulli(p_nonstackable=0.01)"
  }
}