{
  "Name": "92",
  "Objects": [
    {
      "Length": 587,
      "Height": 233,
      "Depth": 220,
      "Stock": null,
      "Cost": 30089620
    }
  ],
  "Items": [
    {
      "Length": 96,
      "C1_Length": 1,
      "Height": 63,
      "C1_Height": 1,
      "Depth": 82,
      "C1_Depth": 1,
      "Demand": 2,
      "DemandMax": null,
      "Value": 495936,
      "CustomerId": 4,
      "Priority": 4,
      "Alpha": 2,
      "Beta": 2,
      "Density": 874.429812,
      "Weight": 433.661223,
      "Stackable": 1
    },
    {
      "Length": 74,
      "C1_Length": 1,
      "Height": 59,
      "C1_Height": 1,
      "Depth": 63,
      "C1_Depth": 1,
      "Demand": 4,
      "DemandMax": null,
      "Value": 275058,
      "CustomerId": 12,
      "Priority": 12,
      "Alpha": 2,
      "Beta": 2,
      "Density": 981.098464,
      "Weight": 269.858981,
      "Stackable": 1
    },
    {
      "Length": 86,
      "C1_Length": 0,
      "Height": 43,
      "C1_Height": 1,
      "Depth": 60,
      "C1_Depth": 1,
      "Demand": 2,
      "DemandMax": null,
      "Value": 221880,
      "CustomerId": 16,
      "Priority": 16,
      "Alpha": 2,
      "Beta": 2,
      "Density": 1408.58049,
      "Weight": 312.535839,
      "Stackable": 1
    },
    {
      "Length": 90,
      "C1_Length": 1,
      "Height": 57,
      "C1_Height": 1,
      "Depth": 67,
      "C1_Depth": 1,
      "Demand": 3,
      "DemandMax": null,
      "Value": 343710,
      "CustomerId": 10,
      "Priority": 10,
      "Alpha": 2,
      "Beta": 2,
      "Density": 1254.96346,
      "Weight": 431.343491,
      "Stackable": 1
    },
    {
      "Length": 97,
      "C1_Length": 1,
      "Height": 80,
      "C1_Height": 1,
      "Depth": 91,
      "C1_Depth": 1,
      "Demand": 4,
      "DemandMax": null,
      "Value": 706160,
      "CustomerId": 1,
      "Priority": 1,
      "Alpha": 2,
      "Beta": 2,
      "Density": 1449.092748,
      "Weight": 1023.291335,
      "Stackable": 1
    },
    {
      "Length": 116,
      "C1_Length": 0,
      "Height": 28,
      "C1_Height": 1,
      "Depth": 61,
      "C1_Depth": 0,
      "Demand": 1,
      "DemandMax": null,
      "Value": 198128,
      "CustomerId": 23,
      "Priority": 23,
      "Alpha": 2,
      "Beta": 2,
      "Density": 1194.55992,
      "Weight": 236.675768,
      "Stackable": 1
    },
    {
      "Length": 86,
      "C1_Length": 0,
      "Height": 35,
      "C1_Height": 1,
      "Depth": 41,
      "C1_Depth": 1,
      "Demand": 2,
      "DemandMax": null,
      "Value": 123410,
      "CustomerId": 38,
      "Priority": 38,
      "Alpha": 2,
      "Beta": 2,
      "Density": 1451.721555,
      "Weight": 179.156957,
      "Stackable": 1
    },
    {
      "Length": 67,
      "C1_Length": 0,
      "Height": 26,
      "C1_Height": 1,
      "Depth": 44,
      "C1_Depth": 1,
      "Demand": 3,
      "DemandMax": null,
      "Value": 76648,
      "CustomerId": 47,
      "Priority": 47,
      "Alpha": 2,
      "Beta": 2,
      "Density": 1044.79709,
      "Weight": 80.081607,
      "Stackable": 1
    },
    {
      "Length": 115,
      "C1_Length": 0,
      "Height": 31,
      "C1_Height": 1,
      "Depth": 79,
      "C1_Depth": 0,
      "Demand": 4,
      "DemandMax": null,
      "Value": 281635,
      "CustomerId": 11,
      "Priority": 11,
      "Alpha": 2,
      "Beta": 2,
      "Density": 1450.78435,
      "Weight": 408.59165,
      "Stackable": 1
    },
    {
      "Length": 62,
      "C1_Length": 1,
      "Height": 46,
      "C1_Height": 1,
      "Depth": 59,
      "C1_Depth": 1,
      "Demand": 2,
      "DemandMax": null,
      "Value": 168268,
      "CustomerId": 29,
      "Priority": 29,
      "Alpha": 2,
      "Beta": 2,
      "Density": 921.2472,
      "Weight": 155.016424,
      "Stackable": 1
    },
    {
      "Length": 49,
      "C1_Length": 1,
      "Height": 39,
      "C1_Height": 1,
      "Depth": 41,
      "C1_Depth": 1,
      "Demand": 1,
      "DemandMax": null,
      "Value": 78351,
      "CustomerId": 45,
      "Priority": 45,
      "Alpha": 2,
      "Beta": 2,
      "Density": 1245.718728,
      "Weight": 97.603308,
      "Stackable": 1
    },
    {
      "Length": 55,
      "C1_Length": 1,
      "Height": 33,
      "C1_Height": 1,
      "Depth": 48,
      "C1_Depth": 1,
      "Demand": 2,
      "DemandMax": null,
      "Value": 87120,
      "CustomerId": 44,
      "Priority": 44,
      "Alpha": 2,
      "Beta": 2,
      "Density": 1312.296016,
      "Weight": 114.327229,
      "Stackable": 1
    },
    {
      "Length": 113,
      "C1_Length": 1,
      "Height": 63,
      "C1_Height": 1,
      "Depth": 89,
      "C1_Depth": 1,
      "Demand": 6,
      "DemandMax": null,
      "Value": 633591,
      "CustomerId": 3,
      "Priority": 3,
      "Alpha": 2,
      "Beta": 2,
      "Density": 1571.971877,
      "Weight": 995.987234,
      "Stackable": 1
    },
    {
      "Length": 49,
      "C1_Length": 1,
      "Height": 33,
      "C1_Height": 1,
      "Depth": 36,
      "C1_Depth": 1,
      "Demand": 4,
      "DemandMax": null,
      "Value": 58212,
      "CustomerId": 49,
      "Priority": 49,
      "Alpha": 2,
      "Beta": 2,
      "Density": 1032.061233,
      "Weight": 60.078348,
      "Stackable": 1
    },
    {
      "Length": 71,
      "C1_Length": 1,
      "Height": 54,
      "C1_Height": 1,
      "Depth": 63,
      "C1_Depth": 1,
      "Demand": 3,
      "DemandMax": null,
      "Value": 241542,
      "CustomerId": 14,
      "Priority": 14,
      "Alpha": 2,
      "Beta": 2,
      "Density": 1198.719475,
      "Weight": 289.541099,
      "Stackable": 1
    },
    {
      "Length": 62,
      "C1_Length": 0,
      "Height": 21,
      "C1_Height": 1,
      "Depth": 58,
      "C1_Depth": 0,
      "Demand": 2,
      "DemandMax": null,
      "Value": 75516,
      "CustomerId": 48,
      "Priority": 48,
      "Alpha": 2,
      "Beta": 2,
      "Density": 1412.004596,
      "Weight": 106.628939,
      "Stackable": 1
    },
    {
      "Length": 85,
      "C1_Length": 0,
      "Height": 34,
      "C1_Height": 1,
      "Depth": 75,
      "C1_Depth": 0,
      "Demand": 2,
      "DemandMax": null,
      "Value": 216750,
      "CustomerId": 18,
      "Priority": 18,
      "Alpha": 2,
      "Beta": 2,
      "Density": 1010.926333,
      "Weight": 219.118283,
      "Stackable": 1
    },
    {
      "Length": 64,
      "C1_Length": 1,
      "Height": 50,
      "C1_Height": 1,
      "Depth": 61,
      "C1_Depth": 1,
      "Demand": 2,
      "DemandMax": null,
      "Value": 195200,
      "CustomerId": 24,
      "Priority": 24,
      "Alpha": 2,
      "Beta": 2,
      "Density": 1180.678033,
      "Weight": 230.468352,
      "Stackable": 1
    },
    {
      "Length": 73,
      "C1_Length": 1,
      "Height": 48,
      "C1_Height": 1,
      "Depth": 53,
      "C1_Depth": 1,
      "Demand": 4,
      "DemandMax": null,
      "Value": 185712,
      "CustomerId": 26,
      "Priority": 26,
      "Alpha": 2,
      "Beta": 2,
      "Density": 1388.351601,
      "Weight": 257.833553,
      "Stackable": 1
    },
    {
      "Length": 57,
      "C1_Length": 1,
      "Height": 47,
      "C1_Height": 1,
      "Depth": 53,
      "C1_Depth": 1,
      "Demand": 3,
      "DemandMax": null,
      "Value": 141987,
      "CustomerId": 33,
      "Priority": 33,
      "Alpha": 2,
      "Beta": 2,
      "Density": 875.900325,
      "Weight": 124.36646,
      "Stackable": 1
    },
    {
      "Length": 70,
      "C1_Length": 0,
      "Height": 22,
      "C1_Height": 1,
      "Depth": 50,
      "C1_Depth": 0,
      "Demand": 3,
      "DemandMax": null,
      "Value": 77000,
      "CustomerId": 46,
      "Priority": 46,
      "Alpha": 2,
      "Beta": 2,
      "Density": 795.840426,
      "Weight": 61.279713,
      "Stackable": 1
    },
    {
      "Length": 71,
      "C1_Length": 1,
      "Height": 40,
      "C1_Height": 1,
      "Depth": 47,
      "C1_Depth": 1,
      "Demand": 1,
      "DemandMax": null,
      "Value": 133480,
      "CustomerId": 35,
      "Priority": 35,
      "Alpha": 2,
      "Beta": 2,
      "Density": 1224.970086,
      "Weight": 163.509007,
      "Stackable": 1
    },
    {
      "Length": 117,
      "C1_Length": 0,
      "Height": 21,
      "C1_Height": 1,
      "Depth": 38,
      "C1_Depth": 1,
      "Demand": 1,
      "DemandMax": null,
      "Value": 93366,
      "CustomerId": 42,
      "Priority": 42,
      "Alpha": 2,
      "Beta": 2,
      "Density": 1056.770878,
      "Weight": 98.66647,
      "Stackable": 1
    },
    {
      "Length": 83,
      "C1_Length": 0,
      "Height": 30,
      "C1_Height": 1,
      "Depth": 38,
      "C1_Depth": 1,
      "Demand": 1,
      "DemandMax": null,
      "Value": 94620,
      "CustomerId": 41,
      "Priority": 41,
      "Alpha": 2,
      "Beta": 2,
      "Density": 1075.462692,
      "Weight": 101.76028,
      "Stackable": 1
    },
    {
      "Length": 84,
      "C1_Length": 1,
      "Height": 66,
      "C1_Height": 1,
      "Depth": 71,
      "C1_Depth": 1,
      "Demand": 3,
      "DemandMax": null,
      "Value": 393624,
      "CustomerId": 5,
      "Priority": 5,
      "Alpha": 2,
      "Beta": 2,
      "Density": 1494.690498,
      "Weight": 588.346053,
      "Stackable": 1
    },
    {
      "Length": 66,
      "C1_Length": 1,
      "Height": 38,
      "C1_Height": 1,
      "Depth": 44,
      "C1_Depth": 1,
      "Demand": 2,
      "DemandMax": null,
      "Value": 110352,
      "CustomerId": 39,
      "Priority": 39,
      "Alpha": 2,
      "Beta": 2,
      "Density": 893.815763,
      "Weight": 98.634357,
      "Stackable": 1
    },
    {
      "Length": 66,
      "C1_Length": 1,
      "Height": 45,
      "C1_Height": 1,
      "Depth": 56,
      "C1_Depth": 1,
      "Demand": 2,
      "DemandMax": null,
      "Value": 166320,
      "CustomerId": 30,
      "Priority": 30,
      "Alpha": 2,
      "Beta": 2,
      "Density": 1360.734892,
      "Weight": 226.317427,
      "Stackable": 1
    },
    {
      "Length": 74,
      "C1_Length": 1,
      "Height": 68,
      "C1_Height": 1,
      "Depth": 70,
      "C1_Depth": 1,
      "Demand": 2,
      "DemandMax": null,
      "Value": 352240,
      "CustomerId": 8,
      "Priority": 8,
      "Alpha": 2,
      "Beta": 2,
      "Density": 1582.647395,
      "Weight": 557.471719,
      "Stackable": 1
    },
    {
      "Length": 105,
      "C1_Length": 0,
      "Height": 27,
      "C1_Height": 1,
      "Depth": 64,
      "C1_Depth": 0,
      "Demand": 3,
      "DemandMax": null,
      "Value": 181440,
      "CustomerId": 28,
      "Priority": 28,
      "Alpha": 2,
      "Beta": 2,
      "Density": 951.791288,
      "Weight": 172.693011,
      "Stackable": 1
    },
    {
      "Length": 71,
      "C1_Length": 0,
      "Height": 31,
      "C1_Height": 1,
      "Depth": 59,
      "C1_Depth": 1,
      "Demand": 4,
      "DemandMax": null,
      "Value": 129859,
      "CustomerId": 36,
      "Priority": 36,
      "Alpha": 2,
      "Beta": 2,
      "Density": 1480.432005,
      "Weight": 192.24742,
      "Stackable": 1
    },
    {
      "Length": 70,
      "C1_Length": 0,
      "Height": 21,
      "C1_Height": 1,
      "Depth": 61,
      "C1_Depth": 0,
      "Demand": 2,
      "DemandMax": null,
      "Value": 89670,
      "CustomerId": 43,
      "Priority": 43,
      "Alpha": 2,
      "Beta": 2,
      "Density": 942.4859,
      "Weight": 84.512711,
      "Stackable": 1
    },
    {
      "Length": 98,
      "C1_Length": 0,
      "Height": 24,
      "C1_Height": 1,
      "Depth": 90,
      "C1_Depth": 0,
      "Demand": 1,
      "DemandMax": null,
      "Value": 211680,
      "CustomerId": 20,
      "Priority": 20,
      "Alpha": 2,
      "Beta": 2,
      "Density": 1333.971531,
      "Weight": 282.375094,
      "Stackable": 1
    },
    {
      "Length": 99,
      "C1_Length": 1,
      "Height": 51,
      "C1_Height": 1,
      "Depth": 74,
      "C1_Depth": 1,
      "Demand": 1,
      "DemandMax": null,
      "Value": 373626,
      "CustomerId": 6,
      "Priority": 6,
      "Alpha": 2,
      "Beta": 2,
      "Density": 1129.904916,
      "Weight": 422.161854,
      "Stackable": 1
    },
    {
      "Length": 90,
      "C1_Length": 0,
      "Height": 44,
      "C1_Height": 1,
      "Depth": 54,
      "C1_Depth": 1,
      "Demand": 3,
      "DemandMax": null,
      "Value": 213840,
      "CustomerId": 19,
      "Priority": 19,
      "Alpha": 2,
      "Beta": 2,
      "Density": 1410.510664,
      "Weight": 301.6236,
      "Stackable": 1
    },
    {
      "Length": 81,
      "C1_Length": 1,
      "Height": 56,
      "C1_Height": 1,
      "Depth": 79,
      "C1_Depth": 1,
      "Demand": 5,
      "DemandMax": null,
      "Value": 358344,
      "CustomerId": 7,
      "Priority": 7,
      "Alpha": 2,
      "Beta": 2,
      "Density": 1118.762024,
      "Weight": 400.901659,
      "Stackable": 1
    },
    {
      "Length": 111,
      "C1_Length": 1,
      "Height": 66,
      "C1_Height": 1,
      "Depth": 94,
      "C1_Depth": 1,
      "Demand": 2,
      "DemandMax": null,
      "Value": 688644,
      "CustomerId": 2,
      "Priority": 2,
      "Alpha": 2,
      "Beta": 2,
      "Density": 1658.472195,
      "Weight": 1142.096926,
      "Stackable": 1
    },
    {
      "Length": 82,
      "C1_Length": 0,
      "Height": 41,
      "C1_Height": 1,
      "Depth": 67,
      "C1_Depth": 1,
      "Demand": 3,
      "DemandMax": null,
      "Value": 225254,
      "CustomerId": 15,
      "Priority": 15,
      "Alpha": 2,
      "Beta": 2,
      "Density": 819.578798,
      "Weight": 184.613403,
      "Stackable": 1
    },
    {
      "Length": 117,
      "C1_Length": 0,
      "Height": 21,
      "C1_Height": 1,
      "Depth": 86,
      "C1_Depth": 0,
      "Demand": 3,
      "DemandMax": null,
      "Value": 211302,
      "CustomerId": 21,
      "Priority": 21,
      "Alpha": 2,
      "Beta": 2,
      "Density": 987.443985,
      "Weight": 208.648889,
      "Stackable": 1
    },
    {
      "Length": 86,
      "C1_Length": 1,
      "Height": 53,
      "C1_Height": 1,
      "Depth": 58,
      "C1_Depth": 1,
      "Demand": 2,
      "DemandMax": null,
      "Value": 264364,
      "CustomerId": 13,
      "Priority": 13,
      "Alpha": 2,
      "Beta": 2,
      "Density": 1040.653315,
      "Weight": 275.111273,
      "Stackable": 1
    },
    {
      "Length": 74,
      "C1_Length": 0,
      "Height": 30,
      "C1_Height": 1,
      "Depth": 46,
      "C1_Depth": 1,
      "Demand": 1,
      "DemandMax": null,
      "Value": 102120,
      "CustomerId": 40,
      "Priority": 40,
      "Alpha": 2,
      "Beta": 2,
      "Density": 1120.207516,
      "Weight": 114.395592,
      "Stackable": 1
    },
    {
      "Length": 90,
      "C1_Length": 0,
      "Height": 37,
      "C1_Height": 1,
      "Depth": 46,
      "C1_Depth": 1,
      "Demand": 2,
      "DemandMax": null,
      "Value": 153180,
      "CustomerId": 31,
      "Priority": 31,
      "Alpha": 2,
      "Beta": 2,
      "Density": 908.155064,
      "Weight": 139.111193,
      "Stackable": 1
    },
    {
      "Length": 80,
      "C1_Length": 0,
      "Height": 35,
      "C1_Height": 1,
      "Depth": 74,
      "C1_Depth": 0,
      "Demand": 2,
      "DemandMax": null,
      "Value": 207200,
      "CustomerId": 22,
      "Priority": 22,
      "Alpha": 2,
      "Beta": 2,
      "Density": 1629.98508,
      "Weight": 337.732909,
      "Stackable": 1
    },
    {
      "Length": 72,
      "C1_Length": 0,
      "Height": 36,
      "C1_Height": 1,
      "Depth": 72,
      "C1_Depth": 0,
      "Demand": 2,
      "DemandMax": null,
      "Value": 186624,
      "CustomerId": 25,
      "Priority": 25,
      "Alpha": 2,
      "Beta": 2,
      "Density": 804.078748,
      "Weight": 150.060392,
      "Stackable": 1
    },
    {
      "Length": 80,
      "C1_Length": 0,
      "Height": 34,
      "C1_Height": 1,
      "Depth": 55,
      "C1_Depth": 1,
      "Demand": 4,
      "DemandMax": null,
      "Value": 149600,
      "CustomerId": 32,
      "Priority": 32,
      "Alpha": 2,
      "Beta": 2,
      "Density": 908.330262,
      "Weight": 135.886207,
      "Stackable": 1
    },
    {
      "Length": 80,
      "C1_Length": 0,
      "Height": 40,
      "C1_Height": 1,
      "Depth": 68,
      "C1_Depth": 1,
      "Demand": 1,
      "DemandMax": null,
      "Value": 217600,
      "CustomerId": 17,
      "Priority": 17,
      "Alpha": 2,
      "Beta": 2,
      "Density": 1604.655694,
      "Weight": 349.173079,
      "Stackable": 1
    },
    {
      "Length": 72,
      "C1_Length": 1,
      "Height": 41,
      "C1_Height": 1,
      "Depth": 43,
      "C1_Depth": 1,
      "Demand": 4,
      "DemandMax": null,
      "Value": 126936,
      "CustomerId": 37,
      "Priority": 37,
      "Alpha": 2,
      "Beta": 2,
      "Density": 1375.190295,
      "Weight": 174.561155,
      "Stackable": 1
    },
    {
      "Length": 115,
      "C1_Length": 0,
      "Height": 44,
      "C1_Height": 1,
      "Depth": 69,
      "C1_Depth": 1,
      "Demand": 2,
      "DemandMax": null,
      "Value": 349140,
      "CustomerId": 9,
      "Priority": 9,
      "Alpha": 2,
      "Beta": 2,
      "Density": 1615.713636,
      "Weight": 564.110259,
      "Stackable": 1
    },
    {
      "Length": 70,
      "C1_Length": 0,
      "Height": 31,
      "C1_Height": 1,
      "Depth": 62,
      "C1_Depth": 0,
      "Demand": 1,
      "DemandMax": null,
      "Value": 134540,
      "CustomerId": 34,
      "Priority": 34,
      "Alpha": 2,
      "Beta": 2,
      "Density": 1368.301166,
      "Weight": 184.091239,
      "Stackable": 1
    },
    {
      "Length": 74,
      "C1_Length": 0,
      "Height": 37,
      "C1_Height": 1,
      "Depth": 67,
      "C1_Depth": 1,
      "Demand": 2,
      "DemandMax": null,
      "Value": 183446,
      "CustomerId": 27,
      "Priority": 27,
      "Alpha": 2,
      "Beta": 2,
      "Density": 1023.405239,
      "Weight": 187.739597,
      "Stackable": 1
    },
    {
      "Length": 43,
      "C1_Length": 1,
      "Height": 29,
      "C1_Height": 1,
      "Depth": 34,
      "C1_Depth": 1,
      "Demand": 2,
      "DemandMax": null,
      "Value": 42398,
      "CustomerId": 50,
      "Priority": 50,
      "Alpha": 2,
      "Beta": 2,
      "Density": 1465.83997,
      "Weight": 62.148683,
      "Stackable": 1
    }
  ],
  "Modification": {
    "family": "BR-Modified",
    "seed": 123,
    "weight_model": "beta_density",
    "alpha": 2,
    "beta": 2,
    "Pmax_kg": 28200.0,
    "target_util": 0.8,
    "container_dims": {
      "L": 587,
      "W": 233,
      "H": 220
    },
    "Dc_kg_per_m3": 1171.500338,
    "Dcmin": 585.750169,
    "Dcmax": 1757.250507,
    "customer_rule": "per-type by volume desc; heavy -> higher customer_id/priority",
    "stackable_rule": "type-level Bernoulli(p_nonstackable=0.01)"
  }
}