{
  "Name": "94",
  "Objects": [
    {
      "Length": 587,
      "Height": 233,
      "Depth": 220,
      "Stock": null,
      "Cost": 30089620
    }
  ],
  "Items": [
    {
      "Length": 75,
      "C1_Length": 1,
      "Height": 69,
      "C1_Height": 1,
      "Depth": 73,
      "C1_Depth": 1,
      "Demand": 7,
      "DemandMax": null,
      "Value": 377775,
      "CustomerId": 9,
      "Priority": 9,
      "Alpha": 2,
      "Beta": 2,
      "Density": 958.345199,
      "Weight": 362.038858,
      "Stackable": 1
    },
    {
      "Length": 66,
      "C1_Length": 1,
      "Height": 40,
      "C1_Height": 1,
      "Depth": 56,
      "C1_Depth": 1,
      "Demand": 3,
      "DemandMax": null,
      "Value": 147840,
      "CustomerId": 31,
      "Priority": 31,
      "Alpha": 2,
      "Beta": 2,
      "Density": 1226.480824,
      "Weight": 181.322925,
      "Stackable": 1
    },
    {
      "Length": 64,
      "C1_Length": 1,
      "Height": 41,
      "C1_Height": 1,
      "Depth": 51,
      "C1_Depth": 1,
      "Demand": 4,
      "DemandMax": null,
      "Value": 133824,
      "CustomerId": 36,
      "Priority": 36,
      "Alpha": 2,
      "Beta": 2,
      "Density": 876.736239,
      "Weight": 117.32835,
      "Stackable": 1
    },
    {
      "Length": 90,
      "C1_Length": 0,
      "Height": 28,
      "C1_Height": 1,
      "Depth": 52,
      "C1_Depth": 1,
      "Demand": 3,
      "DemandMax": null,
      "Value": 131040,
      "CustomerId": 37,
      "Priority": 37,
      "Alpha": 2,
      "Beta": 2,
      "Density": 1458.108135,
      "Weight": 191.07049,
      "Stackable": 1
    },
    {
      "Length": 73,
      "C1_Length": 0,
      "Height": 28,
      "C1_Height": 1,
      "Depth": 33,
      "C1_Depth": 1,
      "Demand": 2,
      "DemandMax": null,
      "Value": 67452,
      "CustomerId": 47,
      "Priority": 47,
      "Alpha": 2,
      "Beta": 2,
      "Density": 1111.883454,
      "Weight": 74.998763,
      "Stackable": 1
    },
    {
      "Length": 91,
      "C1_Length": 1,
      "Height": 60,
      "C1_Height": 1,
      "Depth": 76,
      "C1_Depth": 1,
      "Demand": 2,
      "DemandMax": null,
      "Value": 414960,
      "CustomerId": 6,
      "Priority": 6,
      "Alpha": 2,
      "Beta": 2,
      "Density": 1155.860205,
      "Weight": 479.635751,
      "Stackable": 1
    },
    {
      "Length": 54,
      "C1_Length": 1,
      "Height": 28,
      "C1_Height": 1,
      "Depth": 45,
      "C1_Depth": 1,
      "Demand": 4,
      "DemandMax": null,
      "Value": 68040,
      "CustomerId": 46,
      "Priority": 46,
      "Alpha": 2,
      "Beta": 2,
      "Density": 948.028957,
      "Weight": 64.50389,
      "Stackable": 1
    },
    {
      "Length": 107,
      "C1_Length": 1,
      "Height": 56,
      "C1_Height": 1,
      "Depth": 81,
      "C1_Depth": 1,
      "Demand": 2,
      "DemandMax": null,
      "Value": 485352,
      "CustomerId": 2,
      "Priority": 2,
      "Alpha": 2,
      "Beta": 2,
      "Density": 830.52351,
      "Weight": 403.096247,
      "Stackable": 1
    },
    {
      "Length": 63,
      "C1_Length": 1,
      "Height": 44,
      "C1_Height": 1,
      "Depth": 53,
      "C1_Depth": 1,
      "Demand": 3,
      "DemandMax": null,
      "Value": 146916,
      "CustomerId": 32,
      "Priority": 32,
      "Alpha": 2,
      "Beta": 2,
      "Density": 1601.178237,
      "Weight": 235.238702,
      "Stackable": 1
    },
    {
      "Length": 88,
      "C1_Length": 1,
      "Height": 50,
      "C1_Height": 1,
      "Depth": 75,
      "C1_Depth": 1,
      "Demand": 3,
      "DemandMax": null,
      "Value": 330000,
      "CustomerId": 12,
      "Priority": 12,
      "Alpha": 2,
      "Beta": 2,
      "Density": 1025.424493,
      "Weight": 338.390083,
      "Stackable": 1
    },
    {
      "Length": 79,
      "C1_Length": 0,
      "Height": 20,
      "C1_Height": 1,
      "Depth": 76,
      "C1_Depth": 0,
      "Demand": 3,
      "DemandMax": null,
      "Value": 120080,
      "CustomerId": 38,
      "Priority": 38,
      "Alpha": 2,
      "Beta": 2,
      "Density": 1210.158701,
      "Weight": 145.315857,
      "Stackable": 1
    },
    {
      "Length": 116,
      "C1_Length": 1,
      "Height": 66,
      "C1_Height": 1,
      "Depth": 71,
      "C1_Depth": 1,
      "Demand": 2,
      "DemandMax": null,
      "Value": 543576,
      "CustomerId": 1,
      "Priority": 1,
      "Alpha": 2,
      "Beta": 2,
      "Density": 1373.522589,
      "Weight": 746.613915,
      "Stackable": 1
    },
    {
      "Length": 84,
      "C1_Length": 0,
      "Height": 35,
      "C1_Height": 1,
      "Depth": 52,
      "C1_Depth": 1,
      "Demand": 3,
      "DemandMax": null,
      "Value": 152880,
      "CustomerId": 29,
      "Priority": 29,
      "Alpha": 2,
      "Beta": 2,
      "Density": 1275.302736,
      "Weight": 194.968282,
      "Stackable": 1
    },
    {
      "Length": 61,
      "C1_Length": 0,
      "Height": 22,
      "C1_Height": 1,
      "Depth": 56,
      "C1_Depth": 0,
      "Demand": 2,
      "DemandMax": null,
      "Value": 75152,
      "CustomerId": 42,
      "Priority": 42,
      "Alpha": 2,
      "Beta": 2,
      "Density": 735.396558,
      "Weight": 55.266522,
      "Stackable": 1
    },
    {
      "Length": 54,
      "C1_Length": 1,
      "Height": 31,
      "C1_Height": 1,
      "Depth": 53,
      "C1_Depth": 1,
      "Demand": 3,
      "DemandMax": null,
      "Value": 88722,
      "CustomerId": 40,
      "Priority": 40,
      "Alpha": 2,
      "Beta": 2,
      "Density": 976.073318,
      "Weight": 86.599177,
      "Stackable": 1
    },
    {
      "Length": 86,
      "C1_Length": 1,
      "Height": 53,
      "C1_Height": 1,
      "Depth": 85,
      "C1_Depth": 1,
      "Demand": 3,
      "DemandMax": null,
      "Value": 387430,
      "CustomerId": 8,
      "Priority": 8,
      "Alpha": 2,
      "Beta": 2,
      "Density": 1042.620024,
      "Weight": 403.942276,
      "Stackable": 1
    },
    {
      "Length": 84,
      "C1_Length": 0,
      "Height": 29,
      "C1_Height": 1,
      "Depth": 71,
      "C1_Depth": 0,
      "Demand": 5,
      "DemandMax": null,
      "Value": 172956,
      "CustomerId": 26,
      "Priority": 26,
      "Alpha": 2,
      "Beta": 2,
      "Density": 949.6702,
      "Weight": 164.251159,
      "Stackable": 1
    },
    {
      "Length": 80,
      "C1_Length": 1,
      "Height": 41,
      "C1_Height": 1,
      "Depth": 52,
      "C1_Depth": 1,
      "Demand": 1,
      "DemandMax": null,
      "Value": 170560,
      "CustomerId": 27,
      "Priority": 27,
      "Alpha": 2,
      "Beta": 2,
      "Density": 1128.154613,
      "Weight": 192.418051,
      "Stackable": 1
    },
    {
      "Length": 83,
      "C1_Length": 0,
      "Height": 26,
      "C1_Height": 1,
      "Depth": 33,
      "C1_Depth": 1,
      "Demand": 4,
      "DemandMax": null,
      "Value": 71214,
      "CustomerId": 44,
      "Priority": 44,
      "Alpha": 2,
      "Beta": 2,
      "Density": 868.993545,
      "Weight": 61.884506,
      "Stackable": 1
    },
    {
      "Length": 99,
      "C1_Length": 0,
      "Height": 38,
      "C1_Height": 1,
      "Depth": 60,
      "C1_Depth": 1,
      "Demand": 6,
      "DemandMax": null,
      "Value": 225720,
      "CustomerId": 18,
      "Priority": 18,
      "Alpha": 2,
      "Beta": 2,
      "Density": 1226.373663,
      "Weight": 276.817063,
      "Stackable": 1
    },
    {
      "Length": 83,
      "C1_Length": 0,
      "Height": 37,
      "C1_Height": 1,
      "Depth": 47,
      "C1_Depth": 1,
      "Demand": 4,
      "DemandMax": null,
      "Value": 144337,
      "CustomerId": 33,
      "Priority": 33,
      "Alpha": 2,
      "Beta": 2,
      "Density": 1425.668372,
      "Weight": 205.776696,
      "Stackable": 1
    },
    {
      "Length": 50,
      "C1_Length": 1,
      "Height": 36,
      "C1_Height": 1,
      "Depth": 41,
      "C1_Depth": 1,
      "Demand": 1,
      "DemandMax": null,
      "Value": 73800,
      "CustomerId": 43,
      "Priority": 43,
      "Alpha": 2,
      "Beta": 2,
      "Density": 1629.516795,
      "Weight": 120.258339,
      "Stackable": 1
    },
    {
      "Length": 43,
      "C1_Length": 1,
      "Height": 40,
      "C1_Height": 1,
      "Depth": 40,
      "C1_Depth": 1,
      "Demand": 2,
      "DemandMax": null,
      "Value": 68800,
      "CustomerId": 45,
      "Priority": 45,
      "Alpha": 2,
      "Beta": 2,
      "Density": 1013.035652,
      "Weight": 69.696853,
      "Stackable": 1
    },
    {
      "Length": 87,
      "C1_Length": 0,
      "Height": 43,
      "C1_Height": 1,
      "Depth": 73,
      "C1_Depth": 1,
      "Demand": 1,
      "DemandMax": null,
      "Value": 273093,
      "CustomerId": 13,
      "Priority": 13,
      "Alpha": 2,
      "Beta": 2,
      "Density": 1610.360684,
      "Weight": 439.77823,
      "Stackable": 1
    },
    {
      "Length": 81,
      "C1_Length": 1,
      "Height": 49,
      "C1_Height": 1,
      "Depth": 60,
      "C1_Depth": 1,
      "Demand": 4,
      "DemandMax": null,
      "Value": 238140,
      "CustomerId": 16,
      "Priority": 16,
      "Alpha": 2,
      "Beta": 2,
      "Density": 1447.992595,
      "Weight": 344.824957,
      "Stackable": 1
    },
    {
      "Length": 57,
      "C1_Length": 1,
      "Height": 49,
      "C1_Height": 1,
      "Depth": 56,
      "C1_Depth": 1,
      "Demand": 3,
      "DemandMax": null,
      "Value": 156408,
      "CustomerId": 28,
      "Priority": 28,
      "Alpha": 2,
      "Beta": 2,
      "Density": 1512.660726,
      "Weight": 236.592239,
      "Stackable": 1
    },
    {
      "Length": 57,
      "C1_Length": 0,
      "Height": 23,
      "C1_Height": 1,
      "Depth": 34,
      "C1_Depth": 1,
      "Demand": 2,
      "DemandMax": null,
      "Value": 44574,
      "CustomerId": 48,
      "Priority": 48,
      "Alpha": 2,
      "Beta": 2,
      "Density": 1402.46771,
      "Weight": 62.513596,
      "Stackable": 1
    },
    {
      "Length": 94,
      "C1_Length": 0,
      "Height": 47,
      "C1_Height": 1,
      "Depth": 89,
      "C1_Depth": 1,
      "Demand": 1,
      "DemandMax": null,
      "Value": 393202,
      "CustomerId": 7,
      "Priority": 7,
      "Alpha": 2,
      "Beta": 2,
      "Density": 718.396894,
      "Weight": 282.475096,
      "Stackable": 1
    },
    {
      "Length": 79,
      "C1_Length": 0,
      "Height": 34,
      "C1_Height": 1,
      "Depth": 52,
      "C1_Depth": 1,
      "Demand": 3,
      "DemandMax": null,
      "Value": 139672,
      "CustomerId": 35,
      "Priority": 35,
      "Alpha": 2,
      "Beta": 2,
      "Density": 1541.418565,
      "Weight": 215.293014,
      "Stackable": 1
    },
    {
      "Length": 87,
      "C1_Length": 0,
      "Height": 36,
      "C1_Height": 1,
      "Depth": 60,
      "C1_Depth": 1,
      "Demand": 2,
      "DemandMax": null,
      "Value": 187920,
      "CustomerId": 25,
      "Priority": 25,
      "Alpha": 2,
      "Beta": 2,
      "Density": 1196.238051,
      "Weight": 224.797054,
      "Stackable": 1
    },
    {
      "Length": 103,
      "C1_Length": 0,
      "Height": 39,
      "C1_Height": 1,
      "Depth": 48,
      "C1_Depth": 1,
      "Demand": 4,
      "DemandMax": null,
      "Value": 192816,
      "CustomerId": 24,
      "Priority": 24,
      "Alpha": 2,
      "Beta": 2,
      "Density": 632.888404,
      "Weight": 122.03101,
      "Stackable": 1
    },
    {
      "Length": 71,
      "C1_Length": 1,
      "Height": 45,
      "C1_Height": 1,
      "Depth": 68,
      "C1_Depth": 1,
      "Demand": 2,
      "DemandMax": null,
      "Value": 217260,
      "CustomerId": 20,
      "Priority": 20,
      "Alpha": 2,
      "Beta": 2,
      "Density": 969.076364,
      "Weight": 210.541531,
      "Stackable": 1
    },
    {
      "Length": 95,
      "C1_Length": 1,
      "Height": 67,
      "C1_Height": 1,
      "Depth": 69,
      "C1_Depth": 1,
      "Demand": 1,
      "DemandMax": null,
      "Value": 439185,
      "CustomerId": 5,
      "Priority": 5,
      "Alpha": 2,
      "Beta": 2,
      "Density": 1493.502606,
      "Weight": 655.923942,
      "Stackable": 1
    },
    {
      "Length": 107,
      "C1_Length": 0,
      "Height": 33,
      "C1_Height": 1,
      "Depth": 95,
      "C1_Depth": 0,
      "Demand": 4,
      "DemandMax": null,
      "Value": 335445,
      "CustomerId": 11,
      "Priority": 11,
      "Alpha": 2,
      "Beta": 2,
      "Density": 1587.715117,
      "Weight": 532.591097,
      "Stackable": 1
    },
    {
      "Length": 90,
      "C1_Length": 1,
      "Height": 55,
      "C1_Height": 1,
      "Depth": 73,
      "C1_Depth": 1,
      "Demand": 2,
      "DemandMax": null,
      "Value": 361350,
      "CustomerId": 10,
      "Priority": 10,
      "Alpha": 2,
      "Beta": 2,
      "Density": 992.411595,
      "Weight": 358.60793,
      "Stackable": 1
    },
    {
      "Length": 90,
      "C1_Length": 0,
      "Height": 39,
      "C1_Height": 1,
      "Depth": 58,
      "C1_Depth": 1,
      "Demand": 4,
      "DemandMax": null,
      "Value": 203580,
      "CustomerId": 22,
      "Priority": 22,
      "Alpha": 2,
      "Beta": 2,
      "Density": 1493.481273,
      "Weight": 304.042918,
      "Stackable": 1
    },
    {
      "Length": 89,
      "C1_Length": 0,
      "Height": 36,
      "C1_Height": 1,
      "Depth": 79,
      "C1_Depth": 0,
      "Demand": 2,
      "DemandMax": null,
      "Value": 253116,
      "CustomerId": 15,
      "Priority": 15,
      "Alpha": 2,
      "Beta": 2,
      "Density": 1081.034214,
      "Weight": 273.627056,
      "Stackable": 1
    },
    {
      "Length": 110,
      "C1_Length": 1,
      "Height": 56,
      "C1_Height": 1,
      "Depth": 74,
      "C1_Depth": 1,
      "Demand": 3,
      "DemandMax": null,
      "Value": 455840,
      "CustomerId": 4,
      "Priority": 4,
      "Alpha": 2,
      "Beta": 2,
      "Density": 1246.279363,
      "Weight": 568.103985,
      "Stackable": 1
    },
    {
      "Length": 55,
      "C1_Length": 0,
      "Height": 27,
      "C1_Height": 1,
      "Depth": 30,
      "C1_Depth": 1,
      "Demand": 1,
      "DemandMax": null,
      "Value": 44550,
      "CustomerId": 49,
      "Priority": 49,
      "Alpha": 2,
      "Beta": 2,
      "Density": 1075.065067,
      "Weight": 47.894149,
      "Stackable": 1
    },
    {
      "Length": 44,
      "C1_Length": 1,
      "Height": 43,
      "C1_Height": 1,
      "Depth": 44,
      "C1_Depth": 1,
      "Demand": 2,
      "DemandMax": null,
      "Value": 83248,
      "CustomerId": 41,
      "Priority": 41,
      "Alpha": 2,
      "Beta": 2,
      "Density": 1152.725588,
      "Weight": 95.9621,
      "Stackable": 1
    },
    {
      "Length": 82,
      "C1_Length": 0,
      "Height": 41,
      "C1_Height": 1,
      "Depth": 45,
      "C1_Depth": 1,
      "Demand": 4,
      "DemandMax": null,
      "Value": 151290,
      "CustomerId": 30,
      "Priority": 30,
      "Alpha": 2,
      "Beta": 2,
      "Density": 1096.311166,
      "Weight": 165.860916,
      "Stackable": 1
    },
    {
      "Length": 105,
      "C1_Length": 0,
      "Height": 46,
      "C1_Height": 1,
      "Depth": 47,
      "C1_Depth": 1,
      "Demand": 2,
      "DemandMax": null,
      "Value": 227010,
      "CustomerId": 17,
      "Priority": 17,
      "Alpha": 2,
      "Beta": 2,
      "Density": 1296.995379,
      "Weight": 294.430921,
      "Stackable": 1
    },
    {
      "Length": 38,
      "C1_Length": 1,
      "Height": 32,
      "C1_Height": 1,
      "Depth": 35,
      "C1_Depth": 1,
      "Demand": 3,
      "DemandMax": null,
      "Value": 42560,
      "CustomerId": 50,
      "Priority": 50,
      "Alpha": 2,
      "Beta": 2,
      "Density": 1106.369687,
      "Weight": 47.087094,
      "Stackable": 1
    },
    {
      "Length": 82,
      "C1_Length": 1,
      "Height": 45,
      "C1_Height": 1,
      "Depth": 60,
      "C1_Depth": 1,
      "Demand": 6,
      "DemandMax": null,
      "Value": 221400,
      "CustomerId": 19,
      "Priority": 19,
      "Alpha": 2,
      "Beta": 2,
      "Density": 1716.356253,
      "Weight": 380.001274,
      "Stackable": 1
    },
    {
      "Length": 89,
      "C1_Length": 1,
      "Height": 60,
      "C1_Height": 1,
      "Depth": 88,
      "C1_Depth": 1,
      "Demand": 2,
      "DemandMax": null,
      "Value": 469920,
      "CustomerId": 3,
      "Priority": 3,
      "Alpha": 2,
      "Beta": 2,
      "Density": 759.918934,
      "Weight": 357.101105,
      "Stackable": 1
    },
    {
      "Length": 71,
      "C1_Length": 1,
      "Height": 40,
      "C1_Height": 1,
      "Depth": 50,
      "C1_Depth": 1,
      "Demand": 1,
      "DemandMax": null,
      "Value": 142000,
      "CustomerId": 34,
      "Priority": 34,
      "Alpha": 2,
      "Beta": 2,
      "Density": 1347.419089,
      "Weight": 191.333511,
      "Stackable": 1
    },
    {
      "Length": 63,
      "C1_Length": 1,
      "Height": 32,
      "C1_Height": 1,
      "Depth": 46,
      "C1_Depth": 1,
      "Demand": 3,
      "DemandMax": null,
      "Value": 92736,
      "CustomerId": 39,
      "Priority": 39,
      "Alpha": 2,
      "Beta": 2,
      "Density": 1271.740814,
      "Weight": 117.936156,
      "Stackable": 1
    },
    {
      "Length": 86,
      "C1_Length": 0,
      "Height": 28,
      "C1_Height": 1,
      "Depth": 82,
      "C1_Depth": 0,
      "Demand": 2,
      "DemandMax": null,
      "Value": 197456,
      "CustomerId": 23,
      "Priority": 23,
      "Alpha": 2,
      "Beta": 2,
      "Density": 1093.839381,
      "Weight": 215.985149,
      "Stackable": 1
    },
    {
      "Length": 114,
      "C1_Length": 0,
      "Height": 34,
      "C1_Height": 1,
      "Depth": 56,
      "C1_Depth": 1,
      "Demand": 2,
      "DemandMax": null,
      "Value": 217056,
      "CustomerId": 21,
      "Priority": 21,
      "Alpha": 2,
      "Beta": 2,
      "Density": 1360.433329,
      "Weight": 295.290217,
      "Stackable": 1
    },
    {
      "Length": 66,
      "C1_Length": 1,
      "Height": 59,
      "C1_Height": 1,
      "Depth": 66,
      "C1_Depth": 1,
      "Demand": 4,
      "DemandMax": null,
      "Value": 257004,
      "CustomerId": 14,
      "Priority": 14,
      "Alpha": 2,
      "Beta": 2,
      "Density": 1329.279893,
      "Weight": 341.63025,
      "Stackable": 1
    }
  ],
  "Modification": {
    "family": "BR-Modified",
    "seed": 123,
    "weight_model": "beta_density",
    "alpha": 2,
    "beta": 2,
    "Pmax_kg": 28200.0,
    "target_util": 0.8,
    "container_dims": {
      "L": 587,
      "W": 233,
      "H": 220
    },
    "Dc_kg_per_m3": 1171.500338,
    "Dcmin": 585.750169,
    "Dcmax": 1757.250507,
    "customer_rule": "per-type by volume desc; heavy -> higher customer_id/priority",
    "stackable_rule": "type-level Bernoulli(p_nonstackable=0.01)"
  }
}