{
  "Name": "100",
  "Objects": [
    {
      "Length": 587,
      "Height": 233,
      "Depth": 220,
      "Stock": null,
      "Cost": 30089620
    }
  ],
  "Items": [
    {
      "Length": 78,
      "C1_Length": 1,
      "Height": 47,
      "C1_Height": 1,
      "Depth": 49,
      "C1_Depth": 1,
      "Demand": 3,
      "DemandMax": null,
      "Value": 179634,
      "CustomerId": 39,
      "Priority": 39,
      "Alpha": 2,
      "Beta": 2,
      "Density": 1166.682289,
      "Weight": 209.575806,
      "Stackable": 1
    },
    {
      "Length": 46,
      "C1_Length": 1,
      "Height": 43,
      "C1_Height": 1,
      "Depth": 45,
      "C1_Depth": 1,
      "Demand": 1,
      "DemandMax": null,
      "Value": 89010,
      "CustomerId": 64,
      "Priority": 64,
      "Alpha": 2,
      "Beta": 2,
      "Density": 874.691489,
      "Weight": 77.856289,
      "Stackable": 1
    },
    {
      "Length": 98,
      "C1_Length": 0,
      "Height": 36,
      "C1_Height": 1,
      "Depth": 44,
      "C1_Depth": 1,
      "Demand": 1,
      "DemandMax": null,
      "Value": 155232,
      "CustomerId": 45,
      "Priority": 45,
      "Alpha": 2,
      "Beta": 2,
      "Density": 1192.920865,
      "Weight": 185.179492,
      "Stackable": 1
    },
    {
      "Length": 100,
      "C1_Length": 0,
      "Height": 31,
      "C1_Height": 1,
      "Depth": 89,
      "C1_Depth": 0,
      "Demand": 3,
      "DemandMax": null,
      "Value": 275900,
      "CustomerId": 22,
      "Priority": 22,
      "Alpha": 2,
      "Beta": 2,
      "Density": 894.517743,
      "Weight": 246.797445,
      "Stackable": 1
    },
    {
      "Length": 108,
      "C1_Length": 0,
      "Height": 47,
      "C1_Height": 1,
      "Depth": 76,
      "C1_Depth": 1,
      "Demand": 2,
      "DemandMax": null,
      "Value": 385776,
      "CustomerId": 10,
      "Priority": 10,
      "Alpha": 2,
      "Beta": 2,
      "Density": 955.342518,
      "Weight": 368.548215,
      "Stackable": 1
    },
    {
      "Length": 75,
      "C1_Length": 0,
      "Height": 28,
      "C1_Height": 1,
      "Depth": 36,
      "C1_Depth": 1,
      "Demand": 1,
      "DemandMax": null,
      "Value": 75600,
      "CustomerId": 67,
      "Priority": 67,
      "Alpha": 2,
      "Beta": 2,
      "Density": 750.971727,
      "Weight": 56.773463,
      "Stackable": 1
    },
    {
      "Length": 108,
      "C1_Length": 1,
      "Height": 56,
      "C1_Height": 1,
      "Depth": 82,
      "C1_Depth": 1,
      "Demand": 2,
      "DemandMax": null,
      "Value": 495936,
      "CustomerId": 3,
      "Priority": 3,
      "Alpha": 2,
      "Beta": 2,
      "Density": 1294.545724,
      "Weight": 642.011828,
      "Stackable": 1
    },
    {
      "Length": 45,
      "C1_Length": 1,
      "Height": 24,
      "C1_Height": 1,
      "Depth": 41,
      "C1_Depth": 1,
      "Demand": 1,
      "DemandMax": null,
      "Value": 44280,
      "CustomerId": 69,
      "Priority": 69,
      "Alpha": 2,
      "Beta": 2,
      "Density": 1263.842775,
      "Weight": 55.962958,
      "Stackable": 1
    },
    {
      "Length": 103,
      "C1_Length": 0,
      "Height": 38,
      "C1_Height": 1,
      "Depth": 48,
      "C1_Depth": 1,
      "Demand": 1,
      "DemandMax": null,
      "Value": 187872,
      "CustomerId": 38,
      "Priority": 38,
      "Alpha": 2,
      "Beta": 2,
      "Density": 1229.276768,
      "Weight": 230.946685,
      "Stackable": 1
    },
    {
      "Length": 74,
      "C1_Length": 1,
      "Height": 46,
      "C1_Height": 1,
      "Depth": 62,
      "C1_Depth": 1,
      "Demand": 1,
      "DemandMax": null,
      "Value": 211048,
      "CustomerId": 33,
      "Priority": 33,
      "Alpha": 2,
      "Beta": 2,
      "Density": 1324.312316,
      "Weight": 279.493466,
      "Stackable": 1
    },
    {
      "Length": 96,
      "C1_Length": 0,
      "Height": 44,
      "C1_Height": 1,
      "Depth": 56,
      "C1_Depth": 1,
      "Demand": 3,
      "DemandMax": null,
      "Value": 236544,
      "CustomerId": 31,
      "Priority": 31,
      "Alpha": 2,
      "Beta": 2,
      "Density": 1230.974294,
      "Weight": 291.179583,
      "Stackable": 1
    },
    {
      "Length": 117,
      "C1_Length": 0,
      "Height": 42,
      "C1_Height": 1,
      "Depth": 64,
      "C1_Depth": 1,
      "Demand": 1,
      "DemandMax": null,
      "Value": 314496,
      "CustomerId": 15,
      "Priority": 15,
      "Alpha": 2,
      "Beta": 2,
      "Density": 1100.538138,
      "Weight": 346.114842,
      "Stackable": 1
    },
    {
      "Length": 73,
      "C1_Length": 1,
      "Height": 50,
      "C1_Height": 1,
      "Depth": 71,
      "C1_Depth": 1,
      "Demand": 2,
      "DemandMax": null,
      "Value": 259150,
      "CustomerId": 28,
      "Priority": 28,
      "Alpha": 2,
      "Beta": 2,
      "Density": 647.327122,
      "Weight": 167.754824,
      "Stackable": 1
    },
    {
      "Length": 61,
      "C1_Length": 1,
      "Height": 47,
      "C1_Height": 1,
      "Depth": 48,
      "C1_Depth": 1,
      "Demand": 1,
      "DemandMax": null,
      "Value": 137616,
      "CustomerId": 51,
      "Priority": 51,
      "Alpha": 2,
      "Beta": 2,
      "Density": 938.54072,
      "Weight": 129.15822,
      "Stackable": 1
    },
    {
      "Length": 91,
      "C1_Length": 0,
      "Height": 27,
      "C1_Height": 1,
      "Depth": 49,
      "C1_Depth": 1,
      "Demand": 2,
      "DemandMax": null,
      "Value": 120393,
      "CustomerId": 56,
      "Priority": 56,
      "Alpha": 2,
      "Beta": 2,
      "Density": 1327.344089,
      "Weight": 159.802937,
      "Stackable": 1
    },
    {
      "Length": 78,
      "C1_Length": 0,
      "Height": 28,
      "C1_Height": 1,
      "Depth": 77,
      "C1_Depth": 0,
      "Demand": 2,
      "DemandMax": null,
      "Value": 168168,
      "CustomerId": 43,
      "Priority": 43,
      "Alpha": 2,
      "Beta": 2,
      "Density": 1247.15715,
      "Weight": 209.731924,
      "Stackable": 1
    },
    {
      "Length": 119,
      "C1_Length": 0,
      "Height": 34,
      "C1_Height": 1,
      "Depth": 78,
      "C1_Depth": 0,
      "Demand": 2,
      "DemandMax": null,
      "Value": 315588,
      "CustomerId": 14,
      "Priority": 14,
      "Alpha": 2,
      "Beta": 2,
      "Density": 1647.13443,
      "Weight": 519.81586,
      "Stackable": 1
    },
    {
      "Length": 106,
      "C1_Length": 1,
      "Height": 63,
      "C1_Height": 1,
      "Depth": 78,
      "C1_Depth": 1,
      "Demand": 1,
      "DemandMax": null,
      "Value": 520884,
      "CustomerId": 2,
      "Priority": 2,
      "Alpha": 2,
      "Beta": 2,
      "Density": 1386.091665,
      "Weight": 721.992971,
      "Stackable": 1
    },
    {
      "Length": 82,
      "C1_Length": 1,
      "Height": 62,
      "C1_Height": 1,
      "Depth": 68,
      "C1_Depth": 1,
      "Demand": 1,
      "DemandMax": null,
      "Value": 345712,
      "CustomerId": 11,
      "Priority": 11,
      "Alpha": 2,
      "Beta": 2,
      "Density": 783.976849,
      "Weight": 271.030204,
      "Stackable": 1
    },
    {
      "Length": 100,
      "C1_Length": 1,
      "Height": 53,
      "C1_Height": 1,
      "Depth": 73,
      "C1_Depth": 1,
      "Demand": 3,
      "DemandMax": null,
      "Value": 386900,
      "CustomerId": 9,
      "Priority": 9,
      "Alpha": 2,
      "Beta": 2,
      "Density": 1602.740731,
      "Weight": 620.100389,
      "Stackable": 1
    },
    {
      "Length": 74,
      "C1_Length": 0,
      "Height": 30,
      "C1_Height": 1,
      "Depth": 62,
      "C1_Depth": 0,
      "Demand": 3,
      "DemandMax": null,
      "Value": 137640,
      "CustomerId": 50,
      "Priority": 50,
      "Alpha": 2,
      "Beta": 2,
      "Density": 1184.557074,
      "Weight": 163.042436,
      "Stackable": 1
    },
    {
      "Length": 76,
      "C1_Length": 0,
      "Height": 20,
      "C1_Height": 1,
      "Depth": 25,
      "C1_Depth": 1,
      "Demand": 1,
      "DemandMax": null,
      "Value": 38000,
      "CustomerId": 70,
      "Priority": 70,
      "Alpha": 2,
      "Beta": 2,
      "Density": 1095.317423,
      "Weight": 41.622062,
      "Stackable": 1
    },
    {
      "Length": 97,
      "C1_Length": 0,
      "Height": 34,
      "C1_Height": 1,
      "Depth": 44,
      "C1_Depth": 1,
      "Demand": 1,
      "DemandMax": null,
      "Value": 145112,
      "CustomerId": 47,
      "Priority": 47,
      "Alpha": 2,
      "Beta": 2,
      "Density": 1449.117546,
      "Weight": 210.284345,
      "Stackable": 1
    },
    {
      "Length": 98,
      "C1_Length": 0,
      "Height": 49,
      "C1_Height": 1,
      "Depth": 56,
      "C1_Depth": 1,
      "Demand": 2,
      "DemandMax": null,
      "Value": 268912,
      "CustomerId": 25,
      "Priority": 25,
      "Alpha": 2,
      "Beta": 2,
      "Density": 993.372464,
      "Weight": 267.129776,
      "Stackable": 1
    },
    {
      "Length": 66,
      "C1_Length": 1,
      "Height": 38,
      "C1_Height": 1,
      "Depth": 46,
      "C1_Depth": 1,
      "Demand": 4,
      "DemandMax": null,
      "Value": 115368,
      "CustomerId": 61,
      "Priority": 61,
      "Alpha": 2,
      "Beta": 2,
      "Density": 1471.108582,
      "Weight": 169.718855,
      "Stackable": 1
    },
    {
      "Length": 64,
      "C1_Length": 0,
      "Height": 32,
      "C1_Height": 1,
      "Depth": 36,
      "C1_Depth": 1,
      "Demand": 2,
      "DemandMax": null,
      "Value": 73728,
      "CustomerId": 68,
      "Priority": 68,
      "Alpha": 2,
      "Beta": 2,
      "Density": 921.052916,
      "Weight": 67.907389,
      "Stackable": 1
    },
    {
      "Length": 118,
      "C1_Length": 0,
      "Height": 45,
      "C1_Height": 1,
      "Depth": 79,
      "C1_Depth": 1,
      "Demand": 2,
      "DemandMax": null,
      "Value": 419490,
      "CustomerId": 8,
      "Priority": 8,
      "Alpha": 2,
      "Beta": 2,
      "Density": 986.323078,
      "Weight": 413.752668,
      "Stackable": 1
    },
    {
      "Length": 75,
      "C1_Length": 1,
      "Height": 45,
      "C1_Height": 1,
      "Depth": 60,
      "C1_Depth": 1,
      "Demand": 1,
      "DemandMax": null,
      "Value": 202500,
      "CustomerId": 36,
      "Priority": 36,
      "Alpha": 2,
      "Beta": 2,
      "Density": 1102.105691,
      "Weight": 223.176402,
      "Stackable": 1
    },
    {
      "Length": 95,
      "C1_Length": 0,
      "Height": 47,
      "C1_Height": 1,
      "Depth": 68,
      "C1_Depth": 1,
      "Demand": 3,
      "DemandMax": null,
      "Value": 303620,
      "CustomerId": 18,
      "Priority": 18,
      "Alpha": 2,
      "Beta": 2,
      "Density": 1245.59755,
      "Weight": 378.188328,
      "Stackable": 1
    },
    {
      "Length": 78,
      "C1_Length": 0,
      "Height": 29,
      "C1_Height": 1,
      "Depth": 51,
      "C1_Depth": 1,
      "Demand": 1,
      "DemandMax": null,
      "Value": 115362,
      "CustomerId": 62,
      "Priority": 62,
      "Alpha": 2,
      "Beta": 2,
      "Density": 815.492299,
      "Weight": 94.076823,
      "Stackable": 1
    },
    {
      "Length": 96,
      "C1_Length": 0,
      "Height": 47,
      "C1_Height": 1,
      "Depth": 68,
      "C1_Depth": 1,
      "Demand": 2,
      "DemandMax": null,
      "Value": 306816,
      "CustomerId": 17,
      "Priority": 17,
      "Alpha": 2,
      "Beta": 2,
      "Density": 880.803351,
      "Weight": 270.244561,
      "Stackable": 1
    },
    {
      "Length": 88,
      "C1_Length": 0,
      "Height": 44,
      "C1_Height": 1,
      "Depth": 67,
      "C1_Depth": 1,
      "Demand": 3,
      "DemandMax": null,
      "Value": 259424,
      "CustomerId": 27,
      "Priority": 27,
      "Alpha": 2,
      "Beta": 2,
      "Density": 1340.939301,
      "Weight": 347.871837,
      "Stackable": 1
    },
    {
      "Length": 56,
      "C1_Length": 1,
      "Height": 44,
      "C1_Height": 1,
      "Depth": 47,
      "C1_Depth": 1,
      "Demand": 2,
      "DemandMax": null,
      "Value": 115808,
      "CustomerId": 60,
      "Priority": 60,
      "Alpha": 2,
      "Beta": 2,
      "Density": 924.189299,
      "Weight": 107.028514,
      "Stackable": 1
    },
    {
      "Length": 115,
      "C1_Length": 0,
      "Height": 32,
      "C1_Height": 1,
      "Depth": 36,
      "C1_Depth": 1,
      "Demand": 2,
      "DemandMax": null,
      "Value": 132480,
      "CustomerId": 54,
      "Priority": 54,
      "Alpha": 2,
      "Beta": 2,
      "Density": 1315.052112,
      "Weight": 174.218104,
      "Stackable": 1
    },
    {
      "Length": 51,
      "C1_Length": 1,
      "Height": 47,
      "C1_Height": 1,
      "Depth": 49,
      "C1_Depth": 1,
      "Demand": 3,
      "DemandMax": null,
      "Value": 117453,
      "CustomerId": 58,
      "Priority": 58,
      "Alpha": 2,
      "Beta": 2,
      "Density": 680.981653,
      "Weight": 79.983338,
      "Stackable": 1
    },
    {
      "Length": 79,
      "C1_Length": 1,
      "Height": 78,
      "C1_Height": 1,
      "Depth": 79,
      "C1_Depth": 1,
      "Demand": 1,
      "DemandMax": null,
      "Value": 486798,
      "CustomerId": 6,
      "Priority": 6,
      "Alpha": 2,
      "Beta": 2,
      "Density": 1287.994633,
      "Weight": 626.993211,
      "Stackable": 1
    },
    {
      "Length": 111,
      "C1_Length": 0,
      "Height": 32,
      "C1_Height": 1,
      "Depth": 55,
      "C1_Depth": 1,
      "Demand": 1,
      "DemandMax": null,
      "Value": 195360,
      "CustomerId": 37,
      "Priority": 37,
      "Alpha": 2,
      "Beta": 2,
      "Density": 905.679555,
      "Weight": 176.933558,
      "Stackable": 1
    },
    {
      "Length": 87,
      "C1_Length": 0,
      "Height": 41,
      "C1_Height": 1,
      "Depth": 48,
      "C1_Depth": 1,
      "Demand": 1,
      "DemandMax": null,
      "Value": 171216,
      "CustomerId": 42,
      "Priority": 42,
      "Alpha": 2,
      "Beta": 2,
      "Density": 1260.368623,
      "Weight": 215.795274,
      "Stackable": 1
    },
    {
      "Length": 72,
      "C1_Length": 1,
      "Height": 41,
      "C1_Height": 1,
      "Depth": 47,
      "C1_Depth": 1,
      "Demand": 2,
      "DemandMax": null,
      "Value": 138744,
      "CustomerId": 49,
      "Priority": 49,
      "Alpha": 2,
      "Beta": 2,
      "Density": 1383.06913,
      "Weight": 191.892543,
      "Stackable": 1
    },
    {
      "Length": 84,
      "C1_Length": 0,
      "Height": 39,
      "C1_Height": 1,
      "Depth": 76,
      "C1_Depth": 1,
      "Demand": 1,
      "DemandMax": null,
      "Value": 248976,
      "CustomerId": 30,
      "Priority": 30,
      "Alpha": 2,
      "Beta": 2,
      "Density": 782.742395,
      "Weight": 194.884071,
      "Stackable": 1
    },
    {
      "Length": 100,
      "C1_Length": 1,
      "Height": 53,
      "C1_Height": 1,
      "Depth": 63,
      "C1_Depth": 1,
      "Demand": 3,
      "DemandMax": null,
      "Value": 333900,
      "CustomerId": 13,
      "Priority": 13,
      "Alpha": 2,
      "Beta": 2,
      "Density": 1233.095162,
      "Weight": 411.730474,
      "Stackable": 1
    },
    {
      "Length": 87,
      "C1_Length": 0,
      "Height": 24,
      "C1_Height": 1,
      "Depth": 85,
      "C1_Depth": 0,
      "Demand": 1,
      "DemandMax": null,
      "Value": 177480,
      "CustomerId": 40,
      "Priority": 40,
      "Alpha": 2,
      "Beta": 2,
      "Density": 1223.305823,
      "Weight": 217.112317,
      "Stackable": 1
    },
    {
      "Length": 109,
      "C1_Length": 1,
      "Height": 57,
      "C1_Height": 1,
      "Depth": 74,
      "C1_Depth": 1,
      "Demand": 2,
      "DemandMax": null,
      "Value": 459762,
      "CustomerId": 7,
      "Priority": 7,
      "Alpha": 2,
      "Beta": 2,
      "Density": 1361.707956,
      "Weight": 626.061573,
      "Stackable": 1
    },
    {
      "Length": 87,
      "C1_Length": 1,
      "Height": 75,
      "C1_Height": 1,
      "Depth": 76,
      "C1_Depth": 1,
      "Demand": 2,
      "DemandMax": null,
      "Value": 495900,
      "CustomerId": 4,
      "Priority": 4,
      "Alpha": 2,
      "Beta": 2,
      "Density": 931.896391,
      "Weight": 462.12742,
      "Stackable": 1
    },
    {
      "Length": 80,
      "C1_Length": 1,
      "Height": 59,
      "C1_Height": 1,
      "Depth": 60,
      "C1_Depth": 1,
      "Demand": 2,
      "DemandMax": null,
      "Value": 283200,
      "CustomerId": 20,
      "Priority": 20,
      "Alpha": 2,
      "Beta": 2,
      "Density": 1510.575889,
      "Weight": 427.795092,
      "Stackable": 1
    },
    {
      "Length": 78,
      "C1_Length": 0,
      "Height": 36,
      "C1_Height": 1,
      "Depth": 74,
      "C1_Depth": 0,
      "Demand": 1,
      "DemandMax": null,
      "Value": 207792,
      "CustomerId": 34,
      "Priority": 34,
      "Alpha": 2,
      "Beta": 2,
      "Density": 1359.51558,
      "Weight": 282.496461,
      "Stackable": 1
    },
    {
      "Length": 88,
      "C1_Length": 1,
      "Height": 55,
      "C1_Height": 1,
      "Depth": 57,
      "C1_Depth": 1,
      "Demand": 2,
      "DemandMax": null,
      "Value": 275880,
      "CustomerId": 23,
      "Priority": 23,
      "Alpha": 2,
      "Beta": 2,
      "Density": 938.98638,
      "Weight": 259.047563,
      "Stackable": 1
    },
    {
      "Length": 80,
      "C1_Length": 1,
      "Height": 51,
      "C1_Height": 1,
      "Depth": 57,
      "C1_Depth": 1,
      "Demand": 2,
      "DemandMax": null,
      "Value": 232560,
      "CustomerId": 32,
      "Priority": 32,
      "Alpha": 2,
      "Beta": 2,
      "Density": 999.283146,
      "Weight": 232.393289,
      "Stackable": 1
    },
    {
      "Length": 99,
      "C1_Length": 0,
      "Height": 35,
      "C1_Height": 1,
      "Depth": 73,
      "C1_Depth": 0,
      "Demand": 3,
      "DemandMax": null,
      "Value": 252945,
      "CustomerId": 29,
      "Priority": 29,
      "Alpha": 2,
      "Beta": 2,
      "Density": 838.149528,
      "Weight": 212.005732,
      "Stackable": 1
    },
    {
      "Length": 58,
      "C1_Length": 1,
      "Height": 44,
      "C1_Height": 1,
      "Depth": 57,
      "C1_Depth": 1,
      "Demand": 3,
      "DemandMax": null,
      "Value": 145464,
      "CustomerId": 46,
      "Priority": 46,
      "Alpha": 2,
      "Beta": 2,
      "Density": 983.444713,
      "Weight": 143.055802,
      "Stackable": 1
    },
    {
      "Length": 109,
      "C1_Length": 1,
      "Height": 72,
      "C1_Height": 1,
      "Depth": 73,
      "C1_Depth": 1,
      "Demand": 1,
      "DemandMax": null,
      "Value": 572904,
      "CustomerId": 1,
      "Priority": 1,
      "Alpha": 2,
      "Beta": 2,
      "Density": 1557.309701,
      "Weight": 892.188957,
      "Stackable": 1
    },
    {
      "Length": 97,
      "C1_Length": 0,
      "Height": 20,
      "C1_Height": 1,
      "Depth": 44,
      "C1_Depth": 0,
      "Demand": 2,
      "DemandMax": null,
      "Value": 85360,
      "CustomerId": 65,
      "Priority": 65,
      "Alpha": 2,
      "Beta": 2,
      "Density": 1201.125518,
      "Weight": 102.528074,
      "Stackable": 1
    },
    {
      "Length": 51,
      "C1_Length": 1,
      "Height": 51,
      "C1_Height": 1,
      "Depth": 51,
      "C1_Depth": 1,
      "Demand": 1,
      "DemandMax": null,
      "Value": 132651,
      "CustomerId": 53,
      "Priority": 53,
      "Alpha": 2,
      "Beta": 2,
      "Density": 1461.747827,
      "Weight": 193.902311,
      "Stackable": 1
    },
    {
      "Length": 79,
      "C1_Length": 1,
      "Height": 44,
      "C1_Height": 1,
      "Depth": 77,
      "C1_Depth": 1,
      "Demand": 1,
      "DemandMax": null,
      "Value": 267652,
      "CustomerId": 26,
      "Priority": 26,
      "Alpha": 2,
      "Beta": 2,
      "Density": 1074.551346,
      "Weight": 287.605817,
      "Stackable": 1
    },
    {
      "Length": 74,
      "C1_Length": 1,
      "Height": 47,
      "C1_Height": 1,
      "Depth": 59,
      "C1_Depth": 1,
      "Demand": 1,
      "DemandMax": null,
      "Value": 205202,
      "CustomerId": 35,
      "Priority": 35,
      "Alpha": 2,
      "Beta": 2,
      "Density": 1671.240614,
      "Weight": 342.941917,
      "Stackable": 1
    },
    {
      "Length": 84,
      "C1_Length": 1,
      "Height": 47,
      "C1_Height": 1,
      "Depth": 69,
      "C1_Depth": 1,
      "Demand": 1,
      "DemandMax": null,
      "Value": 272412,
      "CustomerId": 24,
      "Priority": 24,
      "Alpha": 2,
      "Beta": 2,
      "Density": 1271.322283,
      "Weight": 346.323446,
      "Stackable": 1
    },
    {
      "Length": 115,
      "C1_Length": 0,
      "Height": 32,
      "C1_Height": 1,
      "Depth": 47,
      "C1_Depth": 1,
      "Demand": 3,
      "DemandMax": null,
      "Value": 172960,
      "CustomerId": 41,
      "Priority": 41,
      "Alpha": 2,
      "Beta": 2,
      "Density": 1183.122178,
      "Weight": 204.632812,
      "Stackable": 1
    },
    {
      "Length": 57,
      "C1_Length": 1,
      "Height": 45,
      "C1_Height": 1,
      "Depth": 48,
      "C1_Depth": 1,
      "Demand": 1,
      "DemandMax": null,
      "Value": 123120,
      "CustomerId": 55,
      "Priority": 55,
      "Alpha": 2,
      "Beta": 2,
      "Density": 1033.530524,
      "Weight": 127.248278,
      "Stackable": 1
    },
    {
      "Length": 103,
      "C1_Length": 0,
      "Height": 33,
      "C1_Height": 1,
      "Depth": 35,
      "C1_Depth": 1,
      "Demand": 1,
      "DemandMax": null,
      "Value": 118965,
      "CustomerId": 57,
      "Priority": 57,
      "Alpha": 2,
      "Beta": 2,
      "Density": 1260.438049,
      "Weight": 149.948013,
      "Stackable": 1
    },
    {
      "Length": 110,
      "C1_Length": 0,
      "Height": 53,
      "C1_Height": 1,
      "Depth": 85,
      "C1_Depth": 1,
      "Demand": 1,
      "DemandMax": null,
      "Value": 495550,
      "CustomerId": 5,
      "Priority": 5,
      "Alpha": 2,
      "Beta": 2,
      "Density": 1320.69133,
      "Weight": 654.468588,
      "Stackable": 1
    },
    {
      "Length": 105,
      "C1_Length": 0,
      "Height": 30,
      "C1_Height": 1,
      "Depth": 34,
      "C1_Depth": 1,
      "Demand": 1,
      "DemandMax": null,
      "Value": 107100,
      "CustomerId": 63,
      "Priority": 63,
      "Alpha": 2,
      "Beta": 2,
      "Density": 1380.047088,
      "Weight": 147.803043,
      "Stackable": 1
    },
    {
      "Length": 80,
      "C1_Length": 0,
      "Height": 30,
      "C1_Height": 1,
      "Depth": 56,
      "C1_Depth": 1,
      "Demand": 2,
      "DemandMax": null,
      "Value": 134400,
      "CustomerId": 52,
      "Priority": 52,
      "Alpha": 2,
      "Beta": 2,
      "Density": 633.205407,
      "Weight": 85.102807,
      "Stackable": 1
    },
    {
      "Length": 91,
      "C1_Length": 1,
      "Height": 60,
      "C1_Height": 1,
      "Depth": 62,
      "C1_Depth": 1,
      "Demand": 2,
      "DemandMax": null,
      "Value": 338520,
      "CustomerId": 12,
      "Priority": 12,
      "Alpha": 2,
      "Beta": 2,
      "Density": 1406.913292,
      "Weight": 476.268288,
      "Stackable": 1
    },
    {
      "Length": 106,
      "C1_Length": 0,
      "Height": 31,
      "C1_Height": 1,
      "Depth": 50,
      "C1_Depth": 1,
      "Demand": 1,
      "DemandMax": null,
      "Value": 164300,
      "CustomerId": 44,
      "Priority": 44,
      "Alpha": 2,
      "Beta": 2,
      "Density": 1386.179802,
      "Weight": 227.749341,
      "Stackable": 1
    },
    {
      "Length": 83,
      "C1_Length": 0,
      "Height": 30,
      "C1_Height": 1,
      "Depth": 56,
      "C1_Depth": 1,
      "Demand": 2,
      "DemandMax": null,
      "Value": 139440,
      "CustomerId": 48,
      "Priority": 48,
      "Alpha": 2,
      "Beta": 2,
      "Density": 1387.082932,
      "Weight": 193.414844,
      "Stackable": 1
    },
    {
      "Length": 73,
      "C1_Length": 0,
      "Height": 33,
      "C1_Height": 1,
      "Depth": 34,
      "C1_Depth": 1,
      "Demand": 2,
      "DemandMax": null,
      "Value": 81906,
      "CustomerId": 66,
      "Priority": 66,
      "Alpha": 2,
      "Beta": 2,
      "Density": 1044.805693,
      "Weight": 85.575855,
      "Stackable": 1
    },
    {
      "Length": 113,
      "C1_Length": 0,
      "Height": 42,
      "C1_Height": 1,
      "Depth": 66,
      "C1_Depth": 1,
      "Demand": 3,
      "DemandMax": null,
      "Value": 313236,
      "CustomerId": 16,
      "Priority": 16,
      "Alpha": 2,
      "Beta": 2,
      "Density": 1025.15627,
      "Weight": 321.115849,
      "Stackable": 1
    },
    {
      "Length": 63,
      "C1_Length": 1,
      "Height": 38,
      "C1_Height": 1,
      "Depth": 49,
      "C1_Depth": 1,
      "Demand": 1,
      "DemandMax": null,
      "Value": 117306,
      "CustomerId": 59,
      "Priority": 59,
      "Alpha": 2,
      "Beta": 2,
      "Density": 1112.067175,
      "Weight": 130.452152,
      "Stackable": 1
    },
    {
      "Length": 81,
      "C1_Length": 1,
      "Height": 53,
      "C1_Height": 1,
      "Depth": 65,
      "C1_Depth": 1,
      "Demand": 4,
      "DemandMax": null,
      "Value": 279045,
      "CustomerId": 21,
      "Priority": 21,
      "Alpha": 2,
      "Beta": 2,
      "Density": 1186.969082,
      "Weight": 331.217788,
      "Stackable": 1
    },
    {
      "Length": 80,
      "C1_Length": 1,
      "Height": 53,
      "C1_Height": 1,
      "Depth": 71,
      "C1_Depth": 1,
      "Demand": 3,
      "DemandMax": null,
      "Value": 301040,
      "CustomerId": 19,
      "Priority": 19,
      "Alpha": 2,
      "Beta": 2,
      "Density": 1550.164623,
      "Weight": 466.661558,
      "Stackable": 1
    }
  ],
  "Modification": {
    "family": "BR-Modified",
    "seed": 123,
    "weight_model": "beta_density",
    "alpha": 2,
    "beta": 2,
    "Pmax_kg": 28200.0,
    "target_util": 0.8,
    "container_dims": {
      "L": 587,
      "W": 233,
      "H": 220
    },
    "Dc_kg_per_m3": 1171.500338,
    "Dcmin": 585.750169,
    "Dcmax": 1757.250507,
    "customer_rule": "per-type by volume desc; heavy -> higher customer_id/priority",
    "stackable_rule": "type-level Bernoulli(p_nonstackable=0.01)"
  }
}