{
  "Name": "2",
  "Objects": [
    {
      "Length": 587,
      "Height": 233,
      "Depth": 220,
      "Stock": null,
      "Cost": 30089620
    }
  ],
  "Items": [
    {
      "Length": 49,
      "C1_Length": 0,
      "Height": 21,
      "C1_Height": 1,
      "Depth": 25,
      "C1_Depth": 1,
      "Demand": 2,
      "DemandMax": null,
      "Value": 25725,
      "CustomerId": 70,
      "Priority": 70,
      "Alpha": 2,
      "Beta": 2,
      "Density": 1482.259866,
      "Weight": 38.131135,
      "Stackable": 1
    },
    {
      "Length": 60,
      "C1_Length": 1,
      "Height": 41,
      "C1_Height": 1,
      "Depth": 51,
      "C1_Depth": 1,
      "Demand": 1,
      "DemandMax": null,
      "Value": 125460,
      "CustomerId": 52,
      "Priority": 52,
      "Alpha": 2,
      "Beta": 2,
      "Density": 730.715886,
      "Weight": 91.675615,
      "Stackable": 1
    },
    {
      "Length": 103,
      "C1_Length": 1,
      "Height": 64,
      "C1_Height": 1,
      "Depth": 76,
      "C1_Depth": 1,
      "Demand": 1,
      "DemandMax": null,
      "Value": 500992,
      "CustomerId": 5,
      "Priority": 5,
      "Alpha": 2,
      "Beta": 2,
      "Density": 1729.137064,
      "Weight": 866.283836,
      "Stackable": 1
    },
    {
      "Length": 95,
      "C1_Length": 1,
      "Height": 62,
      "C1_Height": 1,
      "Depth": 70,
      "C1_Depth": 1,
      "Demand": 1,
      "DemandMax": null,
      "Value": 412300,
      "CustomerId": 7,
      "Priority": 7,
      "Alpha": 2,
      "Beta": 2,
      "Density": 794.107292,
      "Weight": 327.410436,
      "Stackable": 1
    },
    {
      "Length": 111,
      "C1_Length": 0,
      "Height": 26,
      "C1_Height": 1,
      "Depth": 49,
      "C1_Depth": 1,
      "Demand": 1,
      "DemandMax": null,
      "Value": 141414,
      "CustomerId": 47,
      "Priority": 47,
      "Alpha": 2,
      "Beta": 2,
      "Density": 1085.734218,
      "Weight": 153.538019,
      "Stackable": 1
    },
    {
      "Length": 85,
      "C1_Length": 1,
      "Height": 72,
      "C1_Height": 1,
      "Depth": 84,
      "C1_Depth": 1,
      "Demand": 1,
      "DemandMax": null,
      "Value": 514080,
      "CustomerId": 4,
      "Priority": 4,
      "Alpha": 2,
      "Beta": 2,
      "Density": 959.848438,
      "Weight": 493.438885,
      "Stackable": 1
    },
    {
      "Length": 48,
      "C1_Length": 1,
      "Height": 31,
      "C1_Height": 1,
      "Depth": 36,
      "C1_Depth": 1,
      "Demand": 2,
      "DemandMax": null,
      "Value": 53568,
      "CustomerId": 66,
      "Priority": 66,
      "Alpha": 2,
      "Beta": 2,
      "Density": 939.716944,
      "Weight": 50.338757,
      "Stackable": 1
    },
    {
      "Length": 86,
      "C1_Length": 0,
      "Height": 38,
      "C1_Height": 1,
      "Depth": 76,
      "C1_Depth": 0,
      "Demand": 3,
      "DemandMax": null,
      "Value": 248368,
      "CustomerId": 26,
      "Priority": 26,
      "Alpha": 2,
      "Beta": 2,
      "Density": 792.502889,
      "Weight": 196.832358,
      "Stackable": 1
    },
    {
      "Length": 71,
      "C1_Length": 1,
      "Height": 47,
      "C1_Height": 1,
      "Depth": 48,
      "C1_Depth": 1,
      "Demand": 2,
      "DemandMax": null,
      "Value": 160176,
      "CustomerId": 40,
      "Priority": 40,
      "Alpha": 2,
      "Beta": 2,
      "Density": 769.749342,
      "Weight": 123.295371,
      "Stackable": 1
    },
    {
      "Length": 90,
      "C1_Length": 0,
      "Height": 33,
      "C1_Height": 1,
      "Depth": 43,
      "C1_Depth": 1,
      "Demand": 1,
      "DemandMax": null,
      "Value": 127710,
      "CustomerId": 51,
      "Priority": 51,
      "Alpha": 2,
      "Beta": 2,
      "Density": 1254.403878,
      "Weight": 160.199919,
      "Stackable": 1
    },
    {
      "Length": 98,
      "C1_Length": 0,
      "Height": 44,
      "C1_Height": 1,
      "Depth": 52,
      "C1_Depth": 1,
      "Demand": 3,
      "DemandMax": null,
      "Value": 224224,
      "CustomerId": 30,
      "Priority": 30,
      "Alpha": 2,
      "Beta": 2,
      "Density": 903.502667,
      "Weight": 202.586982,
      "Stackable": 1
    },
    {
      "Length": 73,
      "C1_Length": 0,
      "Height": 23,
      "C1_Height": 1,
      "Depth": 37,
      "C1_Depth": 1,
      "Demand": 2,
      "DemandMax": null,
      "Value": 62123,
      "CustomerId": 65,
      "Priority": 65,
      "Alpha": 2,
      "Beta": 2,
      "Density": 995.8535,
      "Weight": 61.865407,
      "Stackable": 1
    },
    {
      "Length": 61,
      "C1_Length": 1,
      "Height": 39,
      "C1_Height": 1,
      "Depth": 48,
      "C1_Depth": 1,
      "Demand": 2,
      "DemandMax": null,
      "Value": 114192,
      "CustomerId": 57,
      "Priority": 57,
      "Alpha": 2,
      "Beta": 2,
      "Density": 1093.426524,
      "Weight": 124.860562,
      "Stackable": 1
    },
    {
      "Length": 75,
      "C1_Length": 1,
      "Height": 63,
      "C1_Height": 1,
      "Depth": 75,
      "C1_Depth": 1,
      "Demand": 2,
      "DemandMax": null,
      "Value": 354375,
      "CustomerId": 11,
      "Priority": 11,
      "Alpha": 2,
      "Beta": 2,
      "Density": 1110.22282,
      "Weight": 393.435212,
      "Stackable": 1
    },
    {
      "Length": 74,
      "C1_Length": 1,
      "Height": 40,
      "C1_Height": 1,
      "Depth": 42,
      "C1_Depth": 1,
      "Demand": 1,
      "DemandMax": null,
      "Value": 124320,
      "CustomerId": 54,
      "Priority": 54,
      "Alpha": 2,
      "Beta": 2,
      "Density": 1114.318114,
      "Weight": 138.532028,
      "Stackable": 1
    },
    {
      "Length": 98,
      "C1_Length": 0,
      "Height": 26,
      "C1_Height": 1,
      "Depth": 88,
      "C1_Depth": 0,
      "Demand": 1,
      "DemandMax": null,
      "Value": 224224,
      "CustomerId": 31,
      "Priority": 31,
      "Alpha": 2,
      "Beta": 2,
      "Density": 1273.811564,
      "Weight": 285.619124,
      "Stackable": 1
    },
    {
      "Length": 97,
      "C1_Length": 0,
      "Height": 41,
      "C1_Height": 1,
      "Depth": 69,
      "C1_Depth": 1,
      "Demand": 1,
      "DemandMax": null,
      "Value": 274413,
      "CustomerId": 21,
      "Priority": 21,
      "Alpha": 2,
      "Beta": 2,
      "Density": 1386.159862,
      "Weight": 380.380286,
      "Stackable": 1
    },
    {
      "Length": 89,
      "C1_Length": 1,
      "Height": 46,
      "C1_Height": 1,
      "Depth": 77,
      "C1_Depth": 1,
      "Demand": 1,
      "DemandMax": null,
      "Value": 315238,
      "CustomerId": 16,
      "Priority": 16,
      "Alpha": 2,
      "Beta": 2,
      "Density": 1579.43392,
      "Weight": 497.89759,
      "Stackable": 1
    },
    {
      "Length": 73,
      "C1_Length": 1,
      "Height": 55,
      "C1_Height": 1,
      "Depth": 64,
      "C1_Depth": 1,
      "Demand": 3,
      "DemandMax": null,
      "Value": 256960,
      "CustomerId": 24,
      "Priority": 24,
      "Alpha": 2,
      "Beta": 2,
      "Density": 1279.498502,
      "Weight": 328.779935,
      "Stackable": 1
    },
    {
      "Length": 84,
      "C1_Length": 1,
      "Height": 66,
      "C1_Height": 1,
      "Depth": 69,
      "C1_Depth": 1,
      "Demand": 1,
      "DemandMax": null,
      "Value": 382536,
      "CustomerId": 8,
      "Priority": 8,
      "Alpha": 2,
      "Beta": 2,
      "Density": 1076.981426,
      "Weight": 411.984167,
      "Stackable": 1
    },
    {
      "Length": 38,
      "C1_Length": 1,
      "Height": 29,
      "C1_Height": 1,
      "Depth": 37,
      "C1_Depth": 1,
      "Demand": 4,
      "DemandMax": null,
      "Value": 40774,
      "CustomerId": 68,
      "Priority": 68,
      "Alpha": 2,
      "Beta": 2,
      "Density": 1054.750766,
      "Weight": 43.006408,
      "Stackable": 1
    },
    {
      "Length": 61,
      "C1_Length": 1,
      "Height": 39,
      "C1_Height": 1,
      "Depth": 47,
      "C1_Depth": 1,
      "Demand": 2,
      "DemandMax": null,
      "Value": 111813,
      "CustomerId": 58,
      "Priority": 58,
      "Alpha": 2,
      "Beta": 2,
      "Density": 1111.76123,
      "Weight": 124.309358,
      "Stackable": 1
    },
    {
      "Length": 57,
      "C1_Length": 1,
      "Height": 42,
      "C1_Height": 1,
      "Depth": 44,
      "C1_Depth": 1,
      "Demand": 1,
      "DemandMax": null,
      "Value": 105336,
      "CustomerId": 61,
      "Priority": 61,
      "Alpha": 2,
      "Beta": 2,
      "Density": 983.692009,
      "Weight": 103.618181,
      "Stackable": 1
    },
    {
      "Length": 98,
      "C1_Length": 0,
      "Height": 20,
      "C1_Height": 1,
      "Depth": 79,
      "C1_Depth": 0,
      "Demand": 4,
      "DemandMax": null,
      "Value": 154840,
      "CustomerId": 41,
      "Priority": 41,
      "Alpha": 2,
      "Beta": 2,
      "Density": 1335.898556,
      "Weight": 206.850532,
      "Stackable": 1
    },
    {
      "Length": 83,
      "C1_Length": 1,
      "Height": 57,
      "C1_Height": 1,
      "Depth": 76,
      "C1_Depth": 1,
      "Demand": 1,
      "DemandMax": null,
      "Value": 359556,
      "CustomerId": 10,
      "Priority": 10,
      "Alpha": 2,
      "Beta": 2,
      "Density": 1655.53984,
      "Weight": 595.259283,
      "Stackable": 1
    },
    {
      "Length": 75,
      "C1_Length": 0,
      "Height": 36,
      "C1_Height": 1,
      "Depth": 62,
      "C1_Depth": 1,
      "Demand": 2,
      "DemandMax": null,
      "Value": 167400,
      "CustomerId": 39,
      "Priority": 39,
      "Alpha": 2,
      "Beta": 2,
      "Density": 709.563199,
      "Weight": 118.780879,
      "Stackable": 1
    },
    {
      "Length": 60,
      "C1_Length": 1,
      "Height": 45,
      "C1_Height": 1,
      "Depth": 55,
      "C1_Depth": 1,
      "Demand": 2,
      "DemandMax": null,
      "Value": 148500,
      "CustomerId": 46,
      "Priority": 46,
      "Alpha": 2,
      "Beta": 2,
      "Density": 1298.906296,
      "Weight": 192.887585,
      "Stackable": 1
    },
    {
      "Length": 79,
      "C1_Length": 1,
      "Height": 40,
      "C1_Height": 1,
      "Depth": 64,
      "C1_Depth": 1,
      "Demand": 3,
      "DemandMax": null,
      "Value": 202240,
      "CustomerId": 33,
      "Priority": 33,
      "Alpha": 2,
      "Beta": 2,
      "Density": 1425.962141,
      "Weight": 288.386583,
      "Stackable": 1
    },
    {
      "Length": 103,
      "C1_Length": 0,
      "Height": 44,
      "C1_Height": 1,
      "Depth": 76,
      "C1_Depth": 1,
      "Demand": 3,
      "DemandMax": null,
      "Value": 344432,
      "CustomerId": 12,
      "Priority": 12,
      "Alpha": 2,
      "Beta": 2,
      "Density": 971.36612,
      "Weight": 334.569576,
      "Stackable": 1
    },
    {
      "Length": 96,
      "C1_Length": 1,
      "Height": 59,
      "C1_Height": 1,
      "Depth": 82,
      "C1_Depth": 1,
      "Demand": 3,
      "DemandMax": null,
      "Value": 464448,
      "CustomerId": 6,
      "Priority": 6,
      "Alpha": 2,
      "Beta": 2,
      "Density": 1256.751701,
      "Weight": 583.695814,
      "Stackable": 1
    },
    {
      "Length": 86,
      "C1_Length": 0,
      "Height": 27,
      "C1_Height": 1,
      "Depth": 51,
      "C1_Depth": 1,
      "Demand": 1,
      "DemandMax": null,
      "Value": 118422,
      "CustomerId": 56,
      "Priority": 56,
      "Alpha": 2,
      "Beta": 2,
      "Density": 1555.141043,
      "Weight": 184.162913,
      "Stackable": 1
    },
    {
      "Length": 103,
      "C1_Length": 0,
      "Height": 31,
      "C1_Height": 1,
      "Depth": 54,
      "C1_Depth": 1,
      "Demand": 1,
      "DemandMax": null,
      "Value": 172422,
      "CustomerId": 37,
      "Priority": 37,
      "Alpha": 2,
      "Beta": 2,
      "Density": 960.999248,
      "Weight": 165.697412,
      "Stackable": 1
    },
    {
      "Length": 83,
      "C1_Length": 1,
      "Height": 62,
      "C1_Height": 1,
      "Depth": 71,
      "C1_Depth": 1,
      "Demand": 3,
      "DemandMax": null,
      "Value": 365366,
      "CustomerId": 9,
      "Priority": 9,
      "Alpha": 2,
      "Beta": 2,
      "Density": 1520.236727,
      "Weight": 555.442812,
      "Stackable": 1
    },
    {
      "Length": 106,
      "C1_Length": 1,
      "Height": 71,
      "C1_Height": 1,
      "Depth": 76,
      "C1_Depth": 1,
      "Demand": 2,
      "DemandMax": null,
      "Value": 571976,
      "CustomerId": 3,
      "Priority": 3,
      "Alpha": 2,
      "Beta": 2,
      "Density": 818.83576,
      "Weight": 468.354403,
      "Stackable": 1
    },
    {
      "Length": 78,
      "C1_Length": 0,
      "Height": 30,
      "C1_Height": 1,
      "Depth": 58,
      "C1_Depth": 1,
      "Demand": 1,
      "DemandMax": null,
      "Value": 135720,
      "CustomerId": 48,
      "Priority": 48,
      "Alpha": 2,
      "Beta": 2,
      "Density": 980.717299,
      "Weight": 133.102952,
      "Stackable": 1
    },
    {
      "Length": 79,
      "C1_Length": 0,
      "Height": 20,
      "C1_Height": 1,
      "Depth": 25,
      "C1_Depth": 1,
      "Demand": 4,
      "DemandMax": null,
      "Value": 39500,
      "CustomerId": 69,
      "Priority": 69,
      "Alpha": 2,
      "Beta": 2,
      "Density": 1551.843795,
      "Weight": 61.29783,
      "Stackable": 1
    },
    {
      "Length": 97,
      "C1_Length": 1,
      "Height": 73,
      "C1_Height": 1,
      "Depth": 94,
      "C1_Depth": 1,
      "Demand": 2,
      "DemandMax": null,
      "Value": 665614,
      "CustomerId": 2,
      "Priority": 2,
      "Alpha": 2,
      "Beta": 2,
      "Density": 860.175129,
      "Weight": 572.544608,
      "Stackable": 1
    },
    {
      "Length": 91,
      "C1_Length": 0,
      "Height": 43,
      "C1_Height": 1,
      "Depth": 87,
      "C1_Depth": 0,
      "Demand": 5,
      "DemandMax": null,
      "Value": 340431,
      "CustomerId": 15,
      "Priority": 15,
      "Alpha": 2,
      "Beta": 2,
      "Density": 1183.041039,
      "Weight": 402.743844,
      "Stackable": 1
    },
    {
      "Length": 97,
      "C1_Length": 0,
      "Height": 29,
      "C1_Height": 1,
      "Depth": 48,
      "C1_Depth": 1,
      "Demand": 3,
      "DemandMax": null,
      "Value": 135024,
      "CustomerId": 49,
      "Priority": 49,
      "Alpha": 2,
      "Beta": 2,
      "Density": 1583.966991,
      "Weight": 213.873559,
      "Stackable": 1
    },
    {
      "Length": 119,
      "C1_Length": 0,
      "Height": 21,
      "C1_Height": 1,
      "Depth": 25,
      "C1_Depth": 1,
      "Demand": 2,
      "DemandMax": null,
      "Value": 62475,
      "CustomerId": 64,
      "Priority": 64,
      "Alpha": 2,
      "Beta": 2,
      "Density": 919.160331,
      "Weight": 57.424542,
      "Stackable": 1
    },
    {
      "Length": 54,
      "C1_Length": 1,
      "Height": 36,
      "C1_Height": 1,
      "Depth": 49,
      "C1_Depth": 1,
      "Demand": 2,
      "DemandMax": null,
      "Value": 95256,
      "CustomerId": 63,
      "Priority": 63,
      "Alpha": 2,
      "Beta": 2,
      "Density": 893.201179,
      "Weight": 85.082772,
      "Stackable": 1
    },
    {
      "Length": 86,
      "C1_Length": 0,
      "Height": 42,
      "C1_Height": 1,
      "Depth": 70,
      "C1_Depth": 1,
      "Demand": 2,
      "DemandMax": null,
      "Value": 252840,
      "CustomerId": 25,
      "Priority": 25,
      "Alpha": 2,
      "Beta": 2,
      "Density": 1399.481071,
      "Weight": 353.844794,
      "Stackable": 1
    },
    {
      "Length": 88,
      "C1_Length": 0,
      "Height": 30,
      "C1_Height": 1,
      "Depth": 67,
      "C1_Depth": 0,
      "Demand": 1,
      "DemandMax": null,
      "Value": 176880,
      "CustomerId": 36,
      "Priority": 36,
      "Alpha": 2,
      "Beta": 2,
      "Density": 775.463701,
      "Weight": 137.164019,
      "Stackable": 1
    },
    {
      "Length": 109,
      "C1_Length": 1,
      "Height": 75,
      "C1_Height": 1,
      "Depth": 82,
      "C1_Depth": 1,
      "Demand": 4,
      "DemandMax": null,
      "Value": 670350,
      "CustomerId": 1,
      "Priority": 1,
      "Alpha": 2,
      "Beta": 2,
      "Density": 1480.625943,
      "Weight": 992.537601,
      "Stackable": 1
    },
    {
      "Length": 88,
      "C1_Length": 0,
      "Height": 35,
      "C1_Height": 1,
      "Depth": 39,
      "C1_Depth": 1,
      "Demand": 1,
      "DemandMax": null,
      "Value": 120120,
      "CustomerId": 55,
      "Priority": 55,
      "Alpha": 2,
      "Beta": 2,
      "Density": 1075.919645,
      "Weight": 129.239468,
      "Stackable": 1
    },
    {
      "Length": 91,
      "C1_Length": 0,
      "Height": 36,
      "C1_Height": 1,
      "Depth": 81,
      "C1_Depth": 0,
      "Demand": 1,
      "DemandMax": null,
      "Value": 265356,
      "CustomerId": 23,
      "Priority": 23,
      "Alpha": 2,
      "Beta": 2,
      "Density": 1496.632352,
      "Weight": 397.140374,
      "Stackable": 1
    },
    {
      "Length": 103,
      "C1_Length": 0,
      "Height": 27,
      "C1_Height": 1,
      "Depth": 97,
      "C1_Depth": 0,
      "Demand": 2,
      "DemandMax": null,
      "Value": 269757,
      "CustomerId": 22,
      "Priority": 22,
      "Alpha": 2,
      "Beta": 2,
      "Density": 1203.005701,
      "Weight": 324.519209,
      "Stackable": 1
    },
    {
      "Length": 75,
      "C1_Length": 1,
      "Height": 42,
      "C1_Height": 1,
      "Depth": 49,
      "C1_Depth": 1,
      "Demand": 1,
      "DemandMax": null,
      "Value": 154350,
      "CustomerId": 43,
      "Priority": 43,
      "Alpha": 2,
      "Beta": 2,
      "Density": 762.103244,
      "Weight": 117.630636,
      "Stackable": 1
    },
    {
      "Length": 105,
      "C1_Length": 0,
      "Height": 35,
      "C1_Height": 1,
      "Depth": 49,
      "C1_Depth": 1,
      "Demand": 1,
      "DemandMax": null,
      "Value": 180075,
      "CustomerId": 35,
      "Priority": 35,
      "Alpha": 2,
      "Beta": 2,
      "Density": 1521.663332,
      "Weight": 274.013524,
      "Stackable": 1
    },
    {
      "Length": 109,
      "C1_Length": 0,
      "Height": 50,
      "C1_Height": 1,
      "Depth": 57,
      "C1_Depth": 1,
      "Demand": 2,
      "DemandMax": null,
      "Value": 310650,
      "CustomerId": 17,
      "Priority": 17,
      "Alpha": 2,
      "Beta": 2,
      "Density": 1028.63292,
      "Weight": 319.544817,
      "Stackable": 1
    },
    {
      "Length": 71,
      "C1_Length": 0,
      "Height": 32,
      "C1_Height": 1,
      "Depth": 55,
      "C1_Depth": 1,
      "Demand": 1,
      "DemandMax": null,
      "Value": 124960,
      "CustomerId": 53,
      "Priority": 53,
      "Alpha": 2,
      "Beta": 2,
      "Density": 1360.131401,
      "Weight": 169.96202,
      "Stackable": 1
    },
    {
      "Length": 91,
      "C1_Length": 1,
      "Height": 57,
      "C1_Height": 1,
      "Depth": 57,
      "C1_Depth": 1,
      "Demand": 1,
      "DemandMax": null,
      "Value": 295659,
      "CustomerId": 19,
      "Priority": 19,
      "Alpha": 2,
      "Beta": 2,
      "Density": 1131.566384,
      "Weight": 334.557785,
      "Stackable": 1
    },
    {
      "Length": 80,
      "C1_Length": 0,
      "Height": 29,
      "C1_Height": 1,
      "Depth": 66,
      "C1_Depth": 0,
      "Demand": 3,
      "DemandMax": null,
      "Value": 153120,
      "CustomerId": 44,
      "Priority": 44,
      "Alpha": 2,
      "Beta": 2,
      "Density": 1451.997605,
      "Weight": 222.329873,
      "Stackable": 1
    },
    {
      "Length": 71,
      "C1_Length": 0,
      "Height": 22,
      "C1_Height": 1,
      "Depth": 30,
      "C1_Depth": 1,
      "Demand": 1,
      "DemandMax": null,
      "Value": 46860,
      "CustomerId": 67,
      "Priority": 67,
      "Alpha": 2,
      "Beta": 2,
      "Density": 1194.922216,
      "Weight": 55.994055,
      "Stackable": 1
    },
    {
      "Length": 93,
      "C1_Length": 0,
      "Height": 22,
      "C1_Height": 1,
      "Depth": 47,
      "C1_Depth": 0,
      "Demand": 1,
      "DemandMax": null,
      "Value": 96162,
      "CustomerId": 62,
      "Priority": 62,
      "Alpha": 2,
      "Beta": 2,
      "Density": 1377.899295,
      "Weight": 132.501552,
      "Stackable": 1
    },
    {
      "Length": 72,
      "C1_Length": 1,
      "Height": 43,
      "C1_Height": 1,
      "Depth": 55,
      "C1_Depth": 1,
      "Demand": 3,
      "DemandMax": null,
      "Value": 170280,
      "CustomerId": 38,
      "Priority": 38,
      "Alpha": 2,
      "Beta": 2,
      "Density": 1426.432646,
      "Weight": 242.892951,
      "Stackable": 1
    },
    {
      "Length": 73,
      "C1_Length": 0,
      "Height": 33,
      "C1_Height": 1,
      "Depth": 46,
      "C1_Depth": 1,
      "Demand": 1,
      "DemandMax": null,
      "Value": 110814,
      "CustomerId": 59,
      "Priority": 59,
      "Alpha": 2,
      "Beta": 2,
      "Density": 1384.756903,
      "Weight": 153.450451,
      "Stackable": 1
    },
    {
      "Length": 90,
      "C1_Length": 0,
      "Height": 20,
      "C1_Height": 1,
      "Depth": 83,
      "C1_Depth": 0,
      "Demand": 2,
      "DemandMax": null,
      "Value": 149400,
      "CustomerId": 45,
      "Priority": 45,
      "Alpha": 2,
      "Beta": 2,
      "Density": 1032.357722,
      "Weight": 154.234244,
      "Stackable": 1
    },
    {
      "Length": 91,
      "C1_Length": 0,
      "Height": 35,
      "C1_Height": 1,
      "Depth": 76,
      "C1_Depth": 0,
      "Demand": 1,
      "DemandMax": null,
      "Value": 242060,
      "CustomerId": 27,
      "Priority": 27,
      "Alpha": 2,
      "Beta": 2,
      "Density": 994.653275,
      "Weight": 240.765772,
      "Stackable": 1
    },
    {
      "Length": 71,
      "C1_Length": 0,
      "Height": 27,
      "C1_Height": 1,
      "Depth": 67,
      "C1_Depth": 0,
      "Demand": 1,
      "DemandMax": null,
      "Value": 128439,
      "CustomerId": 50,
      "Priority": 50,
      "Alpha": 2,
      "Beta": 2,
      "Density": 829.267111,
      "Weight": 106.510238,
      "Stackable": 1
    },
    {
      "Length": 78,
      "C1_Length": 1,
      "Height": 42,
      "C1_Height": 1,
      "Depth": 71,
      "C1_Depth": 1,
      "Demand": 1,
      "DemandMax": null,
      "Value": 232596,
      "CustomerId": 28,
      "Priority": 28,
      "Alpha": 2,
      "Beta": 2,
      "Density": 1213.731804,
      "Weight": 282.309163,
      "Stackable": 1
    },
    {
      "Length": 86,
      "C1_Length": 1,
      "Height": 56,
      "C1_Height": 1,
      "Depth": 71,
      "C1_Depth": 1,
      "Demand": 1,
      "DemandMax": null,
      "Value": 341936,
      "CustomerId": 13,
      "Priority": 13,
      "Alpha": 2,
      "Beta": 2,
      "Density": 1117.689279,
      "Weight": 382.178201,
      "Stackable": 1
    },
    {
      "Length": 115,
      "C1_Length": 0,
      "Height": 27,
      "C1_Height": 1,
      "Depth": 35,
      "C1_Depth": 1,
      "Demand": 1,
      "DemandMax": null,
      "Value": 108675,
      "CustomerId": 60,
      "Priority": 60,
      "Alpha": 2,
      "Beta": 2,
      "Density": 659.160247,
      "Weight": 71.63424,
      "Stackable": 1
    },
    {
      "Length": 103,
      "C1_Length": 0,
      "Height": 30,
      "C1_Height": 1,
      "Depth": 73,
      "C1_Depth": 0,
      "Demand": 2,
      "DemandMax": null,
      "Value": 225570,
      "CustomerId": 29,
      "Priority": 29,
      "Alpha": 2,
      "Beta": 2,
      "Density": 1157.407617,
      "Weight": 261.076436,
      "Stackable": 1
    },
    {
      "Length": 64,
      "C1_Length": 1,
      "Height": 53,
      "C1_Height": 1,
      "Depth": 63,
      "C1_Depth": 1,
      "Demand": 1,
      "DemandMax": null,
      "Value": 213696,
      "CustomerId": 32,
      "Priority": 32,
      "Alpha": 2,
      "Beta": 2,
      "Density": 807.439074,
      "Weight": 172.5465,
      "Stackable": 1
    },
    {
      "Length": 66,
      "C1_Length": 1,
      "Height": 46,
      "C1_Height": 1,
      "Depth": 51,
      "C1_Depth": 1,
      "Demand": 1,
      "DemandMax": null,
      "Value": 154836,
      "CustomerId": 42,
      "Priority": 42,
      "Alpha": 2,
      "Beta": 2,
      "Density": 1424.905641,
      "Weight": 220.62669,
      "Stackable": 1
    },
    {
      "Length": 82,
      "C1_Length": 1,
      "Height": 54,
      "C1_Height": 1,
      "Depth": 77,
      "C1_Depth": 1,
      "Demand": 2,
      "DemandMax": null,
      "Value": 340956,
      "CustomerId": 14,
      "Priority": 14,
      "Alpha": 2,
      "Beta": 2,
      "Density": 626.997488,
      "Weight": 213.778556,
      "Stackable": 1
    },
    {
      "Length": 98,
      "C1_Length": 0,
      "Height": 31,
      "C1_Height": 1,
      "Depth": 97,
      "C1_Depth": 0,
      "Demand": 2,
      "DemandMax": null,
      "Value": 294686,
      "CustomerId": 20,
      "Priority": 20,
      "Alpha": 2,
      "Beta": 2,
      "Density": 1080.007459,
      "Weight": 318.263078,
      "Stackable": 1
    },
    {
      "Length": 100,
      "C1_Length": 0,
      "Height": 31,
      "C1_Height": 1,
      "Depth": 62,
      "C1_Depth": 0,
      "Demand": 3,
      "DemandMax": null,
      "Value": 192200,
      "CustomerId": 34,
      "Priority": 34,
      "Alpha": 2,
      "Beta": 2,
      "Density": 940.038879,
      "Weight": 180.675473,
      "Stackable": 1
    },
    {
      "Length": 94,
      "C1_Length": 1,
      "Height": 49,
      "C1_Height": 1,
      "Depth": 65,
      "C1_Depth": 1,
      "Demand": 1,
      "DemandMax": null,
      "Value": 299390,
      "CustomerId": 18,
      "Priority": 18,
      "Alpha": 2,
      "Beta": 2,
      "Density": 1364.535649,
      "Weight": 408.528328,
      "Stackable": 1
    }
  ],
  "Modification": {
    "family": "BR-Modified",
    "seed": 123,
    "weight_model": "beta_density",
    "alpha": 2,
    "beta": 2,
    "Pmax_kg": 28200.0,
    "target_util": 0.8,
    "container_dims": {
      "L": 587,
      "W": 233,
      "H": 220
    },
    "Dc_kg_per_m3": 1171.500338,
    "Dcmin": 585.750169,
    "Dcmax": 1757.250507,
    "customer_rule": "per-type by volume desc; heavy -> higher customer_id/priority",
    "stackable_rule": "type-level Bernoulli(p_nonstackable=0.01)"
  }
}