{
  "Name": "26",
  "Objects": [
    {
      "Length": 587,
      "Height": 233,
      "Depth": 220,
      "Stock": null,
      "Cost": 30089620
    }
  ],
  "Items": [
    {
      "Length": 86,
      "C1_Length": 0,
      "Height": 41,
      "C1_Height": 1,
      "Depth": 71,
      "C1_Depth": 1,
      "Demand": 2,
      "DemandMax": null,
      "Value": 250346,
      "CustomerId": 18,
      "Priority": 18,
      "Alpha": 2,
      "Beta": 2,
      "Density": 1152.680624,
      "Weight": 288.568983,
      "Stackable": 1
    },
    {
      "Length": 75,
      "C1_Length": 1,
      "Height": 58,
      "C1_Height": 1,
      "Depth": 58,
      "C1_Depth": 1,
      "Demand": 1,
      "DemandMax": null,
      "Value": 252300,
      "CustomerId": 17,
      "Priority": 17,
      "Alpha": 2,
      "Beta": 2,
      "Density": 920.871798,
      "Weight": 232.335955,
      "Stackable": 1
    },
    {
      "Length": 100,
      "C1_Length": 0,
      "Height": 27,
      "C1_Height": 1,
      "Depth": 81,
      "C1_Depth": 0,
      "Demand": 2,
      "DemandMax": null,
      "Value": 218700,
      "CustomerId": 28,
      "Priority": 28,
      "Alpha": 2,
      "Beta": 2,
      "Density": 1469.452148,
      "Weight": 321.369185,
      "Stackable": 1
    },
    {
      "Length": 59,
      "C1_Length": 0,
      "Height": 24,
      "C1_Height": 1,
      "Depth": 42,
      "C1_Depth": 1,
      "Demand": 2,
      "DemandMax": null,
      "Value": 59472,
      "CustomerId": 67,
      "Priority": 67,
      "Alpha": 2,
      "Beta": 2,
      "Density": 813.620679,
      "Weight": 48.387649,
      "Stackable": 1
    },
    {
      "Length": 69,
      "C1_Length": 0,
      "Height": 30,
      "C1_Height": 1,
      "Depth": 37,
      "C1_Depth": 1,
      "Demand": 2,
      "DemandMax": null,
      "Value": 76590,
      "CustomerId": 64,
      "Priority": 64,
      "Alpha": 2,
      "Beta": 2,
      "Density": 924.805097,
      "Weight": 70.830822,
      "Stackable": 1
    },
    {
      "Length": 63,
      "C1_Length": 1,
      "Height": 36,
      "C1_Height": 1,
      "Depth": 50,
      "C1_Depth": 1,
      "Demand": 3,
      "DemandMax": null,
      "Value": 113400,
      "CustomerId": 49,
      "Priority": 49,
      "Alpha": 2,
      "Beta": 2,
      "Density": 1518.066731,
      "Weight": 172.148767,
      "Stackable": 1
    },
    {
      "Length": 96,
      "C1_Length": 0,
      "Height": 34,
      "C1_Height": 1,
      "Depth": 72,
      "C1_Depth": 0,
      "Demand": 1,
      "DemandMax": null,
      "Value": 235008,
      "CustomerId": 21,
      "Priority": 21,
      "Alpha": 2,
      "Beta": 2,
      "Density": 1090.97793,
      "Weight": 256.388541,
      "Stackable": 1
    },
    {
      "Length": 111,
      "C1_Length": 0,
      "Height": 29,
      "C1_Height": 1,
      "Depth": 71,
      "C1_Depth": 0,
      "Demand": 2,
      "DemandMax": null,
      "Value": 228549,
      "CustomerId": 23,
      "Priority": 23,
      "Alpha": 2,
      "Beta": 2,
      "Density": 986.748845,
      "Weight": 225.520462,
      "Stackable": 1
    },
    {
      "Length": 102,
      "C1_Length": 1,
      "Height": 53,
      "C1_Height": 1,
      "Depth": 67,
      "C1_Depth": 1,
      "Demand": 4,
      "DemandMax": null,
      "Value": 362202,
      "CustomerId": 9,
      "Priority": 9,
      "Alpha": 2,
      "Beta": 2,
      "Density": 1071.375462,
      "Weight": 388.054335,
      "Stackable": 1
    },
    {
      "Length": 71,
      "C1_Length": 0,
      "Height": 32,
      "C1_Height": 1,
      "Depth": 34,
      "C1_Depth": 1,
      "Demand": 2,
      "DemandMax": null,
      "Value": 77248,
      "CustomerId": 62,
      "Priority": 62,
      "Alpha": 2,
      "Beta": 2,
      "Density": 980.473883,
      "Weight": 75.739646,
      "Stackable": 1
    },
    {
      "Length": 88,
      "C1_Length": 1,
      "Height": 53,
      "C1_Height": 1,
      "Depth": 75,
      "C1_Depth": 1,
      "Demand": 3,
      "DemandMax": null,
      "Value": 349800,
      "CustomerId": 10,
      "Priority": 10,
      "Alpha": 2,
      "Beta": 2,
      "Density": 1196.342025,
      "Weight": 418.48044,
      "Stackable": 1
    },
    {
      "Length": 50,
      "C1_Length": 1,
      "Height": 42,
      "C1_Height": 1,
      "Depth": 46,
      "C1_Depth": 1,
      "Demand": 2,
      "DemandMax": null,
      "Value": 96600,
      "CustomerId": 57,
      "Priority": 57,
      "Alpha": 2,
      "Beta": 2,
      "Density": 1039.860402,
      "Weight": 100.450515,
      "Stackable": 1
    },
    {
      "Length": 84,
      "C1_Length": 0,
      "Height": 41,
      "C1_Height": 1,
      "Depth": 70,
      "C1_Depth": 1,
      "Demand": 3,
      "DemandMax": null,
      "Value": 241080,
      "CustomerId": 19,
      "Priority": 19,
      "Alpha": 2,
      "Beta": 2,
      "Density": 1497.493903,
      "Weight": 361.01583,
      "Stackable": 1
    },
    {
      "Length": 98,
      "C1_Length": 0,
      "Height": 44,
      "C1_Height": 1,
      "Depth": 48,
      "C1_Depth": 1,
      "Demand": 2,
      "DemandMax": null,
      "Value": 206976,
      "CustomerId": 30,
      "Priority": 30,
      "Alpha": 2,
      "Beta": 2,
      "Density": 1266.213347,
      "Weight": 262.075774,
      "Stackable": 1
    },
    {
      "Length": 54,
      "C1_Length": 0,
      "Height": 25,
      "C1_Height": 1,
      "Depth": 43,
      "C1_Depth": 1,
      "Demand": 4,
      "DemandMax": null,
      "Value": 58050,
      "CustomerId": 68,
      "Priority": 68,
      "Alpha": 2,
      "Beta": 2,
      "Density": 1338.289532,
      "Weight": 77.687707,
      "Stackable": 1
    },
    {
      "Length": 63,
      "C1_Length": 1,
      "Height": 49,
      "C1_Height": 1,
      "Depth": 61,
      "C1_Depth": 1,
      "Demand": 3,
      "DemandMax": null,
      "Value": 188307,
      "CustomerId": 32,
      "Priority": 32,
      "Alpha": 2,
      "Beta": 2,
      "Density": 1215.110436,
      "Weight": 228.813801,
      "Stackable": 1
    },
    {
      "Length": 106,
      "C1_Length": 0,
      "Height": 51,
      "C1_Height": 1,
      "Depth": 96,
      "C1_Depth": 1,
      "Demand": 3,
      "DemandMax": null,
      "Value": 518976,
      "CustomerId": 3,
      "Priority": 3,
      "Alpha": 2,
      "Beta": 2,
      "Density": 1164.780657,
      "Weight": 604.493206,
      "Stackable": 1
    },
    {
      "Length": 97,
      "C1_Length": 0,
      "Height": 26,
      "C1_Height": 1,
      "Depth": 64,
      "C1_Depth": 0,
      "Demand": 2,
      "DemandMax": null,
      "Value": 161408,
      "CustomerId": 37,
      "Priority": 37,
      "Alpha": 2,
      "Beta": 2,
      "Density": 1435.785657,
      "Weight": 231.747291,
      "Stackable": 1
    },
    {
      "Length": 68,
      "C1_Length": 0,
      "Height": 29,
      "C1_Height": 1,
      "Depth": 39,
      "C1_Depth": 1,
      "Demand": 2,
      "DemandMax": null,
      "Value": 76908,
      "CustomerId": 63,
      "Priority": 63,
      "Alpha": 2,
      "Beta": 2,
      "Density": 860.415542,
      "Weight": 66.172839,
      "Stackable": 1
    },
    {
      "Length": 68,
      "C1_Length": 1,
      "Height": 39,
      "C1_Height": 1,
      "Depth": 62,
      "C1_Depth": 1,
      "Demand": 3,
      "DemandMax": null,
      "Value": 164424,
      "CustomerId": 35,
      "Priority": 35,
      "Alpha": 2,
      "Beta": 2,
      "Density": 1536.523208,
      "Weight": 252.641292,
      "Stackable": 1
    },
    {
      "Length": 100,
      "C1_Length": 0,
      "Height": 25,
      "C1_Height": 1,
      "Depth": 38,
      "C1_Depth": 1,
      "Demand": 1,
      "DemandMax": null,
      "Value": 95000,
      "CustomerId": 59,
      "Priority": 59,
      "Alpha": 2,
      "Beta": 2,
      "Density": 1297.474831,
      "Weight": 123.260109,
      "Stackable": 1
    },
    {
      "Length": 91,
      "C1_Length": 0,
      "Height": 26,
      "C1_Height": 1,
      "Depth": 53,
      "C1_Depth": 0,
      "Demand": 2,
      "DemandMax": null,
      "Value": 125398,
      "CustomerId": 46,
      "Priority": 46,
      "Alpha": 2,
      "Beta": 2,
      "Density": 1427.720911,
      "Weight": 179.033347,
      "Stackable": 1
    },
    {
      "Length": 74,
      "C1_Length": 0,
      "Height": 22,
      "C1_Height": 1,
      "Depth": 72,
      "C1_Depth": 0,
      "Demand": 2,
      "DemandMax": null,
      "Value": 117216,
      "CustomerId": 47,
      "Priority": 47,
      "Alpha": 2,
      "Beta": 2,
      "Density": 1215.620696,
      "Weight": 142.490195,
      "Stackable": 1
    },
    {
      "Length": 74,
      "C1_Length": 1,
      "Height": 51,
      "C1_Height": 1,
      "Depth": 61,
      "C1_Depth": 1,
      "Demand": 1,
      "DemandMax": null,
      "Value": 230214,
      "CustomerId": 22,
      "Priority": 22,
      "Alpha": 2,
      "Beta": 2,
      "Density": 1126.281886,
      "Weight": 259.285858,
      "Stackable": 1
    },
    {
      "Length": 98,
      "C1_Length": 0,
      "Height": 44,
      "C1_Height": 1,
      "Depth": 91,
      "C1_Depth": 0,
      "Demand": 1,
      "DemandMax": null,
      "Value": 392392,
      "CustomerId": 8,
      "Priority": 8,
      "Alpha": 2,
      "Beta": 2,
      "Density": 780.157372,
      "Weight": 306.127512,
      "Stackable": 1
    },
    {
      "Length": 67,
      "C1_Length": 0,
      "Height": 31,
      "C1_Height": 1,
      "Depth": 61,
      "C1_Depth": 1,
      "Demand": 2,
      "DemandMax": null,
      "Value": 126697,
      "CustomerId": 45,
      "Priority": 45,
      "Alpha": 2,
      "Beta": 2,
      "Density": 1051.526239,
      "Weight": 133.22522,
      "Stackable": 1
    },
    {
      "Length": 119,
      "C1_Length": 0,
      "Height": 40,
      "C1_Height": 1,
      "Depth": 88,
      "C1_Depth": 0,
      "Demand": 2,
      "DemandMax": null,
      "Value": 418880,
      "CustomerId": 5,
      "Priority": 5,
      "Alpha": 2,
      "Beta": 2,
      "Density": 1042.263883,
      "Weight": 436.583495,
      "Stackable": 1
    },
    {
      "Length": 97,
      "C1_Length": 0,
      "Height": 31,
      "C1_Height": 1,
      "Depth": 95,
      "C1_Depth": 0,
      "Demand": 3,
      "DemandMax": null,
      "Value": 285665,
      "CustomerId": 14,
      "Priority": 14,
      "Alpha": 2,
      "Beta": 2,
      "Density": 838.81372,
      "Weight": 239.619721,
      "Stackable": 1
    },
    {
      "Length": 73,
      "C1_Length": 0,
      "Height": 27,
      "C1_Height": 1,
      "Depth": 43,
      "C1_Depth": 1,
      "Demand": 1,
      "DemandMax": null,
      "Value": 84753,
      "CustomerId": 60,
      "Priority": 60,
      "Alpha": 2,
      "Beta": 2,
      "Density": 946.737618,
      "Weight": 80.238853,
      "Stackable": 1
    },
    {
      "Length": 62,
      "C1_Length": 1,
      "Height": 33,
      "C1_Height": 1,
      "Depth": 55,
      "C1_Depth": 1,
      "Demand": 2,
      "DemandMax": null,
      "Value": 112530,
      "CustomerId": 50,
      "Priority": 50,
      "Alpha": 2,
      "Beta": 2,
      "Density": 1356.644818,
      "Weight": 152.663241,
      "Stackable": 1
    },
    {
      "Length": 51,
      "C1_Length": 1,
      "Height": 43,
      "C1_Height": 1,
      "Depth": 46,
      "C1_Depth": 1,
      "Demand": 1,
      "DemandMax": null,
      "Value": 100878,
      "CustomerId": 54,
      "Priority": 54,
      "Alpha": 2,
      "Beta": 2,
      "Density": 641.527357,
      "Weight": 64.715997,
      "Stackable": 1
    },
    {
      "Length": 101,
      "C1_Length": 0,
      "Height": 29,
      "C1_Height": 1,
      "Depth": 48,
      "C1_Depth": 1,
      "Demand": 4,
      "DemandMax": null,
      "Value": 140592,
      "CustomerId": 41,
      "Priority": 41,
      "Alpha": 2,
      "Beta": 2,
      "Density": 944.027855,
      "Weight": 132.722764,
      "Stackable": 1
    },
    {
      "Length": 87,
      "C1_Length": 1,
      "Height": 51,
      "C1_Height": 1,
      "Depth": 62,
      "C1_Depth": 1,
      "Demand": 2,
      "DemandMax": null,
      "Value": 275094,
      "CustomerId": 15,
      "Priority": 15,
      "Alpha": 2,
      "Beta": 2,
      "Density": 1285.347932,
      "Weight": 353.591504,
      "Stackable": 1
    },
    {
      "Length": 70,
      "C1_Length": 1,
      "Height": 47,
      "C1_Height": 1,
      "Depth": 61,
      "C1_Depth": 1,
      "Demand": 2,
      "DemandMax": null,
      "Value": 200690,
      "CustomerId": 31,
      "Priority": 31,
      "Alpha": 2,
      "Beta": 2,
      "Density": 1015.717469,
      "Weight": 203.844339,
      "Stackable": 0
    },
    {
      "Length": 89,
      "C1_Length": 1,
      "Height": 56,
      "C1_Height": 1,
      "Depth": 58,
      "C1_Depth": 1,
      "Demand": 3,
      "DemandMax": null,
      "Value": 289072,
      "CustomerId": 12,
      "Priority": 12,
      "Alpha": 2,
      "Beta": 2,
      "Density": 1052.482322,
      "Weight": 304.24317,
      "Stackable": 1
    },
    {
      "Length": 69,
      "C1_Length": 1,
      "Height": 57,
      "C1_Height": 1,
      "Depth": 58,
      "C1_Depth": 1,
      "Demand": 1,
      "DemandMax": null,
      "Value": 228114,
      "CustomerId": 25,
      "Priority": 25,
      "Alpha": 2,
      "Beta": 2,
      "Density": 1320.727064,
      "Weight": 301.276334,
      "Stackable": 1
    },
    {
      "Length": 96,
      "C1_Length": 0,
      "Height": 33,
      "C1_Height": 1,
      "Depth": 35,
      "C1_Depth": 1,
      "Demand": 2,
      "DemandMax": null,
      "Value": 110880,
      "CustomerId": 51,
      "Priority": 51,
      "Alpha": 2,
      "Beta": 2,
      "Density": 861.530306,
      "Weight": 95.52648,
      "Stackable": 1
    },
    {
      "Length": 92,
      "C1_Length": 0,
      "Height": 26,
      "C1_Height": 1,
      "Depth": 62,
      "C1_Depth": 0,
      "Demand": 1,
      "DemandMax": null,
      "Value": 148304,
      "CustomerId": 38,
      "Priority": 38,
      "Alpha": 2,
      "Beta": 2,
      "Density": 1221.217986,
      "Weight": 181.111512,
      "Stackable": 1
    },
    {
      "Length": 72,
      "C1_Length": 1,
      "Height": 45,
      "C1_Height": 1,
      "Depth": 52,
      "C1_Depth": 1,
      "Demand": 1,
      "DemandMax": null,
      "Value": 168480,
      "CustomerId": 34,
      "Priority": 34,
      "Alpha": 2,
      "Beta": 2,
      "Density": 942.386999,
      "Weight": 158.773362,
      "Stackable": 1
    },
    {
      "Length": 99,
      "C1_Length": 0,
      "Height": 27,
      "C1_Height": 1,
      "Depth": 36,
      "C1_Depth": 1,
      "Demand": 2,
      "DemandMax": null,
      "Value": 96228,
      "CustomerId": 58,
      "Priority": 58,
      "Alpha": 2,
      "Beta": 2,
      "Density": 1123.674121,
      "Weight": 108.128913,
      "Stackable": 1
    },
    {
      "Length": 45,
      "C1_Length": 1,
      "Height": 24,
      "C1_Height": 1,
      "Depth": 33,
      "C1_Depth": 1,
      "Demand": 3,
      "DemandMax": null,
      "Value": 35640,
      "CustomerId": 70,
      "Priority": 70,
      "Alpha": 2,
      "Beta": 2,
      "Density": 1209.735787,
      "Weight": 43.114983,
      "Stackable": 1
    },
    {
      "Length": 91,
      "C1_Length": 1,
      "Height": 75,
      "C1_Height": 1,
      "Depth": 82,
      "C1_Depth": 1,
      "Demand": 3,
      "DemandMax": null,
      "Value": 559650,
      "CustomerId": 2,
      "Priority": 2,
      "Alpha": 2,
      "Beta": 2,
      "Density": 879.005358,
      "Weight": 491.935349,
      "Stackable": 1
    },
    {
      "Length": 101,
      "C1_Length": 0,
      "Height": 46,
      "C1_Height": 1,
      "Depth": 94,
      "C1_Depth": 0,
      "Demand": 1,
      "DemandMax": null,
      "Value": 436724,
      "CustomerId": 4,
      "Priority": 4,
      "Alpha": 2,
      "Beta": 2,
      "Density": 1542.039003,
      "Weight": 673.445441,
      "Stackable": 1
    },
    {
      "Length": 74,
      "C1_Length": 0,
      "Height": 26,
      "C1_Height": 1,
      "Depth": 53,
      "C1_Depth": 0,
      "Demand": 1,
      "DemandMax": null,
      "Value": 101972,
      "CustomerId": 53,
      "Priority": 53,
      "Alpha": 2,
      "Beta": 2,
      "Density": 1464.329583,
      "Weight": 149.320616,
      "Stackable": 1
    },
    {
      "Length": 108,
      "C1_Length": 0,
      "Height": 31,
      "C1_Height": 1,
      "Depth": 55,
      "C1_Depth": 1,
      "Demand": 2,
      "DemandMax": null,
      "Value": 184140,
      "CustomerId": 33,
      "Priority": 33,
      "Alpha": 2,
      "Beta": 2,
      "Density": 1154.33794,
      "Weight": 212.559788,
      "Stackable": 1
    },
    {
      "Length": 85,
      "C1_Length": 0,
      "Height": 21,
      "C1_Height": 1,
      "Depth": 42,
      "C1_Depth": 0,
      "Demand": 1,
      "DemandMax": null,
      "Value": 74970,
      "CustomerId": 65,
      "Priority": 65,
      "Alpha": 2,
      "Beta": 2,
      "Density": 807.377532,
      "Weight": 60.529094,
      "Stackable": 1
    },
    {
      "Length": 112,
      "C1_Length": 0,
      "Height": 54,
      "C1_Height": 1,
      "Depth": 68,
      "C1_Depth": 1,
      "Demand": 2,
      "DemandMax": null,
      "Value": 411264,
      "CustomerId": 6,
      "Priority": 6,
      "Alpha": 2,
      "Beta": 2,
      "Density": 1144.760567,
      "Weight": 470.79881,
      "Stackable": 1
    },
    {
      "Length": 85,
      "C1_Length": 0,
      "Height": 42,
      "C1_Height": 1,
      "Depth": 67,
      "C1_Depth": 1,
      "Demand": 3,
      "DemandMax": null,
      "Value": 239190,
      "CustomerId": 20,
      "Priority": 20,
      "Alpha": 2,
      "Beta": 2,
      "Density": 1074.828159,
      "Weight": 257.088147,
      "Stackable": 1
    },
    {
      "Length": 56,
      "C1_Length": 1,
      "Height": 32,
      "C1_Height": 1,
      "Depth": 54,
      "C1_Depth": 1,
      "Demand": 2,
      "DemandMax": null,
      "Value": 96768,
      "CustomerId": 56,
      "Priority": 56,
      "Alpha": 2,
      "Beta": 2,
      "Density": 1216.020244,
      "Weight": 117.671847,
      "Stackable": 1
    },
    {
      "Length": 109,
      "C1_Length": 0,
      "Height": 51,
      "C1_Height": 1,
      "Depth": 73,
      "C1_Depth": 1,
      "Demand": 3,
      "DemandMax": null,
      "Value": 405807,
      "CustomerId": 7,
      "Priority": 7,
      "Alpha": 2,
      "Beta": 2,
      "Density": 1507.679305,
      "Weight": 611.826816,
      "Stackable": 1
    },
    {
      "Length": 106,
      "C1_Length": 0,
      "Height": 28,
      "C1_Height": 1,
      "Depth": 77,
      "C1_Depth": 0,
      "Demand": 1,
      "DemandMax": null,
      "Value": 228536,
      "CustomerId": 24,
      "Priority": 24,
      "Alpha": 2,
      "Beta": 2,
      "Density": 1465.154049,
      "Weight": 334.840446,
      "Stackable": 1
    },
    {
      "Length": 98,
      "C1_Length": 0,
      "Height": 39,
      "C1_Height": 1,
      "Depth": 58,
      "C1_Depth": 1,
      "Demand": 3,
      "DemandMax": null,
      "Value": 221676,
      "CustomerId": 26,
      "Priority": 26,
      "Alpha": 2,
      "Beta": 2,
      "Density": 1271.125943,
      "Weight": 281.778114,
      "Stackable": 1
    },
    {
      "Length": 55,
      "C1_Length": 0,
      "Height": 27,
      "C1_Height": 1,
      "Depth": 43,
      "C1_Depth": 1,
      "Demand": 3,
      "DemandMax": null,
      "Value": 63855,
      "CustomerId": 66,
      "Priority": 66,
      "Alpha": 2,
      "Beta": 2,
      "Density": 1196.208105,
      "Weight": 76.383869,
      "Stackable": 1
    },
    {
      "Length": 95,
      "C1_Length": 1,
      "Height": 48,
      "C1_Height": 1,
      "Depth": 56,
      "C1_Depth": 1,
      "Demand": 6,
      "DemandMax": null,
      "Value": 255360,
      "CustomerId": 16,
      "Priority": 16,
      "Alpha": 2,
      "Beta": 2,
      "Density": 1075.080707,
      "Weight": 274.532609,
      "Stackable": 1
    },
    {
      "Length": 66,
      "C1_Length": 1,
      "Height": 38,
      "C1_Height": 1,
      "Depth": 55,
      "C1_Depth": 1,
      "Demand": 3,
      "DemandMax": null,
      "Value": 137940,
      "CustomerId": 43,
      "Priority": 43,
      "Alpha": 2,
      "Beta": 2,
      "Density": 1171.953241,
      "Weight": 161.65923,
      "Stackable": 1
    },
    {
      "Length": 98,
      "C1_Length": 0,
      "Height": 38,
      "C1_Height": 1,
      "Depth": 59,
      "C1_Depth": 1,
      "Demand": 2,
      "DemandMax": null,
      "Value": 219716,
      "CustomerId": 27,
      "Priority": 27,
      "Alpha": 2,
      "Beta": 2,
      "Density": 718.13935,
      "Weight": 157.786705,
      "Stackable": 1
    },
    {
      "Length": 84,
      "C1_Length": 0,
      "Height": 26,
      "C1_Height": 1,
      "Depth": 64,
      "C1_Depth": 0,
      "Demand": 2,
      "DemandMax": null,
      "Value": 139776,
      "CustomerId": 42,
      "Priority": 42,
      "Alpha": 2,
      "Beta": 2,
      "Density": 822.027489,
      "Weight": 114.899714,
      "Stackable": 1
    },
    {
      "Length": 46,
      "C1_Length": 0,
      "Height": 21,
      "C1_Height": 1,
      "Depth": 42,
      "C1_Depth": 0,
      "Demand": 1,
      "DemandMax": null,
      "Value": 40572,
      "CustomerId": 69,
      "Priority": 69,
      "Alpha": 2,
      "Beta": 2,
      "Density": 1371.855995,
      "Weight": 55.658941,
      "Stackable": 1
    },
    {
      "Length": 86,
      "C1_Length": 0,
      "Height": 37,
      "C1_Height": 1,
      "Depth": 46,
      "C1_Depth": 1,
      "Demand": 1,
      "DemandMax": null,
      "Value": 146372,
      "CustomerId": 39,
      "Priority": 39,
      "Alpha": 2,
      "Beta": 2,
      "Density": 1225.570999,
      "Weight": 179.389278,
      "Stackable": 1
    },
    {
      "Length": 108,
      "C1_Length": 0,
      "Height": 31,
      "C1_Height": 1,
      "Depth": 90,
      "C1_Depth": 0,
      "Demand": 1,
      "DemandMax": null,
      "Value": 301320,
      "CustomerId": 11,
      "Priority": 11,
      "Alpha": 2,
      "Beta": 2,
      "Density": 1138.463349,
      "Weight": 343.041776,
      "Stackable": 1
    },
    {
      "Length": 100,
      "C1_Length": 0,
      "Height": 39,
      "C1_Height": 1,
      "Depth": 74,
      "C1_Depth": 1,
      "Demand": 1,
      "DemandMax": null,
      "Value": 288600,
      "CustomerId": 13,
      "Priority": 13,
      "Alpha": 2,
      "Beta": 2,
      "Density": 1032.298147,
      "Weight": 297.921245,
      "Stackable": 1
    },
    {
      "Length": 87,
      "C1_Length": 1,
      "Height": 80,
      "C1_Height": 1,
      "Depth": 84,
      "C1_Depth": 1,
      "Demand": 1,
      "DemandMax": null,
      "Value": 584640,
      "CustomerId": 1,
      "Priority": 1,
      "Alpha": 2,
      "Beta": 2,
      "Density": 1119.702838,
      "Weight": 654.623067,
      "Stackable": 1
    },
    {
      "Length": 71,
      "C1_Length": 1,
      "Height": 50,
      "C1_Height": 1,
      "Depth": 59,
      "C1_Depth": 1,
      "Demand": 2,
      "DemandMax": null,
      "Value": 209450,
      "CustomerId": 29,
      "Priority": 29,
      "Alpha": 2,
      "Beta": 2,
      "Density": 887.854194,
      "Weight": 185.961061,
      "Stackable": 1
    },
    {
      "Length": 73,
      "C1_Length": 0,
      "Height": 30,
      "C1_Height": 1,
      "Depth": 37,
      "C1_Depth": 1,
      "Demand": 3,
      "DemandMax": null,
      "Value": 81030,
      "CustomerId": 61,
      "Priority": 61,
      "Alpha": 2,
      "Beta": 2,
      "Density": 999.043399,
      "Weight": 80.952487,
      "Stackable": 1
    },
    {
      "Length": 67,
      "C1_Length": 0,
      "Height": 32,
      "C1_Height": 1,
      "Depth": 67,
      "C1_Depth": 0,
      "Demand": 1,
      "DemandMax": null,
      "Value": 143648,
      "CustomerId": 40,
      "Priority": 40,
      "Alpha": 2,
      "Beta": 2,
      "Density": 1168.459072,
      "Weight": 167.846809,
      "Stackable": 1
    },
    {
      "Length": 78,
      "C1_Length": 0,
      "Height": 37,
      "C1_Height": 1,
      "Depth": 45,
      "C1_Depth": 1,
      "Demand": 2,
      "DemandMax": null,
      "Value": 129870,
      "CustomerId": 44,
      "Priority": 44,
      "Alpha": 2,
      "Beta": 2,
      "Density": 1062.99776,
      "Weight": 138.051519,
      "Stackable": 1
    },
    {
      "Length": 76,
      "C1_Length": 0,
      "Height": 24,
      "C1_Height": 1,
      "Depth": 56,
      "C1_Depth": 0,
      "Demand": 2,
      "DemandMax": null,
      "Value": 102144,
      "CustomerId": 52,
      "Priority": 52,
      "Alpha": 2,
      "Beta": 2,
      "Density": 856.648709,
      "Weight": 87.501526,
      "Stackable": 1
    },
    {
      "Length": 76,
      "C1_Length": 0,
      "Height": 28,
      "C1_Height": 1,
      "Depth": 55,
      "C1_Depth": 1,
      "Demand": 2,
      "DemandMax": null,
      "Value": 117040,
      "CustomerId": 48,
      "Priority": 48,
      "Alpha": 2,
      "Beta": 2,
      "Density": 1598.363947,
      "Weight": 187.072516,
      "Stackable": 1
    },
    {
      "Length": 72,
      "C1_Length": 0,
      "Height": 30,
      "C1_Height": 1,
      "Depth": 45,
      "C1_Depth": 1,
      "Demand": 4,
      "DemandMax": null,
      "Value": 97200,
      "CustomerId": 55,
      "Priority": 55,
      "Alpha": 2,
      "Beta": 2,
      "Density": 707.077667,
      "Weight": 68.727949,
      "Stackable": 1
    },
    {
      "Length": 111,
      "C1_Length": 0,
      "Height": 27,
      "C1_Height": 1,
      "Depth": 54,
      "C1_Depth": 0,
      "Demand": 3,
      "DemandMax": null,
      "Value": 161838,
      "CustomerId": 36,
      "Priority": 36,
      "Alpha": 2,
      "Beta": 2,
      "Density": 1172.426911,
      "Weight": 189.743226,
      "Stackable": 1
    }
  ],
  "Modification": {
    "family": "BR-Modified",
    "seed": 123,
    "weight_model": "beta_density",
    "alpha": 2,
    "beta": 2,
    "Pmax_kg": 28200.0,
    "target_util": 0.8,
    "container_dims": {
      "L": 587,
      "W": 233,
      "H": 220
    },
    "Dc_kg_per_m3": 1171.500338,
    "Dcmin": 585.750169,
    "Dcmax": 1757.250507,
    "customer_rule": "per-type by volume desc; heavy -> higher customer_id/priority",
    "stackable_rule": "type-level Bernoulli(p_nonstackable=0.01)"
  }
}