{
  "Name": "52",
  "Objects": [
    {
      "Length": 587,
      "Height": 233,
      "Depth": 220,
      "Stock": null,
      "Cost": 30089620
    }
  ],
  "Items": [
    {
      "Length": 96,
      "C1_Length": 0,
      "Height": 31,
      "C1_Height": 1,
      "Depth": 72,
      "C1_Depth": 0,
      "Demand": 1,
      "DemandMax": null,
      "Value": 214272,
      "CustomerId": 32,
      "Priority": 32,
      "Alpha": 2,
      "Beta": 2,
      "Density": 1039.036558,
      "Weight": 222.636441,
      "Stackable": 1
    },
    {
      "Length": 75,
      "C1_Length": 1,
      "Height": 47,
      "C1_Height": 1,
      "Depth": 72,
      "C1_Depth": 1,
      "Demand": 3,
      "DemandMax": null,
      "Value": 253800,
      "CustomerId": 26,
      "Priority": 26,
      "Alpha": 2,
      "Beta": 2,
      "Density": 1174.342823,
      "Weight": 298.048208,
      "Stackable": 1
    },
    {
      "Length": 80,
      "C1_Length": 0,
      "Height": 20,
      "C1_Height": 1,
      "Depth": 25,
      "C1_Depth": 1,
      "Demand": 3,
      "DemandMax": null,
      "Value": 40000,
      "CustomerId": 68,
      "Priority": 68,
      "Alpha": 2,
      "Beta": 2,
      "Density": 1165.954395,
      "Weight": 46.638176,
      "Stackable": 1
    },
    {
      "Length": 114,
      "C1_Length": 1,
      "Height": 61,
      "C1_Height": 1,
      "Depth": 94,
      "C1_Depth": 1,
      "Demand": 2,
      "DemandMax": null,
      "Value": 653676,
      "CustomerId": 3,
      "Priority": 3,
      "Alpha": 2,
      "Beta": 2,
      "Density": 1050.837498,
      "Weight": 686.907252,
      "Stackable": 1
    },
    {
      "Length": 100,
      "C1_Length": 0,
      "Height": 39,
      "C1_Height": 1,
      "Depth": 40,
      "C1_Depth": 1,
      "Demand": 2,
      "DemandMax": null,
      "Value": 156000,
      "CustomerId": 45,
      "Priority": 45,
      "Alpha": 2,
      "Beta": 2,
      "Density": 1064.973226,
      "Weight": 166.135823,
      "Stackable": 1
    },
    {
      "Length": 72,
      "C1_Length": 1,
      "Height": 48,
      "C1_Height": 1,
      "Depth": 51,
      "C1_Depth": 1,
      "Demand": 4,
      "DemandMax": null,
      "Value": 176256,
      "CustomerId": 39,
      "Priority": 39,
      "Alpha": 2,
      "Beta": 2,
      "Density": 944.421131,
      "Weight": 166.459891,
      "Stackable": 1
    },
    {
      "Length": 36,
      "C1_Length": 1,
      "Height": 24,
      "C1_Height": 1,
      "Depth": 28,
      "C1_Depth": 1,
      "Demand": 1,
      "DemandMax": null,
      "Value": 24192,
      "CustomerId": 70,
      "Priority": 70,
      "Alpha": 2,
      "Beta": 2,
      "Density": 1206.851311,
      "Weight": 29.196147,
      "Stackable": 1
    },
    {
      "Length": 85,
      "C1_Length": 0,
      "Height": 35,
      "C1_Height": 1,
      "Depth": 58,
      "C1_Depth": 1,
      "Demand": 1,
      "DemandMax": null,
      "Value": 172550,
      "CustomerId": 41,
      "Priority": 41,
      "Alpha": 2,
      "Beta": 2,
      "Density": 657.479148,
      "Weight": 113.448027,
      "Stackable": 1
    },
    {
      "Length": 85,
      "C1_Length": 1,
      "Height": 58,
      "C1_Height": 1,
      "Depth": 84,
      "C1_Depth": 1,
      "Demand": 1,
      "DemandMax": null,
      "Value": 414120,
      "CustomerId": 15,
      "Priority": 15,
      "Alpha": 2,
      "Beta": 2,
      "Density": 1142.439343,
      "Weight": 473.106981,
      "Stackable": 1
    },
    {
      "Length": 95,
      "C1_Length": 0,
      "Height": 24,
      "C1_Height": 1,
      "Depth": 48,
      "C1_Depth": 0,
      "Demand": 3,
      "DemandMax": null,
      "Value": 109440,
      "CustomerId": 62,
      "Priority": 62,
      "Alpha": 2,
      "Beta": 2,
      "Density": 1486.979597,
      "Weight": 162.735047,
      "Stackable": 1
    },
    {
      "Length": 115,
      "C1_Length": 0,
      "Height": 25,
      "C1_Height": 1,
      "Depth": 70,
      "C1_Depth": 0,
      "Demand": 1,
      "DemandMax": null,
      "Value": 201250,
      "CustomerId": 35,
      "Priority": 35,
      "Alpha": 2,
      "Beta": 2,
      "Density": 1012.816682,
      "Weight": 203.829357,
      "Stackable": 1
    },
    {
      "Length": 108,
      "C1_Length": 0,
      "Height": 42,
      "C1_Height": 1,
      "Depth": 49,
      "C1_Depth": 1,
      "Demand": 1,
      "DemandMax": null,
      "Value": 222264,
      "CustomerId": 29,
      "Priority": 29,
      "Alpha": 2,
      "Beta": 2,
      "Density": 965.750989,
      "Weight": 214.651678,
      "Stackable": 1
    },
    {
      "Length": 73,
      "C1_Length": 0,
      "Height": 26,
      "C1_Height": 1,
      "Depth": 64,
      "C1_Depth": 0,
      "Demand": 4,
      "DemandMax": null,
      "Value": 121472,
      "CustomerId": 55,
      "Priority": 55,
      "Alpha": 2,
      "Beta": 2,
      "Density": 1179.33145,
      "Weight": 143.25575,
      "Stackable": 1
    },
    {
      "Length": 68,
      "C1_Length": 1,
      "Height": 35,
      "C1_Height": 1,
      "Depth": 54,
      "C1_Depth": 1,
      "Demand": 1,
      "DemandMax": null,
      "Value": 128520,
      "CustomerId": 52,
      "Priority": 52,
      "Alpha": 2,
      "Beta": 2,
      "Density": 1079.281978,
      "Weight": 138.70932,
      "Stackable": 1
    },
    {
      "Length": 83,
      "C1_Length": 1,
      "Height": 60,
      "C1_Height": 1,
      "Depth": 62,
      "C1_Depth": 1,
      "Demand": 2,
      "DemandMax": null,
      "Value": 308760,
      "CustomerId": 22,
      "Priority": 22,
      "Alpha": 2,
      "Beta": 2,
      "Density": 1523.409616,
      "Weight": 470.367953,
      "Stackable": 1
    },
    {
      "Length": 57,
      "C1_Length": 1,
      "Height": 43,
      "C1_Height": 1,
      "Depth": 56,
      "C1_Depth": 1,
      "Demand": 1,
      "DemandMax": null,
      "Value": 137256,
      "CustomerId": 49,
      "Priority": 49,
      "Alpha": 2,
      "Beta": 2,
      "Density": 828.286294,
      "Weight": 113.687264,
      "Stackable": 1
    },
    {
      "Length": 101,
      "C1_Length": 1,
      "Height": 56,
      "C1_Height": 1,
      "Depth": 57,
      "C1_Depth": 1,
      "Demand": 1,
      "DemandMax": null,
      "Value": 322392,
      "CustomerId": 21,
      "Priority": 21,
      "Alpha": 2,
      "Beta": 2,
      "Density": 1115.494604,
      "Weight": 359.626536,
      "Stackable": 1
    },
    {
      "Length": 56,
      "C1_Length": 1,
      "Height": 42,
      "C1_Height": 1,
      "Depth": 48,
      "C1_Depth": 1,
      "Demand": 1,
      "DemandMax": null,
      "Value": 112896,
      "CustomerId": 61,
      "Priority": 61,
      "Alpha": 2,
      "Beta": 2,
      "Density": 1200.248296,
      "Weight": 135.503232,
      "Stackable": 1
    },
    {
      "Length": 93,
      "C1_Length": 0,
      "Height": 38,
      "C1_Height": 1,
      "Depth": 55,
      "C1_Depth": 1,
      "Demand": 2,
      "DemandMax": null,
      "Value": 194370,
      "CustomerId": 37,
      "Priority": 37,
      "Alpha": 2,
      "Beta": 2,
      "Density": 1603.307812,
      "Weight": 311.634939,
      "Stackable": 1
    },
    {
      "Length": 53,
      "C1_Length": 1,
      "Height": 53,
      "C1_Height": 1,
      "Depth": 53,
      "C1_Depth": 1,
      "Demand": 1,
      "DemandMax": null,
      "Value": 148877,
      "CustomerId": 46,
      "Priority": 46,
      "Alpha": 2,
      "Beta": 2,
      "Density": 1257.676234,
      "Weight": 187.239065,
      "Stackable": 1
    },
    {
      "Length": 85,
      "C1_Length": 1,
      "Height": 63,
      "C1_Height": 1,
      "Depth": 83,
      "C1_Depth": 1,
      "Demand": 2,
      "DemandMax": null,
      "Value": 444465,
      "CustomerId": 11,
      "Priority": 11,
      "Alpha": 2,
      "Beta": 2,
      "Density": 1278.99062,
      "Weight": 568.466566,
      "Stackable": 1
    },
    {
      "Length": 61,
      "C1_Length": 1,
      "Height": 41,
      "C1_Height": 1,
      "Depth": 46,
      "C1_Depth": 1,
      "Demand": 2,
      "DemandMax": null,
      "Value": 115046,
      "CustomerId": 59,
      "Priority": 59,
      "Alpha": 2,
      "Beta": 2,
      "Density": 919.50991,
      "Weight": 105.785937,
      "Stackable": 1
    },
    {
      "Length": 89,
      "C1_Length": 0,
      "Height": 33,
      "C1_Height": 1,
      "Depth": 79,
      "C1_Depth": 0,
      "Demand": 2,
      "DemandMax": null,
      "Value": 232023,
      "CustomerId": 28,
      "Priority": 28,
      "Alpha": 2,
      "Beta": 2,
      "Density": 922.782998,
      "Weight": 214.10688,
      "Stackable": 1
    },
    {
      "Length": 100,
      "C1_Length": 1,
      "Height": 71,
      "C1_Height": 1,
      "Depth": 85,
      "C1_Depth": 1,
      "Demand": 1,
      "DemandMax": null,
      "Value": 603500,
      "CustomerId": 4,
      "Priority": 4,
      "Alpha": 2,
      "Beta": 2,
      "Density": 1228.374078,
      "Weight": 741.323756,
      "Stackable": 1
    },
    {
      "Length": 114,
      "C1_Length": 1,
      "Height": 71,
      "C1_Height": 1,
      "Depth": 97,
      "C1_Depth": 1,
      "Demand": 2,
      "DemandMax": null,
      "Value": 785118,
      "CustomerId": 2,
      "Priority": 2,
      "Alpha": 2,
      "Beta": 2,
      "Density": 1074.255363,
      "Weight": 843.417222,
      "Stackable": 1
    },
    {
      "Length": 66,
      "C1_Length": 1,
      "Height": 45,
      "C1_Height": 1,
      "Depth": 50,
      "C1_Depth": 1,
      "Demand": 4,
      "DemandMax": null,
      "Value": 148500,
      "CustomerId": 47,
      "Priority": 47,
      "Alpha": 2,
      "Beta": 2,
      "Density": 1569.003796,
      "Weight": 232.997064,
      "Stackable": 1
    },
    {
      "Length": 82,
      "C1_Length": 0,
      "Height": 34,
      "C1_Height": 1,
      "Depth": 59,
      "C1_Depth": 1,
      "Demand": 3,
      "DemandMax": null,
      "Value": 164492,
      "CustomerId": 42,
      "Priority": 42,
      "Alpha": 2,
      "Beta": 2,
      "Density": 811.996142,
      "Weight": 133.566869,
      "Stackable": 1
    },
    {
      "Length": 69,
      "C1_Length": 1,
      "Height": 44,
      "C1_Height": 1,
      "Depth": 62,
      "C1_Depth": 1,
      "Demand": 2,
      "DemandMax": null,
      "Value": 188232,
      "CustomerId": 38,
      "Priority": 38,
      "Alpha": 2,
      "Beta": 2,
      "Density": 1004.778459,
      "Weight": 189.131459,
      "Stackable": 1
    },
    {
      "Length": 69,
      "C1_Length": 1,
      "Height": 64,
      "C1_Height": 1,
      "Depth": 68,
      "C1_Depth": 1,
      "Demand": 2,
      "DemandMax": null,
      "Value": 300288,
      "CustomerId": 24,
      "Priority": 24,
      "Alpha": 2,
      "Beta": 2,
      "Density": 1108.351159,
      "Weight": 332.824553,
      "Stackable": 1
    },
    {
      "Length": 57,
      "C1_Length": 1,
      "Height": 50,
      "C1_Height": 1,
      "Depth": 56,
      "C1_Depth": 1,
      "Demand": 1,
      "DemandMax": null,
      "Value": 159600,
      "CustomerId": 44,
      "Priority": 44,
      "Alpha": 2,
      "Beta": 2,
      "Density": 782.287611,
      "Weight": 124.853103,
      "Stackable": 1
    },
    {
      "Length": 95,
      "C1_Length": 0,
      "Height": 30,
      "C1_Height": 1,
      "Depth": 42,
      "C1_Depth": 1,
      "Demand": 1,
      "DemandMax": null,
      "Value": 119700,
      "CustomerId": 57,
      "Priority": 57,
      "Alpha": 2,
      "Beta": 2,
      "Density": 1148.798897,
      "Weight": 137.511228,
      "Stackable": 1
    },
    {
      "Length": 99,
      "C1_Length": 0,
      "Height": 48,
      "C1_Height": 1,
      "Depth": 70,
      "C1_Depth": 1,
      "Demand": 1,
      "DemandMax": null,
      "Value": 332640,
      "CustomerId": 18,
      "Priority": 18,
      "Alpha": 2,
      "Beta": 2,
      "Density": 1547.159766,
      "Weight": 514.647224,
      "Stackable": 1
    },
    {
      "Length": 85,
      "C1_Length": 0,
      "Height": 25,
      "C1_Height": 1,
      "Depth": 82,
      "C1_Depth": 0,
      "Demand": 1,
      "DemandMax": null,
      "Value": 174250,
      "CustomerId": 40,
      "Priority": 40,
      "Alpha": 2,
      "Beta": 2,
      "Density": 821.950561,
      "Weight": 143.224885,
      "Stackable": 1
    },
    {
      "Length": 56,
      "C1_Length": 1,
      "Height": 43,
      "C1_Height": 1,
      "Depth": 51,
      "C1_Depth": 1,
      "Demand": 5,
      "DemandMax": null,
      "Value": 122808,
      "CustomerId": 53,
      "Priority": 53,
      "Alpha": 2,
      "Beta": 2,
      "Density": 695.261414,
      "Weight": 85.383664,
      "Stackable": 1
    },
    {
      "Length": 82,
      "C1_Length": 0,
      "Height": 32,
      "C1_Height": 1,
      "Depth": 51,
      "C1_Depth": 1,
      "Demand": 2,
      "DemandMax": null,
      "Value": 133824,
      "CustomerId": 50,
      "Priority": 50,
      "Alpha": 2,
      "Beta": 2,
      "Density": 1442.162876,
      "Weight": 192.996005,
      "Stackable": 1
    },
    {
      "Length": 97,
      "C1_Length": 1,
      "Height": 66,
      "C1_Height": 1,
      "Depth": 88,
      "C1_Depth": 1,
      "Demand": 1,
      "DemandMax": null,
      "Value": 563376,
      "CustomerId": 6,
      "Priority": 6,
      "Alpha": 2,
      "Beta": 2,
      "Density": 1700.138268,
      "Weight": 957.817097,
      "Stackable": 1
    },
    {
      "Length": 70,
      "C1_Length": 0,
      "Height": 29,
      "C1_Height": 1,
      "Depth": 56,
      "C1_Depth": 1,
      "Demand": 1,
      "DemandMax": null,
      "Value": 113680,
      "CustomerId": 60,
      "Priority": 60,
      "Alpha": 2,
      "Beta": 2,
      "Density": 962.210677,
      "Weight": 109.38411,
      "Stackable": 1
    },
    {
      "Length": 86,
      "C1_Length": 1,
      "Height": 72,
      "C1_Height": 1,
      "Depth": 85,
      "C1_Depth": 1,
      "Demand": 2,
      "DemandMax": null,
      "Value": 526320,
      "CustomerId": 7,
      "Priority": 7,
      "Alpha": 2,
      "Beta": 2,
      "Density": 1497.238093,
      "Weight": 788.026353,
      "Stackable": 1
    },
    {
      "Length": 78,
      "C1_Length": 0,
      "Height": 37,
      "C1_Height": 1,
      "Depth": 41,
      "C1_Depth": 1,
      "Demand": 1,
      "DemandMax": null,
      "Value": 118326,
      "CustomerId": 58,
      "Priority": 58,
      "Alpha": 2,
      "Beta": 2,
      "Density": 950.407966,
      "Weight": 112.457973,
      "Stackable": 1
    },
    {
      "Length": 78,
      "C1_Length": 1,
      "Height": 61,
      "C1_Height": 1,
      "Depth": 64,
      "C1_Depth": 1,
      "Demand": 1,
      "DemandMax": null,
      "Value": 304512,
      "CustomerId": 23,
      "Priority": 23,
      "Alpha": 2,
      "Beta": 2,
      "Density": 934.346828,
      "Weight": 284.519821,
      "Stackable": 1
    },
    {
      "Length": 77,
      "C1_Length": 1,
      "Height": 49,
      "C1_Height": 1,
      "Depth": 72,
      "C1_Depth": 1,
      "Demand": 2,
      "DemandMax": null,
      "Value": 271656,
      "CustomerId": 25,
      "Priority": 25,
      "Alpha": 2,
      "Beta": 2,
      "Density": 1045.430359,
      "Weight": 283.997429,
      "Stackable": 1
    },
    {
      "Length": 91,
      "C1_Length": 0,
      "Height": 45,
      "C1_Height": 1,
      "Depth": 80,
      "C1_Depth": 1,
      "Demand": 1,
      "DemandMax": null,
      "Value": 327600,
      "CustomerId": 20,
      "Priority": 20,
      "Alpha": 2,
      "Beta": 2,
      "Density": 1494.090235,
      "Weight": 489.463961,
      "Stackable": 1
    },
    {
      "Length": 62,
      "C1_Length": 0,
      "Height": 26,
      "C1_Height": 1,
      "Depth": 40,
      "C1_Depth": 1,
      "Demand": 1,
      "DemandMax": null,
      "Value": 64480,
      "CustomerId": 65,
      "Priority": 65,
      "Alpha": 2,
      "Beta": 2,
      "Density": 1603.602818,
      "Weight": 103.40031,
      "Stackable": 1
    },
    {
      "Length": 98,
      "C1_Length": 0,
      "Height": 47,
      "C1_Height": 1,
      "Depth": 77,
      "C1_Depth": 1,
      "Demand": 1,
      "DemandMax": null,
      "Value": 354662,
      "CustomerId": 16,
      "Priority": 16,
      "Alpha": 2,
      "Beta": 2,
      "Density": 997.39447,
      "Weight": 353.737917,
      "Stackable": 1
    },
    {
      "Length": 106,
      "C1_Length": 1,
      "Height": 67,
      "C1_Height": 1,
      "Depth": 70,
      "C1_Depth": 1,
      "Demand": 4,
      "DemandMax": null,
      "Value": 497140,
      "CustomerId": 9,
      "Priority": 9,
      "Alpha": 2,
      "Beta": 2,
      "Density": 1057.705383,
      "Weight": 525.827654,
      "Stackable": 1
    },
    {
      "Length": 98,
      "C1_Length": 1,
      "Height": 66,
      "C1_Height": 1,
      "Depth": 66,
      "C1_Depth": 1,
      "Demand": 1,
      "DemandMax": null,
      "Value": 426888,
      "CustomerId": 13,
      "Priority": 13,
      "Alpha": 2,
      "Beta": 2,
      "Density": 1002.60088,
      "Weight": 427.998285,
      "Stackable": 1
    },
    {
      "Length": 69,
      "C1_Length": 1,
      "Height": 36,
      "C1_Height": 1,
      "Depth": 65,
      "C1_Depth": 1,
      "Demand": 1,
      "DemandMax": null,
      "Value": 161460,
      "CustomerId": 43,
      "Priority": 43,
      "Alpha": 2,
      "Beta": 2,
      "Density": 831.401381,
      "Weight": 134.238067,
      "Stackable": 1
    },
    {
      "Length": 119,
      "C1_Length": 0,
      "Height": 29,
      "C1_Height": 1,
      "Depth": 61,
      "C1_Depth": 0,
      "Demand": 2,
      "DemandMax": null,
      "Value": 210511,
      "CustomerId": 33,
      "Priority": 33,
      "Alpha": 2,
      "Beta": 2,
      "Density": 750.858983,
      "Weight": 158.064075,
      "Stackable": 1
    },
    {
      "Length": 61,
      "C1_Length": 0,
      "Height": 22,
      "C1_Height": 1,
      "Depth": 37,
      "C1_Depth": 1,
      "Demand": 1,
      "DemandMax": null,
      "Value": 49654,
      "CustomerId": 67,
      "Priority": 67,
      "Alpha": 2,
      "Beta": 2,
      "Density": 1304.330887,
      "Weight": 64.765246,
      "Stackable": 1
    },
    {
      "Length": 72,
      "C1_Length": 1,
      "Height": 42,
      "C1_Height": 1,
      "Depth": 69,
      "C1_Depth": 1,
      "Demand": 2,
      "DemandMax": null,
      "Value": 208656,
      "CustomerId": 34,
      "Priority": 34,
      "Alpha": 2,
      "Beta": 2,
      "Density": 1270.798498,
      "Weight": 265.159731,
      "Stackable": 1
    },
    {
      "Length": 83,
      "C1_Length": 0,
      "Height": 29,
      "C1_Height": 1,
      "Depth": 51,
      "C1_Depth": 1,
      "Demand": 2,
      "DemandMax": null,
      "Value": 122757,
      "CustomerId": 54,
      "Priority": 54,
      "Alpha": 2,
      "Beta": 2,
      "Density": 1279.236904,
      "Weight": 157.035285,
      "Stackable": 1
    },
    {
      "Length": 81,
      "C1_Length": 1,
      "Height": 79,
      "C1_Height": 1,
      "Depth": 80,
      "C1_Depth": 1,
      "Demand": 2,
      "DemandMax": null,
      "Value": 511920,
      "CustomerId": 8,
      "Priority": 8,
      "Alpha": 2,
      "Beta": 2,
      "Density": 926.651182,
      "Weight": 474.371273,
      "Stackable": 1
    },
    {
      "Length": 74,
      "C1_Length": 0,
      "Height": 34,
      "C1_Height": 1,
      "Depth": 55,
      "C1_Depth": 1,
      "Demand": 1,
      "DemandMax": null,
      "Value": 138380,
      "CustomerId": 48,
      "Priority": 48,
      "Alpha": 2,
      "Beta": 2,
      "Density": 1254.516672,
      "Weight": 173.600017,
      "Stackable": 1
    },
    {
      "Length": 37,
      "C1_Length": 1,
      "Height": 26,
      "C1_Height": 1,
      "Depth": 31,
      "C1_Depth": 1,
      "Demand": 1,
      "DemandMax": null,
      "Value": 29822,
      "CustomerId": 69,
      "Priority": 69,
      "Alpha": 2,
      "Beta": 2,
      "Density": 1292.379139,
      "Weight": 38.541331,
      "Stackable": 1
    },
    {
      "Length": 93,
      "C1_Length": 0,
      "Height": 35,
      "C1_Height": 1,
      "Depth": 41,
      "C1_Depth": 1,
      "Demand": 2,
      "DemandMax": null,
      "Value": 133455,
      "CustomerId": 51,
      "Priority": 51,
      "Alpha": 2,
      "Beta": 2,
      "Density": 1152.813272,
      "Weight": 153.848695,
      "Stackable": 1
    },
    {
      "Length": 118,
      "C1_Length": 1,
      "Height": 76,
      "C1_Height": 1,
      "Depth": 94,
      "C1_Depth": 1,
      "Demand": 2,
      "DemandMax": null,
      "Value": 842992,
      "CustomerId": 1,
      "Priority": 1,
      "Alpha": 2,
      "Beta": 2,
      "Density": 1167.713324,
      "Weight": 984.37299,
      "Stackable": 1
    },
    {
      "Length": 102,
      "C1_Length": 0,
      "Height": 50,
      "C1_Height": 1,
      "Depth": 87,
      "C1_Depth": 1,
      "Demand": 1,
      "DemandMax": null,
      "Value": 443700,
      "CustomerId": 12,
      "Priority": 12,
      "Alpha": 2,
      "Beta": 2,
      "Density": 1246.908574,
      "Weight": 553.253334,
      "Stackable": 1
    },
    {
      "Length": 62,
      "C1_Length": 1,
      "Height": 43,
      "C1_Height": 1,
      "Depth": 45,
      "C1_Depth": 1,
      "Demand": 1,
      "DemandMax": null,
      "Value": 119970,
      "CustomerId": 56,
      "Priority": 56,
      "Alpha": 2,
      "Beta": 2,
      "Density": 1481.329397,
      "Weight": 177.715088,
      "Stackable": 1
    },
    {
      "Length": 112,
      "C1_Length": 0,
      "Height": 33,
      "C1_Height": 1,
      "Depth": 95,
      "C1_Depth": 0,
      "Demand": 1,
      "DemandMax": null,
      "Value": 351120,
      "CustomerId": 17,
      "Priority": 17,
      "Alpha": 2,
      "Beta": 2,
      "Density": 997.520737,
      "Weight": 350.249481,
      "Stackable": 1
    },
    {
      "Length": 46,
      "C1_Length": 1,
      "Height": 35,
      "C1_Height": 1,
      "Depth": 39,
      "C1_Depth": 1,
      "Demand": 1,
      "DemandMax": null,
      "Value": 62790,
      "CustomerId": 66,
      "Priority": 66,
      "Alpha": 2,
      "Beta": 2,
      "Density": 987.523813,
      "Weight": 62.00662,
      "Stackable": 1
    },
    {
      "Length": 100,
      "C1_Length": 0,
      "Height": 40,
      "C1_Height": 1,
      "Depth": 61,
      "C1_Depth": 1,
      "Demand": 3,
      "DemandMax": null,
      "Value": 244000,
      "CustomerId": 27,
      "Priority": 27,
      "Alpha": 2,
      "Beta": 2,
      "Density": 1311.201419,
      "Weight": 319.933146,
      "Stackable": 1
    },
    {
      "Length": 70,
      "C1_Length": 0,
      "Height": 26,
      "C1_Height": 1,
      "Depth": 53,
      "C1_Depth": 0,
      "Demand": 1,
      "DemandMax": null,
      "Value": 96460,
      "CustomerId": 63,
      "Priority": 63,
      "Alpha": 2,
      "Beta": 2,
      "Density": 1368.831947,
      "Weight": 132.03753,
      "Stackable": 1
    },
    {
      "Length": 100,
      "C1_Length": 1,
      "Height": 75,
      "C1_Height": 1,
      "Depth": 80,
      "C1_Depth": 1,
      "Demand": 1,
      "DemandMax": null,
      "Value": 600000,
      "CustomerId": 5,
      "Priority": 5,
      "Alpha": 2,
      "Beta": 2,
      "Density": 1225.882642,
      "Weight": 735.529585,
      "Stackable": 1
    },
    {
      "Length": 99,
      "C1_Length": 1,
      "Height": 56,
      "C1_Height": 1,
      "Depth": 75,
      "C1_Depth": 1,
      "Demand": 1,
      "DemandMax": null,
      "Value": 415800,
      "CustomerId": 14,
      "Priority": 14,
      "Alpha": 2,
      "Beta": 2,
      "Density": 1112.360256,
      "Weight": 462.519395,
      "Stackable": 1
    },
    {
      "Length": 120,
      "C1_Length": 0,
      "Height": 24,
      "C1_Height": 1,
      "Depth": 69,
      "C1_Depth": 0,
      "Demand": 2,
      "DemandMax": null,
      "Value": 198720,
      "CustomerId": 36,
      "Priority": 36,
      "Alpha": 2,
      "Beta": 2,
      "Density": 1443.365897,
      "Weight": 286.825671,
      "Stackable": 1
    },
    {
      "Length": 98,
      "C1_Length": 1,
      "Height": 61,
      "C1_Height": 1,
      "Depth": 77,
      "C1_Depth": 1,
      "Demand": 1,
      "DemandMax": null,
      "Value": 460306,
      "CustomerId": 10,
      "Priority": 10,
      "Alpha": 2,
      "Beta": 2,
      "Density": 1244.874869,
      "Weight": 573.023371,
      "Stackable": 1
    },
    {
      "Length": 92,
      "C1_Length": 1,
      "Height": 52,
      "C1_Height": 1,
      "Depth": 69,
      "C1_Depth": 1,
      "Demand": 2,
      "DemandMax": null,
      "Value": 330096,
      "CustomerId": 19,
      "Priority": 19,
      "Alpha": 2,
      "Beta": 2,
      "Density": 1561.908463,
      "Weight": 515.579736,
      "Stackable": 1
    },
    {
      "Length": 82,
      "C1_Length": 0,
      "Height": 35,
      "C1_Height": 1,
      "Depth": 76,
      "C1_Depth": 0,
      "Demand": 1,
      "DemandMax": null,
      "Value": 218120,
      "CustomerId": 31,
      "Priority": 31,
      "Alpha": 2,
      "Beta": 2,
      "Density": 1131.909287,
      "Weight": 246.892054,
      "Stackable": 1
    },
    {
      "Length": 47,
      "C1_Length": 1,
      "Height": 38,
      "C1_Height": 1,
      "Depth": 38,
      "C1_Depth": 1,
      "Demand": 1,
      "DemandMax": null,
      "Value": 67868,
      "CustomerId": 64,
      "Priority": 64,
      "Alpha": 2,
      "Beta": 2,
      "Density": 1103.072058,
      "Weight": 74.863294,
      "Stackable": 1
    },
    {
      "Length": 110,
      "C1_Length": 0,
      "Height": 32,
      "C1_Height": 1,
      "Depth": 62,
      "C1_Depth": 1,
      "Demand": 2,
      "DemandMax": null,
      "Value": 218240,
      "CustomerId": 30,
      "Priority": 30,
      "Alpha": 2,
      "Beta": 2,
      "Density": 1282.062021,
      "Weight": 279.797215,
      "Stackable": 1
    }
  ],
  "Modification": {
    "family": "BR-Modified",
    "seed": 123,
    "weight_model": "beta_density",
    "alpha": 2,
    "beta": 2,
    "Pmax_kg": 28200.0,
    "target_util": 0.8,
    "container_dims": {
      "L": 587,
      "W": 233,
      "H": 220
    },
    "Dc_kg_per_m3": 1171.500338,
    "Dcmin": 585.750169,
    "Dcmax": 1757.250507,
    "customer_rule": "per-type by volume desc; heavy -> higher customer_id/priority",
    "stackable_rule": "type-level Bernoulli(p_nonstackable=0.01)"
  }
}