{
  "Name": "58",
  "Objects": [
    {
      "Length": 587,
      "Height": 233,
      "Depth": 220,
      "Stock": null,
      "Cost": 30089620
    }
  ],
  "Items": [
    {
      "Length": 105,
      "C1_Length": 0,
      "Height": 46,
      "C1_Height": 1,
      "Depth": 81,
      "C1_Depth": 1,
      "Demand": 2,
      "DemandMax": null,
      "Value": 391230,
      "CustomerId": 12,
      "Priority": 12,
      "Alpha": 2,
      "Beta": 2,
      "Density": 1042.754525,
      "Weight": 407.956853,
      "Stackable": 1
    },
    {
      "Length": 115,
      "C1_Length": 1,
      "Height": 61,
      "C1_Height": 1,
      "Depth": 81,
      "C1_Depth": 1,
      "Demand": 1,
      "DemandMax": null,
      "Value": 568215,
      "CustomerId": 4,
      "Priority": 4,
      "Alpha": 2,
      "Beta": 2,
      "Density": 1115.972064,
      "Weight": 634.112066,
      "Stackable": 1
    },
    {
      "Length": 72,
      "C1_Length": 0,
      "Height": 23,
      "C1_Height": 1,
      "Depth": 51,
      "C1_Depth": 0,
      "Demand": 3,
      "DemandMax": null,
      "Value": 84456,
      "CustomerId": 58,
      "Priority": 58,
      "Alpha": 2,
      "Beta": 2,
      "Density": 1153.429616,
      "Weight": 97.414052,
      "Stackable": 0
    },
    {
      "Length": 65,
      "C1_Length": 1,
      "Height": 33,
      "C1_Height": 1,
      "Depth": 56,
      "C1_Depth": 1,
      "Demand": 1,
      "DemandMax": null,
      "Value": 120120,
      "CustomerId": 52,
      "Priority": 52,
      "Alpha": 2,
      "Beta": 2,
      "Density": 890.610016,
      "Weight": 106.980075,
      "Stackable": 1
    },
    {
      "Length": 60,
      "C1_Length": 0,
      "Height": 21,
      "C1_Height": 1,
      "Depth": 44,
      "C1_Depth": 0,
      "Demand": 2,
      "DemandMax": null,
      "Value": 55440,
      "CustomerId": 68,
      "Priority": 68,
      "Alpha": 2,
      "Beta": 2,
      "Density": 1067.205713,
      "Weight": 59.165885,
      "Stackable": 1
    },
    {
      "Length": 85,
      "C1_Length": 1,
      "Height": 65,
      "C1_Height": 1,
      "Depth": 69,
      "C1_Depth": 1,
      "Demand": 1,
      "DemandMax": null,
      "Value": 381225,
      "CustomerId": 13,
      "Priority": 13,
      "Alpha": 2,
      "Beta": 2,
      "Density": 1243.567078,
      "Weight": 474.078859,
      "Stackable": 1
    },
    {
      "Length": 90,
      "C1_Length": 0,
      "Height": 35,
      "C1_Height": 1,
      "Depth": 82,
      "C1_Depth": 0,
      "Demand": 3,
      "DemandMax": null,
      "Value": 258300,
      "CustomerId": 25,
      "Priority": 25,
      "Alpha": 2,
      "Beta": 2,
      "Density": 1020.86524,
      "Weight": 263.689491,
      "Stackable": 1
    },
    {
      "Length": 115,
      "C1_Length": 1,
      "Height": 64,
      "C1_Height": 1,
      "Depth": 94,
      "C1_Depth": 1,
      "Demand": 2,
      "DemandMax": null,
      "Value": 691840,
      "CustomerId": 1,
      "Priority": 1,
      "Alpha": 2,
      "Beta": 2,
      "Density": 1508.836753,
      "Weight": 1043.873619,
      "Stackable": 1
    },
    {
      "Length": 80,
      "C1_Length": 0,
      "Height": 33,
      "C1_Height": 1,
      "Depth": 53,
      "C1_Depth": 1,
      "Demand": 1,
      "DemandMax": null,
      "Value": 139920,
      "CustomerId": 44,
      "Priority": 44,
      "Alpha": 2,
      "Beta": 2,
      "Density": 900.046687,
      "Weight": 125.934532,
      "Stackable": 1
    },
    {
      "Length": 95,
      "C1_Length": 0,
      "Height": 37,
      "C1_Height": 1,
      "Depth": 81,
      "C1_Depth": 0,
      "Demand": 1,
      "DemandMax": null,
      "Value": 284715,
      "CustomerId": 21,
      "Priority": 21,
      "Alpha": 2,
      "Beta": 2,
      "Density": 1382.492072,
      "Weight": 393.61623,
      "Stackable": 1
    },
    {
      "Length": 66,
      "C1_Length": 1,
      "Height": 45,
      "C1_Height": 1,
      "Depth": 46,
      "C1_Depth": 1,
      "Demand": 2,
      "DemandMax": null,
      "Value": 136620,
      "CustomerId": 46,
      "Priority": 46,
      "Alpha": 2,
      "Beta": 2,
      "Density": 1121.826063,
      "Weight": 153.263877,
      "Stackable": 1
    },
    {
      "Length": 109,
      "C1_Length": 0,
      "Height": 25,
      "C1_Height": 1,
      "Depth": 36,
      "C1_Depth": 1,
      "Demand": 1,
      "DemandMax": null,
      "Value": 98100,
      "CustomerId": 54,
      "Priority": 54,
      "Alpha": 2,
      "Beta": 2,
      "Density": 1305.974252,
      "Weight": 128.116074,
      "Stackable": 1
    },
    {
      "Length": 89,
      "C1_Length": 1,
      "Height": 50,
      "C1_Height": 1,
      "Depth": 62,
      "C1_Depth": 1,
      "Demand": 1,
      "DemandMax": null,
      "Value": 275900,
      "CustomerId": 23,
      "Priority": 23,
      "Alpha": 2,
      "Beta": 2,
      "Density": 1346.015101,
      "Weight": 371.365566,
      "Stackable": 1
    },
    {
      "Length": 54,
      "C1_Length": 0,
      "Height": 27,
      "C1_Height": 1,
      "Depth": 32,
      "C1_Depth": 1,
      "Demand": 2,
      "DemandMax": null,
      "Value": 46656,
      "CustomerId": 69,
      "Priority": 69,
      "Alpha": 2,
      "Beta": 2,
      "Density": 1128.745949,
      "Weight": 52.662771,
      "Stackable": 1
    },
    {
      "Length": 79,
      "C1_Length": 0,
      "Height": 32,
      "C1_Height": 1,
      "Depth": 33,
      "C1_Depth": 1,
      "Demand": 1,
      "DemandMax": null,
      "Value": 83424,
      "CustomerId": 59,
      "Priority": 59,
      "Alpha": 2,
      "Beta": 2,
      "Density": 1056.934014,
      "Weight": 88.173663,
      "Stackable": 1
    },
    {
      "Length": 80,
      "C1_Length": 1,
      "Height": 47,
      "C1_Height": 1,
      "Depth": 50,
      "C1_Depth": 1,
      "Demand": 4,
      "DemandMax": null,
      "Value": 188000,
      "CustomerId": 36,
      "Priority": 36,
      "Alpha": 2,
      "Beta": 2,
      "Density": 1161.454485,
      "Weight": 218.353443,
      "Stackable": 1
    },
    {
      "Length": 81,
      "C1_Length": 1,
      "Height": 44,
      "C1_Height": 1,
      "Depth": 57,
      "C1_Depth": 1,
      "Demand": 2,
      "DemandMax": null,
      "Value": 203148,
      "CustomerId": 32,
      "Priority": 32,
      "Alpha": 2,
      "Beta": 2,
      "Density": 908.308001,
      "Weight": 184.520954,
      "Stackable": 1
    },
    {
      "Length": 107,
      "C1_Length": 0,
      "Height": 21,
      "C1_Height": 1,
      "Depth": 31,
      "C1_Depth": 1,
      "Demand": 1,
      "DemandMax": null,
      "Value": 69657,
      "CustomerId": 61,
      "Priority": 61,
      "Alpha": 2,
      "Beta": 2,
      "Density": 1168.488275,
      "Weight": 81.393388,
      "Stackable": 1
    },
    {
      "Length": 91,
      "C1_Length": 1,
      "Height": 80,
      "C1_Height": 1,
      "Depth": 85,
      "C1_Depth": 1,
      "Demand": 3,
      "DemandMax": null,
      "Value": 618800,
      "CustomerId": 2,
      "Priority": 2,
      "Alpha": 2,
      "Beta": 2,
      "Density": 1671.148264,
      "Weight": 1034.106546,
      "Stackable": 1
    },
    {
      "Length": 93,
      "C1_Length": 0,
      "Height": 27,
      "C1_Height": 1,
      "Depth": 68,
      "C1_Depth": 0,
      "Demand": 2,
      "DemandMax": null,
      "Value": 170748,
      "CustomerId": 39,
      "Priority": 39,
      "Alpha": 2,
      "Beta": 2,
      "Density": 1235.522387,
      "Weight": 210.962976,
      "Stackable": 1
    },
    {
      "Length": 78,
      "C1_Length": 0,
      "Height": 33,
      "C1_Height": 1,
      "Depth": 44,
      "C1_Depth": 1,
      "Demand": 1,
      "DemandMax": null,
      "Value": 113256,
      "CustomerId": 53,
      "Priority": 53,
      "Alpha": 2,
      "Beta": 2,
      "Density": 1033.590659,
      "Weight": 117.060344,
      "Stackable": 1
    },
    {
      "Length": 73,
      "C1_Length": 0,
      "Height": 29,
      "C1_Height": 1,
      "Depth": 40,
      "C1_Depth": 1,
      "Demand": 2,
      "DemandMax": null,
      "Value": 84680,
      "CustomerId": 57,
      "Priority": 57,
      "Alpha": 2,
      "Beta": 2,
      "Density": 1356.343685,
      "Weight": 114.855183,
      "Stackable": 1
    },
    {
      "Length": 93,
      "C1_Length": 1,
      "Height": 73,
      "C1_Height": 1,
      "Depth": 86,
      "C1_Depth": 1,
      "Demand": 1,
      "DemandMax": null,
      "Value": 583854,
      "CustomerId": 3,
      "Priority": 3,
      "Alpha": 2,
      "Beta": 2,
      "Density": 1392.421386,
      "Weight": 812.970796,
      "Stackable": 1
    },
    {
      "Length": 111,
      "C1_Length": 0,
      "Height": 23,
      "C1_Height": 1,
      "Depth": 62,
      "C1_Depth": 0,
      "Demand": 1,
      "DemandMax": null,
      "Value": 158286,
      "CustomerId": 43,
      "Priority": 43,
      "Alpha": 2,
      "Beta": 2,
      "Density": 1438.094506,
      "Weight": 227.630227,
      "Stackable": 1
    },
    {
      "Length": 70,
      "C1_Length": 0,
      "Height": 27,
      "C1_Height": 1,
      "Depth": 68,
      "C1_Depth": 0,
      "Demand": 2,
      "DemandMax": null,
      "Value": 128520,
      "CustomerId": 48,
      "Priority": 48,
      "Alpha": 2,
      "Beta": 2,
      "Density": 1188.907087,
      "Weight": 152.798339,
      "Stackable": 1
    },
    {
      "Length": 116,
      "C1_Length": 0,
      "Height": 20,
      "C1_Height": 1,
      "Depth": 25,
      "C1_Depth": 1,
      "Demand": 1,
      "DemandMax": null,
      "Value": 58000,
      "CustomerId": 66,
      "Priority": 66,
      "Alpha": 2,
      "Beta": 2,
      "Density": 1113.154798,
      "Weight": 64.562978,
      "Stackable": 1
    },
    {
      "Length": 54,
      "C1_Length": 1,
      "Height": 45,
      "C1_Height": 1,
      "Depth": 52,
      "C1_Depth": 1,
      "Demand": 1,
      "DemandMax": null,
      "Value": 126360,
      "CustomerId": 50,
      "Priority": 50,
      "Alpha": 2,
      "Beta": 2,
      "Density": 1171.84886,
      "Weight": 148.074822,
      "Stackable": 1
    },
    {
      "Length": 116,
      "C1_Length": 0,
      "Height": 40,
      "C1_Height": 1,
      "Depth": 60,
      "C1_Depth": 1,
      "Demand": 6,
      "DemandMax": null,
      "Value": 278400,
      "CustomerId": 22,
      "Priority": 22,
      "Alpha": 2,
      "Beta": 2,
      "Density": 1103.954358,
      "Weight": 307.340893,
      "Stackable": 1
    },
    {
      "Length": 38,
      "C1_Length": 1,
      "Height": 22,
      "C1_Height": 1,
      "Depth": 33,
      "C1_Depth": 1,
      "Demand": 1,
      "DemandMax": null,
      "Value": 27588,
      "CustomerId": 70,
      "Priority": 70,
      "Alpha": 2,
      "Beta": 2,
      "Density": 1121.759621,
      "Weight": 30.947104,
      "Stackable": 1
    },
    {
      "Length": 95,
      "C1_Length": 0,
      "Height": 47,
      "C1_Height": 1,
      "Depth": 71,
      "C1_Depth": 1,
      "Demand": 2,
      "DemandMax": null,
      "Value": 317015,
      "CustomerId": 16,
      "Priority": 16,
      "Alpha": 2,
      "Beta": 2,
      "Density": 871.074554,
      "Weight": 276.1437,
      "Stackable": 1
    },
    {
      "Length": 77,
      "C1_Length": 1,
      "Height": 50,
      "C1_Height": 1,
      "Depth": 76,
      "C1_Depth": 1,
      "Demand": 3,
      "DemandMax": null,
      "Value": 292600,
      "CustomerId": 20,
      "Priority": 20,
      "Alpha": 2,
      "Beta": 2,
      "Density": 1365.032575,
      "Weight": 399.408532,
      "Stackable": 1
    },
    {
      "Length": 69,
      "C1_Length": 1,
      "Height": 41,
      "C1_Height": 1,
      "Depth": 47,
      "C1_Depth": 1,
      "Demand": 2,
      "DemandMax": null,
      "Value": 132963,
      "CustomerId": 47,
      "Priority": 47,
      "Alpha": 2,
      "Beta": 2,
      "Density": 1450.720634,
      "Weight": 192.892168,
      "Stackable": 1
    },
    {
      "Length": 69,
      "C1_Length": 1,
      "Height": 35,
      "C1_Height": 1,
      "Depth": 66,
      "C1_Depth": 1,
      "Demand": 1,
      "DemandMax": null,
      "Value": 159390,
      "CustomerId": 42,
      "Priority": 42,
      "Alpha": 2,
      "Beta": 2,
      "Density": 1509.403217,
      "Weight": 240.583779,
      "Stackable": 1
    },
    {
      "Length": 73,
      "C1_Length": 1,
      "Height": 42,
      "C1_Height": 1,
      "Depth": 59,
      "C1_Depth": 1,
      "Demand": 1,
      "DemandMax": null,
      "Value": 180894,
      "CustomerId": 37,
      "Priority": 37,
      "Alpha": 2,
      "Beta": 2,
      "Density": 1040.658,
      "Weight": 188.248788,
      "Stackable": 1
    },
    {
      "Length": 119,
      "C1_Length": 0,
      "Height": 27,
      "C1_Height": 1,
      "Depth": 40,
      "C1_Depth": 1,
      "Demand": 2,
      "DemandMax": null,
      "Value": 128520,
      "CustomerId": 49,
      "Priority": 49,
      "Alpha": 2,
      "Beta": 2,
      "Density": 787.369657,
      "Weight": 101.192748,
      "Stackable": 1
    },
    {
      "Length": 117,
      "C1_Length": 0,
      "Height": 45,
      "C1_Height": 1,
      "Depth": 78,
      "C1_Depth": 1,
      "Demand": 1,
      "DemandMax": null,
      "Value": 410670,
      "CustomerId": 10,
      "Priority": 10,
      "Alpha": 2,
      "Beta": 2,
      "Density": 1522.537542,
      "Weight": 625.260492,
      "Stackable": 1
    },
    {
      "Length": 48,
      "C1_Length": 1,
      "Height": 40,
      "C1_Height": 1,
      "Depth": 45,
      "C1_Depth": 1,
      "Demand": 3,
      "DemandMax": null,
      "Value": 86400,
      "CustomerId": 56,
      "Priority": 56,
      "Alpha": 2,
      "Beta": 2,
      "Density": 1348.523297,
      "Weight": 116.512413,
      "Stackable": 1
    },
    {
      "Length": 71,
      "C1_Length": 1,
      "Height": 46,
      "C1_Height": 1,
      "Depth": 63,
      "C1_Depth": 1,
      "Demand": 1,
      "DemandMax": null,
      "Value": 205758,
      "CustomerId": 30,
      "Priority": 30,
      "Alpha": 2,
      "Beta": 2,
      "Density": 1410.167068,
      "Weight": 290.153156,
      "Stackable": 1
    },
    {
      "Length": 62,
      "C1_Length": 0,
      "Height": 28,
      "C1_Height": 1,
      "Depth": 52,
      "C1_Depth": 1,
      "Demand": 2,
      "DemandMax": null,
      "Value": 90272,
      "CustomerId": 55,
      "Priority": 55,
      "Alpha": 2,
      "Beta": 2,
      "Density": 1132.514672,
      "Weight": 102.234364,
      "Stackable": 1
    },
    {
      "Length": 73,
      "C1_Length": 0,
      "Height": 26,
      "C1_Height": 1,
      "Depth": 35,
      "C1_Depth": 1,
      "Demand": 1,
      "DemandMax": null,
      "Value": 66430,
      "CustomerId": 63,
      "Priority": 63,
      "Alpha": 2,
      "Beta": 2,
      "Density": 1074.825458,
      "Weight": 71.400655,
      "Stackable": 1
    },
    {
      "Length": 90,
      "C1_Length": 0,
      "Height": 29,
      "C1_Height": 1,
      "Depth": 67,
      "C1_Depth": 0,
      "Demand": 1,
      "DemandMax": null,
      "Value": 174870,
      "CustomerId": 38,
      "Priority": 38,
      "Alpha": 2,
      "Beta": 2,
      "Density": 1166.295617,
      "Weight": 203.950115,
      "Stackable": 1
    },
    {
      "Length": 119,
      "C1_Length": 0,
      "Height": 53,
      "C1_Height": 1,
      "Depth": 58,
      "C1_Depth": 1,
      "Demand": 3,
      "DemandMax": null,
      "Value": 365806,
      "CustomerId": 14,
      "Priority": 14,
      "Alpha": 2,
      "Beta": 2,
      "Density": 919.81813,
      "Weight": 336.474991,
      "Stackable": 1
    },
    {
      "Length": 117,
      "C1_Length": 0,
      "Height": 26,
      "C1_Height": 1,
      "Depth": 45,
      "C1_Depth": 1,
      "Demand": 1,
      "DemandMax": null,
      "Value": 136890,
      "CustomerId": 45,
      "Priority": 45,
      "Alpha": 2,
      "Beta": 2,
      "Density": 985.614536,
      "Weight": 134.920774,
      "Stackable": 1
    },
    {
      "Length": 52,
      "C1_Length": 1,
      "Height": 31,
      "C1_Height": 1,
      "Depth": 38,
      "C1_Depth": 1,
      "Demand": 3,
      "DemandMax": null,
      "Value": 61256,
      "CustomerId": 64,
      "Priority": 64,
      "Alpha": 2,
      "Beta": 2,
      "Density": 1363.449744,
      "Weight": 83.519478,
      "Stackable": 1
    },
    {
      "Length": 77,
      "C1_Length": 1,
      "Height": 62,
      "C1_Height": 1,
      "Depth": 66,
      "C1_Depth": 1,
      "Demand": 2,
      "DemandMax": null,
      "Value": 315084,
      "CustomerId": 17,
      "Priority": 17,
      "Alpha": 2,
      "Beta": 2,
      "Density": 772.568694,
      "Weight": 243.424035,
      "Stackable": 1
    },
    {
      "Length": 90,
      "C1_Length": 0,
      "Height": 29,
      "C1_Height": 1,
      "Depth": 62,
      "C1_Depth": 0,
      "Demand": 1,
      "DemandMax": null,
      "Value": 161820,
      "CustomerId": 41,
      "Priority": 41,
      "Alpha": 2,
      "Beta": 2,
      "Density": 1337.142514,
      "Weight": 216.376402,
      "Stackable": 1
    },
    {
      "Length": 94,
      "C1_Length": 1,
      "Height": 62,
      "C1_Height": 1,
      "Depth": 73,
      "C1_Depth": 1,
      "Demand": 1,
      "DemandMax": null,
      "Value": 425444,
      "CustomerId": 9,
      "Priority": 9,
      "Alpha": 2,
      "Beta": 2,
      "Density": 1528.876248,
      "Weight": 650.451226,
      "Stackable": 1
    },
    {
      "Length": 88,
      "C1_Length": 0,
      "Height": 20,
      "C1_Height": 1,
      "Depth": 32,
      "C1_Depth": 1,
      "Demand": 4,
      "DemandMax": null,
      "Value": 56320,
      "CustomerId": 67,
      "Priority": 67,
      "Alpha": 2,
      "Beta": 2,
      "Density": 901.576097,
      "Weight": 50.776766,
      "Stackable": 1
    },
    {
      "Length": 87,
      "C1_Length": 0,
      "Height": 24,
      "C1_Height": 1,
      "Depth": 28,
      "C1_Depth": 1,
      "Demand": 3,
      "DemandMax": null,
      "Value": 58464,
      "CustomerId": 65,
      "Priority": 65,
      "Alpha": 2,
      "Beta": 2,
      "Density": 1411.378157,
      "Weight": 82.514813,
      "Stackable": 1
    },
    {
      "Length": 111,
      "C1_Length": 1,
      "Height": 62,
      "C1_Height": 1,
      "Depth": 68,
      "C1_Depth": 1,
      "Demand": 4,
      "DemandMax": null,
      "Value": 467976,
      "CustomerId": 7,
      "Priority": 7,
      "Alpha": 2,
      "Beta": 2,
      "Density": 1460.035845,
      "Weight": 683.261734,
      "Stackable": 1
    },
    {
      "Length": 115,
      "C1_Length": 1,
      "Height": 65,
      "C1_Height": 1,
      "Depth": 72,
      "C1_Depth": 1,
      "Demand": 2,
      "DemandMax": null,
      "Value": 538200,
      "CustomerId": 5,
      "Priority": 5,
      "Alpha": 2,
      "Beta": 2,
      "Density": 1627.649348,
      "Weight": 876.000879,
      "Stackable": 1
    },
    {
      "Length": 83,
      "C1_Length": 1,
      "Height": 76,
      "C1_Height": 1,
      "Depth": 79,
      "C1_Depth": 1,
      "Demand": 2,
      "DemandMax": null,
      "Value": 498332,
      "CustomerId": 6,
      "Priority": 6,
      "Alpha": 2,
      "Beta": 2,
      "Density": 1173.025041,
      "Weight": 584.555915,
      "Stackable": 1
    },
    {
      "Length": 115,
      "C1_Length": 0,
      "Height": 24,
      "C1_Height": 1,
      "Depth": 90,
      "C1_Depth": 0,
      "Demand": 1,
      "DemandMax": null,
      "Value": 248400,
      "CustomerId": 26,
      "Priority": 26,
      "Alpha": 2,
      "Beta": 2,
      "Density": 821.836036,
      "Weight": 204.144071,
      "Stackable": 1
    },
    {
      "Length": 80,
      "C1_Length": 1,
      "Height": 48,
      "C1_Height": 1,
      "Depth": 61,
      "C1_Depth": 1,
      "Demand": 2,
      "DemandMax": null,
      "Value": 234240,
      "CustomerId": 27,
      "Priority": 27,
      "Alpha": 2,
      "Beta": 2,
      "Density": 868.667714,
      "Weight": 203.476725,
      "Stackable": 1
    },
    {
      "Length": 80,
      "C1_Length": 1,
      "Height": 41,
      "C1_Height": 1,
      "Depth": 62,
      "C1_Depth": 1,
      "Demand": 2,
      "DemandMax": null,
      "Value": 203360,
      "CustomerId": 31,
      "Priority": 31,
      "Alpha": 2,
      "Beta": 2,
      "Density": 1442.464756,
      "Weight": 293.339633,
      "Stackable": 1
    },
    {
      "Length": 81,
      "C1_Length": 1,
      "Height": 46,
      "C1_Height": 1,
      "Depth": 80,
      "C1_Depth": 1,
      "Demand": 2,
      "DemandMax": null,
      "Value": 298080,
      "CustomerId": 19,
      "Priority": 19,
      "Alpha": 2,
      "Beta": 2,
      "Density": 1689.491866,
      "Weight": 503.603735,
      "Stackable": 1
    },
    {
      "Length": 93,
      "C1_Length": 0,
      "Height": 25,
      "C1_Height": 1,
      "Depth": 32,
      "C1_Depth": 1,
      "Demand": 2,
      "DemandMax": null,
      "Value": 74400,
      "CustomerId": 60,
      "Priority": 60,
      "Alpha": 2,
      "Beta": 2,
      "Density": 1223.099261,
      "Weight": 90.998585,
      "Stackable": 1
    },
    {
      "Length": 90,
      "C1_Length": 0,
      "Height": 43,
      "C1_Height": 1,
      "Depth": 79,
      "C1_Depth": 1,
      "Demand": 3,
      "DemandMax": null,
      "Value": 305730,
      "CustomerId": 18,
      "Priority": 18,
      "Alpha": 2,
      "Beta": 2,
      "Density": 1445.834929,
      "Weight": 442.035113,
      "Stackable": 1
    },
    {
      "Length": 111,
      "C1_Length": 0,
      "Height": 30,
      "C1_Height": 1,
      "Depth": 79,
      "C1_Depth": 0,
      "Demand": 2,
      "DemandMax": null,
      "Value": 263070,
      "CustomerId": 24,
      "Priority": 24,
      "Alpha": 2,
      "Beta": 2,
      "Density": 938.631966,
      "Weight": 246.925911,
      "Stackable": 1
    },
    {
      "Length": 77,
      "C1_Length": 1,
      "Height": 45,
      "C1_Height": 1,
      "Depth": 67,
      "C1_Depth": 1,
      "Demand": 2,
      "DemandMax": null,
      "Value": 232155,
      "CustomerId": 28,
      "Priority": 28,
      "Alpha": 2,
      "Beta": 2,
      "Density": 1470.136882,
      "Weight": 341.299628,
      "Stackable": 1
    },
    {
      "Length": 78,
      "C1_Length": 0,
      "Height": 29,
      "C1_Height": 1,
      "Depth": 55,
      "C1_Depth": 1,
      "Demand": 2,
      "DemandMax": null,
      "Value": 124410,
      "CustomerId": 51,
      "Priority": 51,
      "Alpha": 2,
      "Beta": 2,
      "Density": 819.482718,
      "Weight": 101.951845,
      "Stackable": 1
    },
    {
      "Length": 102,
      "C1_Length": 0,
      "Height": 30,
      "C1_Height": 1,
      "Depth": 65,
      "C1_Depth": 0,
      "Demand": 2,
      "DemandMax": null,
      "Value": 198900,
      "CustomerId": 33,
      "Priority": 33,
      "Alpha": 2,
      "Beta": 2,
      "Density": 1584.044834,
      "Weight": 315.066518,
      "Stackable": 1
    },
    {
      "Length": 84,
      "C1_Length": 1,
      "Height": 50,
      "C1_Height": 1,
      "Depth": 53,
      "C1_Depth": 1,
      "Demand": 1,
      "DemandMax": null,
      "Value": 222600,
      "CustomerId": 29,
      "Priority": 29,
      "Alpha": 2,
      "Beta": 2,
      "Density": 1277.559408,
      "Weight": 284.384724,
      "Stackable": 1
    },
    {
      "Length": 53,
      "C1_Length": 1,
      "Height": 33,
      "C1_Height": 1,
      "Depth": 39,
      "C1_Depth": 1,
      "Demand": 2,
      "DemandMax": null,
      "Value": 68211,
      "CustomerId": 62,
      "Priority": 62,
      "Alpha": 2,
      "Beta": 2,
      "Density": 786.324642,
      "Weight": 53.63599,
      "Stackable": 1
    },
    {
      "Length": 71,
      "C1_Length": 1,
      "Height": 42,
      "C1_Height": 1,
      "Depth": 55,
      "C1_Depth": 1,
      "Demand": 1,
      "DemandMax": null,
      "Value": 164010,
      "CustomerId": 40,
      "Priority": 40,
      "Alpha": 2,
      "Beta": 2,
      "Density": 1225.574516,
      "Weight": 201.006476,
      "Stackable": 1
    },
    {
      "Length": 95,
      "C1_Length": 1,
      "Height": 56,
      "C1_Height": 1,
      "Depth": 61,
      "C1_Depth": 1,
      "Demand": 1,
      "DemandMax": null,
      "Value": 324520,
      "CustomerId": 15,
      "Priority": 15,
      "Alpha": 2,
      "Beta": 2,
      "Density": 1144.239471,
      "Weight": 371.328593,
      "Stackable": 1
    },
    {
      "Length": 75,
      "C1_Length": 1,
      "Height": 48,
      "C1_Height": 1,
      "Depth": 54,
      "C1_Depth": 1,
      "Demand": 1,
      "DemandMax": null,
      "Value": 194400,
      "CustomerId": 34,
      "Priority": 34,
      "Alpha": 2,
      "Beta": 2,
      "Density": 1013.244959,
      "Weight": 196.97482,
      "Stackable": 1
    },
    {
      "Length": 77,
      "C1_Length": 0,
      "Height": 37,
      "C1_Height": 1,
      "Depth": 67,
      "C1_Depth": 1,
      "Demand": 4,
      "DemandMax": null,
      "Value": 190883,
      "CustomerId": 35,
      "Priority": 35,
      "Alpha": 2,
      "Beta": 2,
      "Density": 851.946788,
      "Weight": 162.622159,
      "Stackable": 1
    },
    {
      "Length": 89,
      "C1_Length": 1,
      "Height": 64,
      "C1_Height": 1,
      "Depth": 76,
      "C1_Depth": 1,
      "Demand": 1,
      "DemandMax": null,
      "Value": 432896,
      "CustomerId": 8,
      "Priority": 8,
      "Alpha": 2,
      "Beta": 2,
      "Density": 1138.423269,
      "Weight": 492.818879,
      "Stackable": 1
    },
    {
      "Length": 103,
      "C1_Length": 1,
      "Height": 60,
      "C1_Height": 1,
      "Depth": 64,
      "C1_Depth": 1,
      "Demand": 1,
      "DemandMax": null,
      "Value": 395520,
      "CustomerId": 11,
      "Priority": 11,
      "Alpha": 2,
      "Beta": 2,
      "Density": 1241.666232,
      "Weight": 491.103828,
      "Stackable": 1
    }
  ],
  "Modification": {
    "family": "BR-Modified",
    "seed": 123,
    "weight_model": "beta_density",
    "alpha": 2,
    "beta": 2,
    "Pmax_kg": 28200.0,
    "target_util": 0.8,
    "container_dims": {
      "L": 587,
      "W": 233,
      "H": 220
    },
    "Dc_kg_per_m3": 1171.500338,
    "Dcmin": 585.750169,
    "Dcmax": 1757.250507,
    "customer_rule": "per-type by volume desc; heavy -> higher customer_id/priority",
    "stackable_rule": "type-level Bernoulli(p_nonstackable=0.01)"
  }
}