{
  "Name": "74",
  "Objects": [
    {
      "Length": 587,
      "Height": 233,
      "Depth": 220,
      "Stock": null,
      "Cost": 30089620
    }
  ],
  "Items": [
    {
      "Length": 86,
      "C1_Length": 1,
      "Height": 69,
      "C1_Height": 1,
      "Depth": 79,
      "C1_Depth": 1,
      "Demand": 1,
      "DemandMax": null,
      "Value": 468786,
      "CustomerId": 8,
      "Priority": 8,
      "Alpha": 2,
      "Beta": 2,
      "Density": 812.961236,
      "Weight": 381.104846,
      "Stackable": 1
    },
    {
      "Length": 53,
      "C1_Length": 1,
      "Height": 31,
      "C1_Height": 1,
      "Depth": 46,
      "C1_Depth": 1,
      "Demand": 2,
      "DemandMax": null,
      "Value": 75578,
      "CustomerId": 63,
      "Priority": 63,
      "Alpha": 2,
      "Beta": 2,
      "Density": 1156.102886,
      "Weight": 87.375944,
      "Stackable": 1
    },
    {
      "Length": 96,
      "C1_Length": 0,
      "Height": 37,
      "C1_Height": 1,
      "Depth": 51,
      "C1_Depth": 1,
      "Demand": 1,
      "DemandMax": null,
      "Value": 181152,
      "CustomerId": 45,
      "Priority": 45,
      "Alpha": 2,
      "Beta": 2,
      "Density": 1663.115277,
      "Weight": 301.276659,
      "Stackable": 1
    },
    {
      "Length": 119,
      "C1_Length": 0,
      "Height": 54,
      "C1_Height": 1,
      "Depth": 55,
      "C1_Depth": 1,
      "Demand": 1,
      "DemandMax": null,
      "Value": 353430,
      "CustomerId": 22,
      "Priority": 22,
      "Alpha": 2,
      "Beta": 2,
      "Density": 876.687075,
      "Weight": 309.847513,
      "Stackable": 1
    },
    {
      "Length": 77,
      "C1_Length": 0,
      "Height": 37,
      "C1_Height": 1,
      "Depth": 74,
      "C1_Depth": 0,
      "Demand": 3,
      "DemandMax": null,
      "Value": 210826,
      "CustomerId": 41,
      "Priority": 41,
      "Alpha": 2,
      "Beta": 2,
      "Density": 1212.973034,
      "Weight": 255.726253,
      "Stackable": 1
    },
    {
      "Length": 96,
      "C1_Length": 0,
      "Height": 24,
      "C1_Height": 1,
      "Depth": 73,
      "C1_Depth": 0,
      "Demand": 1,
      "DemandMax": null,
      "Value": 168192,
      "CustomerId": 53,
      "Priority": 53,
      "Alpha": 2,
      "Beta": 2,
      "Density": 1588.441342,
      "Weight": 267.163126,
      "Stackable": 1
    },
    {
      "Length": 75,
      "C1_Length": 1,
      "Height": 54,
      "C1_Height": 1,
      "Depth": 67,
      "C1_Depth": 1,
      "Demand": 2,
      "DemandMax": null,
      "Value": 271350,
      "CustomerId": 31,
      "Priority": 31,
      "Alpha": 2,
      "Beta": 2,
      "Density": 1531.252564,
      "Weight": 415.505383,
      "Stackable": 1
    },
    {
      "Length": 88,
      "C1_Length": 1,
      "Height": 61,
      "C1_Height": 1,
      "Depth": 71,
      "C1_Depth": 1,
      "Demand": 1,
      "DemandMax": null,
      "Value": 381128,
      "CustomerId": 16,
      "Priority": 16,
      "Alpha": 2,
      "Beta": 2,
      "Density": 1235.599783,
      "Weight": 470.921674,
      "Stackable": 1
    },
    {
      "Length": 120,
      "C1_Length": 0,
      "Height": 46,
      "C1_Height": 1,
      "Depth": 93,
      "C1_Depth": 0,
      "Demand": 2,
      "DemandMax": null,
      "Value": 513360,
      "CustomerId": 4,
      "Priority": 4,
      "Alpha": 2,
      "Beta": 2,
      "Density": 922.335151,
      "Weight": 473.489973,
      "Stackable": 1
    },
    {
      "Length": 104,
      "C1_Length": 1,
      "Height": 69,
      "C1_Height": 1,
      "Depth": 70,
      "C1_Depth": 1,
      "Demand": 1,
      "DemandMax": null,
      "Value": 502320,
      "CustomerId": 5,
      "Priority": 5,
      "Alpha": 2,
      "Beta": 2,
      "Density": 1698.257507,
      "Weight": 853.068711,
      "Stackable": 1
    },
    {
      "Length": 72,
      "C1_Length": 1,
      "Height": 61,
      "C1_Height": 1,
      "Depth": 69,
      "C1_Depth": 1,
      "Demand": 1,
      "DemandMax": null,
      "Value": 303048,
      "CustomerId": 24,
      "Priority": 24,
      "Alpha": 2,
      "Beta": 2,
      "Density": 1264.180936,
      "Weight": 383.107504,
      "Stackable": 1
    },
    {
      "Length": 68,
      "C1_Length": 1,
      "Height": 43,
      "C1_Height": 1,
      "Depth": 51,
      "C1_Depth": 1,
      "Demand": 1,
      "DemandMax": null,
      "Value": 149124,
      "CustomerId": 55,
      "Priority": 55,
      "Alpha": 2,
      "Beta": 2,
      "Density": 695.239058,
      "Weight": 103.676829,
      "Stackable": 1
    },
    {
      "Length": 118,
      "C1_Length": 0,
      "Height": 53,
      "C1_Height": 1,
      "Depth": 71,
      "C1_Depth": 1,
      "Demand": 2,
      "DemandMax": null,
      "Value": 444034,
      "CustomerId": 10,
      "Priority": 10,
      "Alpha": 2,
      "Beta": 2,
      "Density": 1264.54349,
      "Weight": 561.500304,
      "Stackable": 1
    },
    {
      "Length": 78,
      "C1_Length": 1,
      "Height": 54,
      "C1_Height": 1,
      "Depth": 57,
      "C1_Depth": 1,
      "Demand": 1,
      "DemandMax": null,
      "Value": 240084,
      "CustomerId": 35,
      "Priority": 35,
      "Alpha": 2,
      "Beta": 2,
      "Density": 1279.871543,
      "Weight": 307.27668,
      "Stackable": 1
    },
    {
      "Length": 72,
      "C1_Length": 0,
      "Height": 22,
      "C1_Height": 1,
      "Depth": 67,
      "C1_Depth": 0,
      "Demand": 2,
      "DemandMax": null,
      "Value": 106128,
      "CustomerId": 59,
      "Priority": 59,
      "Alpha": 2,
      "Beta": 2,
      "Density": 1366.807703,
      "Weight": 145.056568,
      "Stackable": 1
    },
    {
      "Length": 84,
      "C1_Length": 0,
      "Height": 34,
      "C1_Height": 1,
      "Depth": 82,
      "C1_Depth": 0,
      "Demand": 1,
      "DemandMax": null,
      "Value": 234192,
      "CustomerId": 36,
      "Priority": 36,
      "Alpha": 2,
      "Beta": 2,
      "Density": 1282.269125,
      "Weight": 300.297171,
      "Stackable": 1
    },
    {
      "Length": 74,
      "C1_Length": 0,
      "Height": 33,
      "C1_Height": 1,
      "Depth": 72,
      "C1_Depth": 0,
      "Demand": 2,
      "DemandMax": null,
      "Value": 175824,
      "CustomerId": 49,
      "Priority": 49,
      "Alpha": 2,
      "Beta": 2,
      "Density": 1623.775557,
      "Weight": 285.498714,
      "Stackable": 1
    },
    {
      "Length": 48,
      "C1_Length": 1,
      "Height": 36,
      "C1_Height": 1,
      "Depth": 37,
      "C1_Depth": 1,
      "Demand": 4,
      "DemandMax": null,
      "Value": 63936,
      "CustomerId": 64,
      "Priority": 64,
      "Alpha": 2,
      "Beta": 2,
      "Density": 1207.814615,
      "Weight": 77.222835,
      "Stackable": 1
    },
    {
      "Length": 69,
      "C1_Length": 1,
      "Height": 36,
      "C1_Height": 1,
      "Depth": 57,
      "C1_Depth": 1,
      "Demand": 2,
      "DemandMax": null,
      "Value": 141588,
      "CustomerId": 57,
      "Priority": 57,
      "Alpha": 2,
      "Beta": 2,
      "Density": 1064.054233,
      "Weight": 150.657311,
      "Stackable": 1
    },
    {
      "Length": 109,
      "C1_Length": 1,
      "Height": 59,
      "C1_Height": 1,
      "Depth": 68,
      "C1_Depth": 1,
      "Demand": 1,
      "DemandMax": null,
      "Value": 437308,
      "CustomerId": 11,
      "Priority": 11,
      "Alpha": 2,
      "Beta": 2,
      "Density": 1335.301853,
      "Weight": 583.938183,
      "Stackable": 1
    },
    {
      "Length": 92,
      "C1_Length": 0,
      "Height": 37,
      "C1_Height": 1,
      "Depth": 45,
      "C1_Depth": 1,
      "Demand": 4,
      "DemandMax": null,
      "Value": 153180,
      "CustomerId": 54,
      "Priority": 54,
      "Alpha": 2,
      "Beta": 2,
      "Density": 749.173629,
      "Weight": 114.758416,
      "Stackable": 1
    },
    {
      "Length": 83,
      "C1_Length": 1,
      "Height": 47,
      "C1_Height": 1,
      "Depth": 74,
      "C1_Depth": 1,
      "Demand": 2,
      "DemandMax": null,
      "Value": 288674,
      "CustomerId": 27,
      "Priority": 27,
      "Alpha": 2,
      "Beta": 2,
      "Density": 913.956645,
      "Weight": 263.835521,
      "Stackable": 1
    },
    {
      "Length": 47,
      "C1_Length": 1,
      "Height": 27,
      "C1_Height": 1,
      "Depth": 38,
      "C1_Depth": 1,
      "Demand": 2,
      "DemandMax": null,
      "Value": 48222,
      "CustomerId": 68,
      "Priority": 68,
      "Alpha": 2,
      "Beta": 2,
      "Density": 1238.745996,
      "Weight": 59.734809,
      "Stackable": 1
    },
    {
      "Length": 100,
      "C1_Length": 0,
      "Height": 50,
      "C1_Height": 1,
      "Depth": 59,
      "C1_Depth": 1,
      "Demand": 4,
      "DemandMax": null,
      "Value": 295000,
      "CustomerId": 26,
      "Priority": 26,
      "Alpha": 2,
      "Beta": 2,
      "Density": 964.523947,
      "Weight": 284.534564,
      "Stackable": 1
    },
    {
      "Length": 106,
      "C1_Length": 1,
      "Height": 67,
      "C1_Height": 1,
      "Depth": 80,
      "C1_Depth": 1,
      "Demand": 1,
      "DemandMax": null,
      "Value": 568160,
      "CustomerId": 2,
      "Priority": 2,
      "Alpha": 2,
      "Beta": 2,
      "Density": 1617.988753,
      "Weight": 919.27649,
      "Stackable": 1
    },
    {
      "Length": 98,
      "C1_Length": 0,
      "Height": 49,
      "C1_Height": 1,
      "Depth": 60,
      "C1_Depth": 1,
      "Demand": 2,
      "DemandMax": null,
      "Value": 288120,
      "CustomerId": 28,
      "Priority": 28,
      "Alpha": 2,
      "Beta": 2,
      "Density": 1131.169461,
      "Weight": 325.912545,
      "Stackable": 1
    },
    {
      "Length": 99,
      "C1_Length": 1,
      "Height": 60,
      "C1_Height": 1,
      "Depth": 64,
      "C1_Depth": 1,
      "Demand": 1,
      "DemandMax": null,
      "Value": 380160,
      "CustomerId": 18,
      "Priority": 18,
      "Alpha": 2,
      "Beta": 2,
      "Density": 1390.252328,
      "Weight": 528.518325,
      "Stackable": 1
    },
    {
      "Length": 87,
      "C1_Length": 0,
      "Height": 35,
      "C1_Height": 1,
      "Depth": 75,
      "C1_Depth": 0,
      "Demand": 1,
      "DemandMax": null,
      "Value": 228375,
      "CustomerId": 38,
      "Priority": 38,
      "Alpha": 2,
      "Beta": 2,
      "Density": 1528.346433,
      "Weight": 349.036117,
      "Stackable": 1
    },
    {
      "Length": 105,
      "C1_Length": 0,
      "Height": 43,
      "C1_Height": 1,
      "Depth": 81,
      "C1_Depth": 1,
      "Demand": 1,
      "DemandMax": null,
      "Value": 365715,
      "CustomerId": 21,
      "Priority": 21,
      "Alpha": 2,
      "Beta": 2,
      "Density": 1281.760648,
      "Weight": 468.759095,
      "Stackable": 1
    },
    {
      "Length": 88,
      "C1_Length": 1,
      "Height": 49,
      "C1_Height": 1,
      "Depth": 85,
      "C1_Depth": 1,
      "Demand": 2,
      "DemandMax": null,
      "Value": 366520,
      "CustomerId": 20,
      "Priority": 20,
      "Alpha": 2,
      "Beta": 2,
      "Density": 725.165979,
      "Weight": 265.787835,
      "Stackable": 1
    },
    {
      "Length": 51,
      "C1_Length": 0,
      "Height": 22,
      "C1_Height": 1,
      "Depth": 48,
      "C1_Depth": 0,
      "Demand": 3,
      "DemandMax": null,
      "Value": 53856,
      "CustomerId": 66,
      "Priority": 66,
      "Alpha": 2,
      "Beta": 2,
      "Density": 963.073111,
      "Weight": 51.867265,
      "Stackable": 1
    },
    {
      "Length": 99,
      "C1_Length": 0,
      "Height": 26,
      "C1_Height": 1,
      "Depth": 37,
      "C1_Depth": 1,
      "Demand": 2,
      "DemandMax": null,
      "Value": 95238,
      "CustomerId": 60,
      "Priority": 60,
      "Alpha": 2,
      "Beta": 2,
      "Density": 1232.777078,
      "Weight": 117.407223,
      "Stackable": 1
    },
    {
      "Length": 112,
      "C1_Length": 1,
      "Height": 61,
      "C1_Height": 1,
      "Depth": 73,
      "C1_Depth": 1,
      "Demand": 2,
      "DemandMax": null,
      "Value": 498736,
      "CustomerId": 6,
      "Priority": 6,
      "Alpha": 2,
      "Beta": 2,
      "Density": 1490.051256,
      "Weight": 743.142203,
      "Stackable": 0
    },
    {
      "Length": 111,
      "C1_Length": 0,
      "Height": 41,
      "C1_Height": 1,
      "Depth": 58,
      "C1_Depth": 1,
      "Demand": 1,
      "DemandMax": null,
      "Value": 263958,
      "CustomerId": 32,
      "Priority": 32,
      "Alpha": 2,
      "Beta": 2,
      "Density": 1102.036923,
      "Weight": 290.891462,
      "Stackable": 1
    },
    {
      "Length": 73,
      "C1_Length": 1,
      "Height": 54,
      "C1_Height": 1,
      "Depth": 58,
      "C1_Depth": 1,
      "Demand": 2,
      "DemandMax": null,
      "Value": 228636,
      "CustomerId": 37,
      "Priority": 37,
      "Alpha": 2,
      "Beta": 2,
      "Density": 1060.141802,
      "Weight": 242.386581,
      "Stackable": 1
    },
    {
      "Length": 69,
      "C1_Length": 1,
      "Height": 49,
      "C1_Height": 1,
      "Depth": 50,
      "C1_Depth": 1,
      "Demand": 4,
      "DemandMax": null,
      "Value": 169050,
      "CustomerId": 52,
      "Priority": 52,
      "Alpha": 2,
      "Beta": 2,
      "Density": 1227.455684,
      "Weight": 207.501383,
      "Stackable": 1
    },
    {
      "Length": 100,
      "C1_Length": 0,
      "Height": 20,
      "C1_Height": 1,
      "Depth": 89,
      "C1_Depth": 0,
      "Demand": 2,
      "DemandMax": null,
      "Value": 178000,
      "CustomerId": 48,
      "Priority": 48,
      "Alpha": 2,
      "Beta": 2,
      "Density": 1421.078776,
      "Weight": 252.952022,
      "Stackable": 1
    },
    {
      "Length": 94,
      "C1_Length": 0,
      "Height": 38,
      "C1_Height": 1,
      "Depth": 56,
      "C1_Depth": 1,
      "Demand": 2,
      "DemandMax": null,
      "Value": 200032,
      "CustomerId": 43,
      "Priority": 43,
      "Alpha": 2,
      "Beta": 2,
      "Density": 1216.367107,
      "Weight": 243.312345,
      "Stackable": 1
    },
    {
      "Length": 83,
      "C1_Length": 0,
      "Height": 40,
      "C1_Height": 1,
      "Depth": 52,
      "C1_Depth": 1,
      "Demand": 1,
      "DemandMax": null,
      "Value": 172640,
      "CustomerId": 51,
      "Priority": 51,
      "Alpha": 2,
      "Beta": 2,
      "Density": 895.909648,
      "Weight": 154.669842,
      "Stackable": 1
    },
    {
      "Length": 60,
      "C1_Length": 1,
      "Height": 39,
      "C1_Height": 1,
      "Depth": 59,
      "C1_Depth": 1,
      "Demand": 1,
      "DemandMax": null,
      "Value": 138060,
      "CustomerId": 58,
      "Priority": 58,
      "Alpha": 2,
      "Beta": 2,
      "Density": 1269.261307,
      "Weight": 175.234216,
      "Stackable": 1
    },
    {
      "Length": 84,
      "C1_Length": 0,
      "Height": 36,
      "C1_Height": 1,
      "Depth": 61,
      "C1_Depth": 1,
      "Demand": 1,
      "DemandMax": null,
      "Value": 184464,
      "CustomerId": 44,
      "Priority": 44,
      "Alpha": 2,
      "Beta": 2,
      "Density": 823.511925,
      "Weight": 151.908304,
      "Stackable": 1
    },
    {
      "Length": 80,
      "C1_Length": 1,
      "Height": 42,
      "C1_Height": 1,
      "Depth": 76,
      "C1_Depth": 1,
      "Demand": 1,
      "DemandMax": null,
      "Value": 255360,
      "CustomerId": 33,
      "Priority": 33,
      "Alpha": 2,
      "Beta": 2,
      "Density": 1513.98349,
      "Weight": 386.610824,
      "Stackable": 1
    },
    {
      "Length": 79,
      "C1_Length": 0,
      "Height": 30,
      "C1_Height": 1,
      "Depth": 76,
      "C1_Depth": 0,
      "Demand": 3,
      "DemandMax": null,
      "Value": 180120,
      "CustomerId": 47,
      "Priority": 47,
      "Alpha": 2,
      "Beta": 2,
      "Density": 942.99667,
      "Weight": 169.85256,
      "Stackable": 1
    },
    {
      "Length": 71,
      "C1_Length": 0,
      "Height": 31,
      "C1_Height": 1,
      "Depth": 66,
      "C1_Depth": 0,
      "Demand": 1,
      "DemandMax": null,
      "Value": 145266,
      "CustomerId": 56,
      "Priority": 56,
      "Alpha": 2,
      "Beta": 2,
      "Density": 1252.357829,
      "Weight": 181.925012,
      "Stackable": 1
    },
    {
      "Length": 65,
      "C1_Length": 0,
      "Height": 23,
      "C1_Height": 1,
      "Depth": 62,
      "C1_Depth": 0,
      "Demand": 1,
      "DemandMax": null,
      "Value": 92690,
      "CustomerId": 61,
      "Priority": 61,
      "Alpha": 2,
      "Beta": 2,
      "Density": 1564.702218,
      "Weight": 145.032249,
      "Stackable": 1
    },
    {
      "Length": 98,
      "C1_Length": 1,
      "Height": 52,
      "C1_Height": 1,
      "Depth": 92,
      "C1_Depth": 1,
      "Demand": 2,
      "DemandMax": null,
      "Value": 468832,
      "CustomerId": 7,
      "Priority": 7,
      "Alpha": 2,
      "Beta": 2,
      "Density": 921.362391,
      "Weight": 431.964172,
      "Stackable": 1
    },
    {
      "Length": 44,
      "C1_Length": 1,
      "Height": 28,
      "C1_Height": 1,
      "Depth": 40,
      "C1_Depth": 1,
      "Demand": 1,
      "DemandMax": null,
      "Value": 49280,
      "CustomerId": 67,
      "Priority": 67,
      "Alpha": 2,
      "Beta": 2,
      "Density": 988.529112,
      "Weight": 48.714715,
      "Stackable": 1
    },
    {
      "Length": 81,
      "C1_Length": 1,
      "Height": 57,
      "C1_Height": 1,
      "Depth": 65,
      "C1_Depth": 1,
      "Demand": 1,
      "DemandMax": null,
      "Value": 300105,
      "CustomerId": 25,
      "Priority": 25,
      "Alpha": 2,
      "Beta": 2,
      "Density": 1441.864907,
      "Weight": 432.710868,
      "Stackable": 1
    },
    {
      "Length": 91,
      "C1_Length": 1,
      "Height": 68,
      "C1_Height": 1,
      "Depth": 69,
      "C1_Depth": 1,
      "Demand": 1,
      "DemandMax": null,
      "Value": 426972,
      "CustomerId": 13,
      "Priority": 13,
      "Alpha": 2,
      "Beta": 2,
      "Density": 1200.24264,
      "Weight": 512.47,
      "Stackable": 1
    },
    {
      "Length": 111,
      "C1_Length": 0,
      "Height": 39,
      "C1_Height": 1,
      "Depth": 57,
      "C1_Depth": 1,
      "Demand": 1,
      "DemandMax": null,
      "Value": 246753,
      "CustomerId": 34,
      "Priority": 34,
      "Alpha": 2,
      "Beta": 2,
      "Density": 1103.603463,
      "Weight": 272.317465,
      "Stackable": 1
    },
    {
      "Length": 95,
      "C1_Length": 1,
      "Height": 59,
      "C1_Height": 1,
      "Depth": 74,
      "C1_Depth": 1,
      "Demand": 2,
      "DemandMax": null,
      "Value": 414770,
      "CustomerId": 15,
      "Priority": 15,
      "Alpha": 2,
      "Beta": 2,
      "Density": 1582.964422,
      "Weight": 656.566153,
      "Stackable": 1
    },
    {
      "Length": 94,
      "C1_Length": 0,
      "Height": 38,
      "C1_Height": 1,
      "Depth": 60,
      "C1_Depth": 1,
      "Demand": 1,
      "DemandMax": null,
      "Value": 214320,
      "CustomerId": 40,
      "Priority": 40,
      "Alpha": 2,
      "Beta": 2,
      "Density": 1235.98219,
      "Weight": 264.895703,
      "Stackable": 1
    },
    {
      "Length": 60,
      "C1_Length": 0,
      "Height": 23,
      "C1_Height": 1,
      "Depth": 32,
      "C1_Depth": 1,
      "Demand": 2,
      "DemandMax": null,
      "Value": 44160,
      "CustomerId": 70,
      "Priority": 70,
      "Alpha": 2,
      "Beta": 2,
      "Density": 1045.136645,
      "Weight": 46.153234,
      "Stackable": 1
    },
    {
      "Length": 94,
      "C1_Length": 1,
      "Height": 63,
      "C1_Height": 1,
      "Depth": 73,
      "C1_Depth": 1,
      "Demand": 1,
      "DemandMax": null,
      "Value": 432306,
      "CustomerId": 12,
      "Priority": 12,
      "Alpha": 2,
      "Beta": 2,
      "Density": 1394.7257,
      "Weight": 602.948289,
      "Stackable": 1
    },
    {
      "Length": 106,
      "C1_Length": 1,
      "Height": 62,
      "C1_Height": 1,
      "Depth": 80,
      "C1_Depth": 1,
      "Demand": 1,
      "DemandMax": null,
      "Value": 525760,
      "CustomerId": 3,
      "Priority": 3,
      "Alpha": 2,
      "Beta": 2,
      "Density": 850.171912,
      "Weight": 446.986384,
      "Stackable": 1
    },
    {
      "Length": 95,
      "C1_Length": 0,
      "Height": 30,
      "C1_Height": 1,
      "Depth": 73,
      "C1_Depth": 0,
      "Demand": 4,
      "DemandMax": null,
      "Value": 208050,
      "CustomerId": 42,
      "Priority": 42,
      "Alpha": 2,
      "Beta": 2,
      "Density": 1307.40773,
      "Weight": 272.006178,
      "Stackable": 1
    },
    {
      "Length": 97,
      "C1_Length": 0,
      "Height": 47,
      "C1_Height": 1,
      "Depth": 62,
      "C1_Depth": 1,
      "Demand": 1,
      "DemandMax": null,
      "Value": 282658,
      "CustomerId": 29,
      "Priority": 29,
      "Alpha": 2,
      "Beta": 2,
      "Density": 1001.884508,
      "Weight": 283.190671,
      "Stackable": 1
    },
    {
      "Length": 50,
      "C1_Length": 0,
      "Height": 24,
      "C1_Height": 1,
      "Depth": 37,
      "C1_Depth": 1,
      "Demand": 3,
      "DemandMax": null,
      "Value": 44400,
      "CustomerId": 69,
      "Priority": 69,
      "Alpha": 2,
      "Beta": 2,
      "Density": 731.993318,
      "Weight": 32.500503,
      "Stackable": 1
    },
    {
      "Length": 77,
      "C1_Length": 1,
      "Height": 39,
      "C1_Height": 1,
      "Depth": 60,
      "C1_Depth": 1,
      "Demand": 1,
      "DemandMax": null,
      "Value": 180180,
      "CustomerId": 46,
      "Priority": 46,
      "Alpha": 2,
      "Beta": 2,
      "Density": 1289.147488,
      "Weight": 232.278594,
      "Stackable": 1
    },
    {
      "Length": 92,
      "C1_Length": 0,
      "Height": 39,
      "C1_Height": 1,
      "Depth": 60,
      "C1_Depth": 1,
      "Demand": 1,
      "DemandMax": null,
      "Value": 215280,
      "CustomerId": 39,
      "Priority": 39,
      "Alpha": 2,
      "Beta": 2,
      "Density": 1018.674114,
      "Weight": 219.300163,
      "Stackable": 1
    },
    {
      "Length": 79,
      "C1_Length": 0,
      "Height": 32,
      "C1_Height": 1,
      "Depth": 69,
      "C1_Depth": 0,
      "Demand": 2,
      "DemandMax": null,
      "Value": 174432,
      "CustomerId": 50,
      "Priority": 50,
      "Alpha": 2,
      "Beta": 2,
      "Density": 981.189591,
      "Weight": 171.150863,
      "Stackable": 1
    },
    {
      "Length": 111,
      "C1_Length": 1,
      "Height": 66,
      "C1_Height": 1,
      "Depth": 91,
      "C1_Depth": 1,
      "Demand": 2,
      "DemandMax": null,
      "Value": 666666,
      "CustomerId": 1,
      "Priority": 1,
      "Alpha": 2,
      "Beta": 2,
      "Density": 1332.311204,
      "Weight": 888.206581,
      "Stackable": 1
    },
    {
      "Length": 101,
      "C1_Length": 0,
      "Height": 46,
      "C1_Height": 1,
      "Depth": 82,
      "C1_Depth": 1,
      "Demand": 1,
      "DemandMax": null,
      "Value": 380972,
      "CustomerId": 17,
      "Priority": 17,
      "Alpha": 2,
      "Beta": 2,
      "Density": 781.22359,
      "Weight": 297.624314,
      "Stackable": 1
    },
    {
      "Length": 86,
      "C1_Length": 1,
      "Height": 66,
      "C1_Height": 1,
      "Depth": 81,
      "C1_Depth": 1,
      "Demand": 3,
      "DemandMax": null,
      "Value": 459756,
      "CustomerId": 9,
      "Priority": 9,
      "Alpha": 2,
      "Beta": 2,
      "Density": 1302.194747,
      "Weight": 598.691848,
      "Stackable": 1
    },
    {
      "Length": 94,
      "C1_Length": 0,
      "Height": 47,
      "C1_Height": 1,
      "Depth": 73,
      "C1_Depth": 1,
      "Demand": 1,
      "DemandMax": null,
      "Value": 322514,
      "CustomerId": 23,
      "Priority": 23,
      "Alpha": 2,
      "Beta": 2,
      "Density": 969.018249,
      "Weight": 312.521952,
      "Stackable": 1
    },
    {
      "Length": 86,
      "C1_Length": 1,
      "Height": 53,
      "C1_Height": 1,
      "Depth": 62,
      "C1_Depth": 1,
      "Demand": 1,
      "DemandMax": null,
      "Value": 282596,
      "CustomerId": 30,
      "Priority": 30,
      "Alpha": 2,
      "Beta": 2,
      "Density": 823.838257,
      "Weight": 232.813396,
      "Stackable": 1
    },
    {
      "Length": 120,
      "C1_Length": 0,
      "Height": 38,
      "C1_Height": 1,
      "Depth": 82,
      "C1_Depth": 0,
      "Demand": 2,
      "DemandMax": null,
      "Value": 373920,
      "CustomerId": 19,
      "Priority": 19,
      "Alpha": 2,
      "Beta": 2,
      "Density": 1308.188871,
      "Weight": 489.157983,
      "Stackable": 1
    },
    {
      "Length": 42,
      "C1_Length": 1,
      "Height": 32,
      "C1_Height": 1,
      "Depth": 42,
      "C1_Depth": 1,
      "Demand": 1,
      "DemandMax": null,
      "Value": 56448,
      "CustomerId": 65,
      "Priority": 65,
      "Alpha": 2,
      "Beta": 2,
      "Density": 1163.892461,
      "Weight": 65.699402,
      "Stackable": 1
    },
    {
      "Length": 78,
      "C1_Length": 1,
      "Height": 73,
      "C1_Height": 1,
      "Depth": 73,
      "C1_Depth": 1,
      "Demand": 2,
      "DemandMax": null,
      "Value": 415662,
      "CustomerId": 14,
      "Priority": 14,
      "Alpha": 2,
      "Beta": 2,
      "Density": 977.444698,
      "Weight": 406.286618,
      "Stackable": 1
    },
    {
      "Length": 54,
      "C1_Length": 1,
      "Height": 32,
      "C1_Height": 1,
      "Depth": 45,
      "C1_Depth": 1,
      "Demand": 4,
      "DemandMax": null,
      "Value": 77760,
      "CustomerId": 62,
      "Priority": 62,
      "Alpha": 2,
      "Beta": 2,
      "Density": 1323.752869,
      "Weight": 102.935023,
      "Stackable": 1
    }
  ],
  "Modification": {
    "family": "BR-Modified",
    "seed": 123,
    "weight_model": "beta_density",
    "alpha": 2,
    "beta": 2,
    "Pmax_kg": 28200.0,
    "target_util": 0.8,
    "container_dims": {
      "L": 587,
      "W": 233,
      "H": 220
    },
    "Dc_kg_per_m3": 1171.500338,
    "Dcmin": 585.750169,
    "Dcmax": 1757.250507,
    "customer_rule": "per-type by volume desc; heavy -> higher customer_id/priority",
    "stackable_rule": "type-level Bernoulli(p_nonstackable=0.01)"
  }
}