{
  "Name": "76",
  "Objects": [
    {
      "Length": 587,
      "Height": 233,
      "Depth": 220,
      "Stock": null,
      "Cost": 30089620
    }
  ],
  "Items": [
    {
      "Length": 77,
      "C1_Length": 0,
      "Height": 30,
      "C1_Height": 1,
      "Depth": 42,
      "C1_Depth": 1,
      "Demand": 5,
      "DemandMax": null,
      "Value": 97020,
      "CustomerId": 59,
      "Priority": 59,
      "Alpha": 2,
      "Beta": 2,
      "Density": 1259.413611,
      "Weight": 122.188309,
      "Stackable": 1
    },
    {
      "Length": 98,
      "C1_Length": 0,
      "Height": 28,
      "C1_Height": 1,
      "Depth": 45,
      "C1_Depth": 1,
      "Demand": 1,
      "DemandMax": null,
      "Value": 123480,
      "CustomerId": 49,
      "Priority": 49,
      "Alpha": 2,
      "Beta": 2,
      "Density": 678.275158,
      "Weight": 83.753416,
      "Stackable": 1
    },
    {
      "Length": 61,
      "C1_Length": 1,
      "Height": 32,
      "C1_Height": 1,
      "Depth": 58,
      "C1_Depth": 1,
      "Demand": 3,
      "DemandMax": null,
      "Value": 113216,
      "CustomerId": 53,
      "Priority": 53,
      "Alpha": 2,
      "Beta": 2,
      "Density": 895.198203,
      "Weight": 101.35076,
      "Stackable": 1
    },
    {
      "Length": 92,
      "C1_Length": 1,
      "Height": 61,
      "C1_Height": 1,
      "Depth": 77,
      "C1_Depth": 1,
      "Demand": 1,
      "DemandMax": null,
      "Value": 432124,
      "CustomerId": 11,
      "Priority": 11,
      "Alpha": 2,
      "Beta": 2,
      "Density": 745.744522,
      "Weight": 322.254106,
      "Stackable": 1
    },
    {
      "Length": 58,
      "C1_Length": 0,
      "Height": 27,
      "C1_Height": 1,
      "Depth": 44,
      "C1_Depth": 1,
      "Demand": 1,
      "DemandMax": null,
      "Value": 68904,
      "CustomerId": 65,
      "Priority": 65,
      "Alpha": 2,
      "Beta": 2,
      "Density": 1412.136919,
      "Weight": 97.301882,
      "Stackable": 1
    },
    {
      "Length": 108,
      "C1_Length": 0,
      "Height": 50,
      "C1_Height": 1,
      "Depth": 72,
      "C1_Depth": 1,
      "Demand": 2,
      "DemandMax": null,
      "Value": 388800,
      "CustomerId": 14,
      "Priority": 14,
      "Alpha": 2,
      "Beta": 2,
      "Density": 1501.353891,
      "Weight": 583.726393,
      "Stackable": 1
    },
    {
      "Length": 93,
      "C1_Length": 1,
      "Height": 71,
      "C1_Height": 1,
      "Depth": 72,
      "C1_Depth": 1,
      "Demand": 2,
      "DemandMax": null,
      "Value": 475416,
      "CustomerId": 8,
      "Priority": 8,
      "Alpha": 2,
      "Beta": 2,
      "Density": 1153.343842,
      "Weight": 548.318116,
      "Stackable": 1
    },
    {
      "Length": 111,
      "C1_Length": 0,
      "Height": 30,
      "C1_Height": 1,
      "Depth": 49,
      "C1_Depth": 1,
      "Demand": 3,
      "DemandMax": null,
      "Value": 163170,
      "CustomerId": 41,
      "Priority": 41,
      "Alpha": 2,
      "Beta": 2,
      "Density": 1429.918097,
      "Weight": 233.319736,
      "Stackable": 1
    },
    {
      "Length": 79,
      "C1_Length": 1,
      "Height": 49,
      "C1_Height": 1,
      "Depth": 66,
      "C1_Depth": 1,
      "Demand": 1,
      "DemandMax": null,
      "Value": 255486,
      "CustomerId": 22,
      "Priority": 22,
      "Alpha": 2,
      "Beta": 2,
      "Density": 786.110645,
      "Weight": 200.840264,
      "Stackable": 1
    },
    {
      "Length": 85,
      "C1_Length": 0,
      "Height": 39,
      "C1_Height": 1,
      "Depth": 74,
      "C1_Depth": 1,
      "Demand": 1,
      "DemandMax": null,
      "Value": 245310,
      "CustomerId": 23,
      "Priority": 23,
      "Alpha": 2,
      "Beta": 2,
      "Density": 780.006829,
      "Weight": 191.343475,
      "Stackable": 1
    },
    {
      "Length": 106,
      "C1_Length": 0,
      "Height": 33,
      "C1_Height": 1,
      "Depth": 34,
      "C1_Depth": 1,
      "Demand": 2,
      "DemandMax": null,
      "Value": 118932,
      "CustomerId": 52,
      "Priority": 52,
      "Alpha": 2,
      "Beta": 2,
      "Density": 1480.768896,
      "Weight": 176.110806,
      "Stackable": 1
    },
    {
      "Length": 113,
      "C1_Length": 1,
      "Height": 76,
      "C1_Height": 1,
      "Depth": 91,
      "C1_Depth": 1,
      "Demand": 1,
      "DemandMax": null,
      "Value": 781508,
      "CustomerId": 1,
      "Priority": 1,
      "Alpha": 2,
      "Beta": 2,
      "Density": 1470.452397,
      "Weight": 1149.170312,
      "Stackable": 1
    },
    {
      "Length": 57,
      "C1_Length": 1,
      "Height": 43,
      "C1_Height": 1,
      "Depth": 49,
      "C1_Depth": 1,
      "Demand": 1,
      "DemandMax": null,
      "Value": 120099,
      "CustomerId": 51,
      "Priority": 51,
      "Alpha": 2,
      "Beta": 2,
      "Density": 1626.89955,
      "Weight": 195.389009,
      "Stackable": 1
    },
    {
      "Length": 103,
      "C1_Length": 0,
      "Height": 27,
      "C1_Height": 1,
      "Depth": 80,
      "C1_Depth": 0,
      "Demand": 1,
      "DemandMax": null,
      "Value": 222480,
      "CustomerId": 29,
      "Priority": 29,
      "Alpha": 2,
      "Beta": 2,
      "Density": 1155.959398,
      "Weight": 257.177847,
      "Stackable": 1
    },
    {
      "Length": 74,
      "C1_Length": 0,
      "Height": 31,
      "C1_Height": 1,
      "Depth": 66,
      "C1_Depth": 0,
      "Demand": 1,
      "DemandMax": null,
      "Value": 151404,
      "CustomerId": 44,
      "Priority": 44,
      "Alpha": 2,
      "Beta": 2,
      "Density": 989.563616,
      "Weight": 149.82389,
      "Stackable": 1
    },
    {
      "Length": 112,
      "C1_Length": 0,
      "Height": 29,
      "C1_Height": 1,
      "Depth": 66,
      "C1_Depth": 0,
      "Demand": 1,
      "DemandMax": null,
      "Value": 214368,
      "CustomerId": 31,
      "Priority": 31,
      "Alpha": 2,
      "Beta": 2,
      "Density": 1435.372037,
      "Weight": 307.697833,
      "Stackable": 1
    },
    {
      "Length": 110,
      "C1_Length": 1,
      "Height": 67,
      "C1_Height": 1,
      "Depth": 83,
      "C1_Depth": 1,
      "Demand": 1,
      "DemandMax": null,
      "Value": 611710,
      "CustomerId": 3,
      "Priority": 3,
      "Alpha": 2,
      "Beta": 2,
      "Density": 1034.19579,
      "Weight": 632.627907,
      "Stackable": 1
    },
    {
      "Length": 119,
      "C1_Length": 0,
      "Height": 36,
      "C1_Height": 1,
      "Depth": 56,
      "C1_Depth": 1,
      "Demand": 2,
      "DemandMax": null,
      "Value": 239904,
      "CustomerId": 24,
      "Priority": 24,
      "Alpha": 2,
      "Beta": 2,
      "Density": 1473.246047,
      "Weight": 353.43762,
      "Stackable": 1
    },
    {
      "Length": 97,
      "C1_Length": 0,
      "Height": 22,
      "C1_Height": 1,
      "Depth": 87,
      "C1_Depth": 0,
      "Demand": 2,
      "DemandMax": null,
      "Value": 185658,
      "CustomerId": 35,
      "Priority": 35,
      "Alpha": 2,
      "Beta": 2,
      "Density": 1042.446381,
      "Weight": 193.53851,
      "Stackable": 1
    },
    {
      "Length": 53,
      "C1_Length": 0,
      "Height": 25,
      "C1_Height": 1,
      "Depth": 31,
      "C1_Depth": 1,
      "Demand": 2,
      "DemandMax": null,
      "Value": 41075,
      "CustomerId": 70,
      "Priority": 70,
      "Alpha": 2,
      "Beta": 2,
      "Density": 1387.707942,
      "Weight": 57.000104,
      "Stackable": 1
    },
    {
      "Length": 79,
      "C1_Length": 1,
      "Height": 58,
      "C1_Height": 1,
      "Depth": 62,
      "C1_Depth": 1,
      "Demand": 2,
      "DemandMax": null,
      "Value": 284084,
      "CustomerId": 21,
      "Priority": 21,
      "Alpha": 2,
      "Beta": 2,
      "Density": 781.978267,
      "Weight": 222.147514,
      "Stackable": 1
    },
    {
      "Length": 71,
      "C1_Length": 1,
      "Height": 40,
      "C1_Height": 1,
      "Depth": 61,
      "C1_Depth": 1,
      "Demand": 1,
      "DemandMax": null,
      "Value": 173240,
      "CustomerId": 37,
      "Priority": 37,
      "Alpha": 2,
      "Beta": 2,
      "Density": 1257.844532,
      "Weight": 217.908987,
      "Stackable": 1
    },
    {
      "Length": 65,
      "C1_Length": 0,
      "Height": 28,
      "C1_Height": 1,
      "Depth": 56,
      "C1_Depth": 0,
      "Demand": 4,
      "DemandMax": null,
      "Value": 101920,
      "CustomerId": 57,
      "Priority": 57,
      "Alpha": 2,
      "Beta": 2,
      "Density": 795.454405,
      "Weight": 81.072713,
      "Stackable": 1
    },
    {
      "Length": 67,
      "C1_Length": 1,
      "Height": 53,
      "C1_Height": 1,
      "Depth": 63,
      "C1_Depth": 1,
      "Demand": 3,
      "DemandMax": null,
      "Value": 223713,
      "CustomerId": 28,
      "Priority": 28,
      "Alpha": 2,
      "Beta": 2,
      "Density": 1028.080026,
      "Weight": 229.994867,
      "Stackable": 1
    },
    {
      "Length": 59,
      "C1_Length": 1,
      "Height": 30,
      "C1_Height": 1,
      "Depth": 43,
      "C1_Depth": 1,
      "Demand": 4,
      "DemandMax": null,
      "Value": 76110,
      "CustomerId": 63,
      "Priority": 63,
      "Alpha": 2,
      "Beta": 2,
      "Density": 823.281763,
      "Weight": 62.659975,
      "Stackable": 1
    },
    {
      "Length": 65,
      "C1_Length": 1,
      "Height": 41,
      "C1_Height": 1,
      "Depth": 41,
      "C1_Depth": 1,
      "Demand": 3,
      "DemandMax": null,
      "Value": 109265,
      "CustomerId": 54,
      "Priority": 54,
      "Alpha": 2,
      "Beta": 2,
      "Density": 1055.750156,
      "Weight": 115.356541,
      "Stackable": 1
    },
    {
      "Length": 78,
      "C1_Length": 0,
      "Height": 38,
      "C1_Height": 1,
      "Depth": 54,
      "C1_Depth": 1,
      "Demand": 3,
      "DemandMax": null,
      "Value": 160056,
      "CustomerId": 42,
      "Priority": 42,
      "Alpha": 2,
      "Beta": 2,
      "Density": 1098.002394,
      "Weight": 175.741871,
      "Stackable": 1
    },
    {
      "Length": 59,
      "C1_Length": 0,
      "Height": 27,
      "C1_Height": 1,
      "Depth": 54,
      "C1_Depth": 0,
      "Demand": 1,
      "DemandMax": null,
      "Value": 86022,
      "CustomerId": 61,
      "Priority": 61,
      "Alpha": 2,
      "Beta": 2,
      "Density": 1321.512254,
      "Weight": 113.679127,
      "Stackable": 1
    },
    {
      "Length": 96,
      "C1_Length": 0,
      "Height": 34,
      "C1_Height": 1,
      "Depth": 68,
      "C1_Depth": 0,
      "Demand": 2,
      "DemandMax": null,
      "Value": 221952,
      "CustomerId": 30,
      "Priority": 30,
      "Alpha": 2,
      "Beta": 2,
      "Density": 1628.537907,
      "Weight": 361.457246,
      "Stackable": 1
    },
    {
      "Length": 113,
      "C1_Length": 0,
      "Height": 54,
      "C1_Height": 1,
      "Depth": 78,
      "C1_Depth": 1,
      "Demand": 2,
      "DemandMax": null,
      "Value": 475956,
      "CustomerId": 7,
      "Priority": 7,
      "Alpha": 2,
      "Beta": 2,
      "Density": 1141.026487,
      "Weight": 543.078403,
      "Stackable": 1
    },
    {
      "Length": 96,
      "C1_Length": 1,
      "Height": 49,
      "C1_Height": 1,
      "Depth": 90,
      "C1_Depth": 1,
      "Demand": 1,
      "DemandMax": null,
      "Value": 423360,
      "CustomerId": 12,
      "Priority": 12,
      "Alpha": 2,
      "Beta": 2,
      "Density": 1455.563997,
      "Weight": 616.227574,
      "Stackable": 1
    },
    {
      "Length": 94,
      "C1_Length": 0,
      "Height": 46,
      "C1_Height": 1,
      "Depth": 68,
      "C1_Depth": 1,
      "Demand": 3,
      "DemandMax": null,
      "Value": 294032,
      "CustomerId": 19,
      "Priority": 19,
      "Alpha": 2,
      "Beta": 2,
      "Density": 1532.795742,
      "Weight": 450.690998,
      "Stackable": 1
    },
    {
      "Length": 67,
      "C1_Length": 0,
      "Height": 31,
      "C1_Height": 1,
      "Depth": 65,
      "C1_Depth": 0,
      "Demand": 2,
      "DemandMax": null,
      "Value": 135005,
      "CustomerId": 46,
      "Priority": 46,
      "Alpha": 2,
      "Beta": 2,
      "Density": 895.725923,
      "Weight": 120.927478,
      "Stackable": 1
    },
    {
      "Length": 83,
      "C1_Length": 0,
      "Height": 38,
      "C1_Height": 1,
      "Depth": 46,
      "C1_Depth": 1,
      "Demand": 1,
      "DemandMax": null,
      "Value": 145084,
      "CustomerId": 45,
      "Priority": 45,
      "Alpha": 2,
      "Beta": 2,
      "Density": 976.559343,
      "Weight": 141.683136,
      "Stackable": 1
    },
    {
      "Length": 71,
      "C1_Length": 1,
      "Height": 51,
      "C1_Height": 1,
      "Depth": 65,
      "C1_Depth": 1,
      "Demand": 2,
      "DemandMax": null,
      "Value": 235365,
      "CustomerId": 25,
      "Priority": 25,
      "Alpha": 2,
      "Beta": 2,
      "Density": 808.883487,
      "Weight": 190.382862,
      "Stackable": 1
    },
    {
      "Length": 88,
      "C1_Length": 0,
      "Height": 42,
      "C1_Height": 1,
      "Depth": 46,
      "C1_Depth": 1,
      "Demand": 1,
      "DemandMax": null,
      "Value": 170016,
      "CustomerId": 39,
      "Priority": 39,
      "Alpha": 2,
      "Beta": 2,
      "Density": 1075.692213,
      "Weight": 182.884887,
      "Stackable": 1
    },
    {
      "Length": 83,
      "C1_Length": 0,
      "Height": 31,
      "C1_Height": 1,
      "Depth": 32,
      "C1_Depth": 1,
      "Demand": 2,
      "DemandMax": null,
      "Value": 82336,
      "CustomerId": 62,
      "Priority": 62,
      "Alpha": 2,
      "Beta": 2,
      "Density": 1257.407492,
      "Weight": 103.529903,
      "Stackable": 1
    },
    {
      "Length": 86,
      "C1_Length": 0,
      "Height": 26,
      "C1_Height": 1,
      "Depth": 29,
      "C1_Depth": 1,
      "Demand": 3,
      "DemandMax": null,
      "Value": 64844,
      "CustomerId": 66,
      "Priority": 66,
      "Alpha": 2,
      "Beta": 2,
      "Density": 826.682126,
      "Weight": 53.605376,
      "Stackable": 1
    },
    {
      "Length": 86,
      "C1_Length": 1,
      "Height": 75,
      "C1_Height": 1,
      "Depth": 80,
      "C1_Depth": 1,
      "Demand": 2,
      "DemandMax": null,
      "Value": 516000,
      "CustomerId": 6,
      "Priority": 6,
      "Alpha": 2,
      "Beta": 2,
      "Density": 1488.956877,
      "Weight": 768.301748,
      "Stackable": 1
    },
    {
      "Length": 73,
      "C1_Length": 1,
      "Height": 59,
      "C1_Height": 1,
      "Depth": 70,
      "C1_Depth": 1,
      "Demand": 2,
      "DemandMax": null,
      "Value": 301490,
      "CustomerId": 18,
      "Priority": 18,
      "Alpha": 2,
      "Beta": 2,
      "Density": 912.862879,
      "Weight": 275.21903,
      "Stackable": 1
    },
    {
      "Length": 120,
      "C1_Length": 1,
      "Height": 65,
      "C1_Height": 1,
      "Depth": 67,
      "C1_Depth": 1,
      "Demand": 2,
      "DemandMax": null,
      "Value": 522600,
      "CustomerId": 5,
      "Priority": 5,
      "Alpha": 2,
      "Beta": 2,
      "Density": 1452.524584,
      "Weight": 759.089348,
      "Stackable": 1
    },
    {
      "Length": 88,
      "C1_Length": 1,
      "Height": 52,
      "C1_Height": 1,
      "Depth": 66,
      "C1_Depth": 1,
      "Demand": 4,
      "DemandMax": null,
      "Value": 302016,
      "CustomerId": 17,
      "Priority": 17,
      "Alpha": 2,
      "Beta": 2,
      "Density": 828.809205,
      "Weight": 250.313641,
      "Stackable": 1
    },
    {
      "Length": 74,
      "C1_Length": 1,
      "Height": 41,
      "C1_Height": 1,
      "Depth": 68,
      "C1_Depth": 1,
      "Demand": 1,
      "DemandMax": null,
      "Value": 206312,
      "CustomerId": 33,
      "Priority": 33,
      "Alpha": 2,
      "Beta": 2,
      "Density": 1295.425806,
      "Weight": 267.261889,
      "Stackable": 1
    },
    {
      "Length": 76,
      "C1_Length": 1,
      "Height": 42,
      "C1_Height": 1,
      "Depth": 67,
      "C1_Depth": 1,
      "Demand": 2,
      "DemandMax": null,
      "Value": 213864,
      "CustomerId": 32,
      "Priority": 32,
      "Alpha": 2,
      "Beta": 2,
      "Density": 898.069045,
      "Weight": 192.064638,
      "Stackable": 1
    },
    {
      "Length": 83,
      "C1_Length": 0,
      "Height": 37,
      "C1_Height": 1,
      "Depth": 63,
      "C1_Depth": 1,
      "Demand": 2,
      "DemandMax": null,
      "Value": 193473,
      "CustomerId": 34,
      "Priority": 34,
      "Alpha": 2,
      "Beta": 2,
      "Density": 724.63254,
      "Weight": 140.196831,
      "Stackable": 1
    },
    {
      "Length": 70,
      "C1_Length": 1,
      "Height": 50,
      "C1_Height": 1,
      "Depth": 51,
      "C1_Depth": 1,
      "Demand": 1,
      "DemandMax": null,
      "Value": 178500,
      "CustomerId": 36,
      "Priority": 36,
      "Alpha": 2,
      "Beta": 2,
      "Density": 916.263211,
      "Weight": 163.552983,
      "Stackable": 1
    },
    {
      "Length": 98,
      "C1_Length": 1,
      "Height": 77,
      "C1_Height": 1,
      "Depth": 79,
      "C1_Depth": 1,
      "Demand": 2,
      "DemandMax": null,
      "Value": 596134,
      "CustomerId": 4,
      "Priority": 4,
      "Alpha": 2,
      "Beta": 2,
      "Density": 955.696408,
      "Weight": 569.723122,
      "Stackable": 1
    },
    {
      "Length": 97,
      "C1_Length": 1,
      "Height": 54,
      "C1_Height": 1,
      "Depth": 85,
      "C1_Depth": 1,
      "Demand": 2,
      "DemandMax": null,
      "Value": 445230,
      "CustomerId": 9,
      "Priority": 9,
      "Alpha": 2,
      "Beta": 2,
      "Density": 1383.198097,
      "Weight": 615.841289,
      "Stackable": 1
    },
    {
      "Length": 80,
      "C1_Length": 0,
      "Height": 29,
      "C1_Height": 1,
      "Depth": 55,
      "C1_Depth": 1,
      "Demand": 1,
      "DemandMax": null,
      "Value": 127600,
      "CustomerId": 48,
      "Priority": 48,
      "Alpha": 2,
      "Beta": 2,
      "Density": 796.262382,
      "Weight": 101.60308,
      "Stackable": 1
    },
    {
      "Length": 63,
      "C1_Length": 1,
      "Height": 34,
      "C1_Height": 1,
      "Depth": 43,
      "C1_Depth": 1,
      "Demand": 3,
      "DemandMax": null,
      "Value": 92106,
      "CustomerId": 60,
      "Priority": 60,
      "Alpha": 2,
      "Beta": 2,
      "Density": 1394.486683,
      "Weight": 128.44059,
      "Stackable": 1
    },
    {
      "Length": 51,
      "C1_Length": 1,
      "Height": 34,
      "C1_Height": 1,
      "Depth": 40,
      "C1_Depth": 1,
      "Demand": 1,
      "DemandMax": null,
      "Value": 69360,
      "CustomerId": 64,
      "Priority": 64,
      "Alpha": 2,
      "Beta": 2,
      "Density": 823.628835,
      "Weight": 57.126896,
      "Stackable": 1
    },
    {
      "Length": 89,
      "C1_Length": 1,
      "Height": 62,
      "C1_Height": 1,
      "Depth": 80,
      "C1_Depth": 1,
      "Demand": 1,
      "DemandMax": null,
      "Value": 441440,
      "CustomerId": 10,
      "Priority": 10,
      "Alpha": 2,
      "Beta": 2,
      "Density": 1564.575476,
      "Weight": 690.666198,
      "Stackable": 1
    },
    {
      "Length": 88,
      "C1_Length": 1,
      "Height": 53,
      "C1_Height": 1,
      "Depth": 63,
      "C1_Depth": 1,
      "Demand": 2,
      "DemandMax": null,
      "Value": 293832,
      "CustomerId": 20,
      "Priority": 20,
      "Alpha": 2,
      "Beta": 2,
      "Density": 1315.208508,
      "Weight": 386.450346,
      "Stackable": 1
    },
    {
      "Length": 100,
      "C1_Length": 1,
      "Height": 71,
      "C1_Height": 1,
      "Depth": 91,
      "C1_Depth": 1,
      "Demand": 2,
      "DemandMax": null,
      "Value": 646100,
      "CustomerId": 2,
      "Priority": 2,
      "Alpha": 2,
      "Beta": 2,
      "Density": 1584.978576,
      "Weight": 1024.054658,
      "Stackable": 1
    },
    {
      "Length": 75,
      "C1_Length": 1,
      "Height": 38,
      "C1_Height": 1,
      "Depth": 54,
      "C1_Depth": 1,
      "Demand": 2,
      "DemandMax": null,
      "Value": 153900,
      "CustomerId": 43,
      "Priority": 43,
      "Alpha": 2,
      "Beta": 2,
      "Density": 1183.91271,
      "Weight": 182.204166,
      "Stackable": 1
    },
    {
      "Length": 101,
      "C1_Length": 0,
      "Height": 31,
      "C1_Height": 1,
      "Depth": 43,
      "C1_Depth": 1,
      "Demand": 5,
      "DemandMax": null,
      "Value": 134633,
      "CustomerId": 47,
      "Priority": 47,
      "Alpha": 2,
      "Beta": 2,
      "Density": 1355.119261,
      "Weight": 182.443772,
      "Stackable": 1
    },
    {
      "Length": 67,
      "C1_Length": 1,
      "Height": 41,
      "C1_Height": 1,
      "Depth": 63,
      "C1_Depth": 1,
      "Demand": 3,
      "DemandMax": null,
      "Value": 173061,
      "CustomerId": 38,
      "Priority": 38,
      "Alpha": 2,
      "Beta": 2,
      "Density": 1355.572886,
      "Weight": 234.596799,
      "Stackable": 1
    },
    {
      "Length": 97,
      "C1_Length": 0,
      "Height": 44,
      "C1_Height": 1,
      "Depth": 92,
      "C1_Depth": 0,
      "Demand": 2,
      "DemandMax": null,
      "Value": 392656,
      "CustomerId": 13,
      "Priority": 13,
      "Alpha": 2,
      "Beta": 2,
      "Density": 1098.817602,
      "Weight": 431.457324,
      "Stackable": 1
    },
    {
      "Length": 107,
      "C1_Length": 0,
      "Height": 34,
      "C1_Height": 1,
      "Depth": 64,
      "C1_Depth": 1,
      "Demand": 3,
      "DemandMax": null,
      "Value": 232832,
      "CustomerId": 26,
      "Priority": 26,
      "Alpha": 2,
      "Beta": 2,
      "Density": 940.381484,
      "Weight": 218.950902,
      "Stackable": 1
    },
    {
      "Length": 73,
      "C1_Length": 1,
      "Height": 50,
      "C1_Height": 1,
      "Depth": 62,
      "C1_Depth": 1,
      "Demand": 1,
      "DemandMax": null,
      "Value": 226300,
      "CustomerId": 27,
      "Priority": 27,
      "Alpha": 2,
      "Beta": 2,
      "Density": 840.638369,
      "Weight": 190.236463,
      "Stackable": 1
    },
    {
      "Length": 102,
      "C1_Length": 0,
      "Height": 37,
      "C1_Height": 1,
      "Depth": 84,
      "C1_Depth": 0,
      "Demand": 1,
      "DemandMax": null,
      "Value": 317016,
      "CustomerId": 16,
      "Priority": 16,
      "Alpha": 2,
      "Beta": 2,
      "Density": 1354.271529,
      "Weight": 429.325743,
      "Stackable": 1
    },
    {
      "Length": 67,
      "C1_Length": 0,
      "Height": 28,
      "C1_Height": 1,
      "Depth": 32,
      "C1_Depth": 1,
      "Demand": 1,
      "DemandMax": null,
      "Value": 60032,
      "CustomerId": 68,
      "Priority": 68,
      "Alpha": 2,
      "Beta": 2,
      "Density": 961.082682,
      "Weight": 57.695716,
      "Stackable": 1
    },
    {
      "Length": 47,
      "C1_Length": 1,
      "Height": 35,
      "C1_Height": 1,
      "Depth": 38,
      "C1_Depth": 1,
      "Demand": 1,
      "DemandMax": null,
      "Value": 62510,
      "CustomerId": 67,
      "Priority": 67,
      "Alpha": 2,
      "Beta": 2,
      "Density": 1165.049864,
      "Weight": 72.827267,
      "Stackable": 1
    },
    {
      "Length": 81,
      "C1_Length": 0,
      "Height": 32,
      "C1_Height": 1,
      "Depth": 65,
      "C1_Depth": 0,
      "Demand": 1,
      "DemandMax": null,
      "Value": 168480,
      "CustomerId": 40,
      "Priority": 40,
      "Alpha": 2,
      "Beta": 2,
      "Density": 1719.748853,
      "Weight": 289.743287,
      "Stackable": 1
    },
    {
      "Length": 42,
      "C1_Length": 1,
      "Height": 27,
      "C1_Height": 1,
      "Depth": 38,
      "C1_Depth": 1,
      "Demand": 1,
      "DemandMax": null,
      "Value": 43092,
      "CustomerId": 69,
      "Priority": 69,
      "Alpha": 2,
      "Beta": 2,
      "Density": 1406.480014,
      "Weight": 60.608037,
      "Stackable": 1
    },
    {
      "Length": 55,
      "C1_Length": 1,
      "Height": 40,
      "C1_Height": 1,
      "Depth": 47,
      "C1_Depth": 1,
      "Demand": 3,
      "DemandMax": null,
      "Value": 103400,
      "CustomerId": 56,
      "Priority": 56,
      "Alpha": 2,
      "Beta": 2,
      "Density": 1085.584026,
      "Weight": 112.249388,
      "Stackable": 1
    },
    {
      "Length": 91,
      "C1_Length": 1,
      "Height": 59,
      "C1_Height": 1,
      "Depth": 67,
      "C1_Depth": 1,
      "Demand": 2,
      "DemandMax": null,
      "Value": 359723,
      "CustomerId": 15,
      "Priority": 15,
      "Alpha": 2,
      "Beta": 2,
      "Density": 1372.188222,
      "Weight": 493.607664,
      "Stackable": 1
    },
    {
      "Length": 60,
      "C1_Length": 1,
      "Height": 39,
      "C1_Height": 1,
      "Depth": 42,
      "C1_Depth": 1,
      "Demand": 3,
      "DemandMax": null,
      "Value": 98280,
      "CustomerId": 58,
      "Priority": 58,
      "Alpha": 2,
      "Beta": 2,
      "Density": 941.271076,
      "Weight": 92.508121,
      "Stackable": 1
    },
    {
      "Length": 88,
      "C1_Length": 0,
      "Height": 21,
      "C1_Height": 1,
      "Depth": 59,
      "C1_Depth": 0,
      "Demand": 2,
      "DemandMax": null,
      "Value": 109032,
      "CustomerId": 55,
      "Priority": 55,
      "Alpha": 2,
      "Beta": 2,
      "Density": 1594.565924,
      "Weight": 173.858712,
      "Stackable": 1
    },
    {
      "Length": 82,
      "C1_Length": 0,
      "Height": 21,
      "C1_Height": 1,
      "Depth": 71,
      "C1_Depth": 0,
      "Demand": 1,
      "DemandMax": null,
      "Value": 122262,
      "CustomerId": 50,
      "Priority": 50,
      "Alpha": 2,
      "Beta": 2,
      "Density": 1000.912394,
      "Weight": 122.373551,
      "Stackable": 1
    }
  ],
  "Modification": {
    "family": "BR-Modified",
    "seed": 123,
    "weight_model": "beta_density",
    "alpha": 2,
    "beta": 2,
    "Pmax_kg": 28200.0,
    "target_util": 0.8,
    "container_dims": {
      "L": 587,
      "W": 233,
      "H": 220
    },
    "Dc_kg_per_m3": 1171.500338,
    "Dcmin": 585.750169,
    "Dcmax": 1757.250507,
    "customer_rule": "per-type by volume desc; heavy -> higher customer_id/priority",
    "stackable_rule": "type-level Bernoulli(p_nonstackable=0.01)"
  }
}