{
  "Name": "90",
  "Objects": [
    {
      "Length": 587,
      "Height": 233,
      "Depth": 220,
      "Stock": null,
      "Cost": 30089620
    }
  ],
  "Items": [
    {
      "Length": 91,
      "C1_Length": 0,
      "Height": 33,
      "C1_Height": 1,
      "Depth": 52,
      "C1_Depth": 1,
      "Demand": 1,
      "DemandMax": null,
      "Value": 156156,
      "CustomerId": 50,
      "Priority": 50,
      "Alpha": 2,
      "Beta": 2,
      "Density": 1081.421854,
      "Weight": 168.870511,
      "Stackable": 1
    },
    {
      "Length": 87,
      "C1_Length": 1,
      "Height": 63,
      "C1_Height": 1,
      "Depth": 81,
      "C1_Depth": 1,
      "Demand": 2,
      "DemandMax": null,
      "Value": 443961,
      "CustomerId": 12,
      "Priority": 12,
      "Alpha": 2,
      "Beta": 2,
      "Density": 1617.307333,
      "Weight": 718.021381,
      "Stackable": 1
    },
    {
      "Length": 113,
      "C1_Length": 0,
      "Height": 45,
      "C1_Height": 1,
      "Depth": 79,
      "C1_Depth": 1,
      "Demand": 2,
      "DemandMax": null,
      "Value": 401715,
      "CustomerId": 14,
      "Priority": 14,
      "Alpha": 2,
      "Beta": 2,
      "Density": 1076.782379,
      "Weight": 432.559633,
      "Stackable": 1
    },
    {
      "Length": 114,
      "C1_Length": 0,
      "Height": 45,
      "C1_Height": 1,
      "Depth": 52,
      "C1_Depth": 1,
      "Demand": 1,
      "DemandMax": null,
      "Value": 266760,
      "CustomerId": 23,
      "Priority": 23,
      "Alpha": 2,
      "Beta": 2,
      "Density": 1326.368611,
      "Weight": 353.822091,
      "Stackable": 1
    },
    {
      "Length": 110,
      "C1_Length": 1,
      "Height": 66,
      "C1_Height": 1,
      "Depth": 90,
      "C1_Depth": 1,
      "Demand": 4,
      "DemandMax": null,
      "Value": 653400,
      "CustomerId": 2,
      "Priority": 2,
      "Alpha": 2,
      "Beta": 2,
      "Density": 1669.142827,
      "Weight": 1090.617923,
      "Stackable": 1
    },
    {
      "Length": 81,
      "C1_Length": 0,
      "Height": 31,
      "C1_Height": 1,
      "Depth": 41,
      "C1_Depth": 1,
      "Demand": 1,
      "DemandMax": null,
      "Value": 102951,
      "CustomerId": 56,
      "Priority": 56,
      "Alpha": 2,
      "Beta": 2,
      "Density": 1641.000458,
      "Weight": 168.942638,
      "Stackable": 1
    },
    {
      "Length": 108,
      "C1_Length": 0,
      "Height": 37,
      "C1_Height": 1,
      "Depth": 67,
      "C1_Depth": 1,
      "Demand": 2,
      "DemandMax": null,
      "Value": 267732,
      "CustomerId": 22,
      "Priority": 22,
      "Alpha": 2,
      "Beta": 2,
      "Density": 1267.225162,
      "Weight": 339.276727,
      "Stackable": 1
    },
    {
      "Length": 118,
      "C1_Length": 0,
      "Height": 57,
      "C1_Height": 1,
      "Depth": 82,
      "C1_Depth": 1,
      "Demand": 1,
      "DemandMax": null,
      "Value": 551532,
      "CustomerId": 5,
      "Priority": 5,
      "Alpha": 2,
      "Beta": 2,
      "Density": 734.728265,
      "Weight": 405.22615,
      "Stackable": 1
    },
    {
      "Length": 96,
      "C1_Length": 0,
      "Height": 30,
      "C1_Height": 1,
      "Depth": 60,
      "C1_Depth": 0,
      "Demand": 2,
      "DemandMax": null,
      "Value": 172800,
      "CustomerId": 45,
      "Priority": 45,
      "Alpha": 2,
      "Beta": 2,
      "Density": 1069.932191,
      "Weight": 184.884283,
      "Stackable": 1
    },
    {
      "Length": 43,
      "C1_Length": 1,
      "Height": 36,
      "C1_Height": 1,
      "Depth": 42,
      "C1_Depth": 1,
      "Demand": 1,
      "DemandMax": null,
      "Value": 65016,
      "CustomerId": 65,
      "Priority": 65,
      "Alpha": 2,
      "Beta": 2,
      "Density": 1156.337702,
      "Weight": 75.180452,
      "Stackable": 1
    },
    {
      "Length": 93,
      "C1_Length": 1,
      "Height": 77,
      "C1_Height": 1,
      "Depth": 78,
      "C1_Depth": 1,
      "Demand": 1,
      "DemandMax": null,
      "Value": 558558,
      "CustomerId": 4,
      "Priority": 4,
      "Alpha": 2,
      "Beta": 2,
      "Density": 1133.029437,
      "Weight": 632.862656,
      "Stackable": 1
    },
    {
      "Length": 85,
      "C1_Length": 0,
      "Height": 25,
      "C1_Height": 1,
      "Depth": 62,
      "C1_Depth": 0,
      "Demand": 1,
      "DemandMax": null,
      "Value": 131750,
      "CustomerId": 52,
      "Priority": 52,
      "Alpha": 2,
      "Beta": 2,
      "Density": 986.222102,
      "Weight": 129.934762,
      "Stackable": 1
    },
    {
      "Length": 93,
      "C1_Length": 0,
      "Height": 30,
      "C1_Height": 1,
      "Depth": 83,
      "C1_Depth": 0,
      "Demand": 1,
      "DemandMax": null,
      "Value": 231570,
      "CustomerId": 30,
      "Priority": 30,
      "Alpha": 2,
      "Beta": 2,
      "Density": 1101.053741,
      "Weight": 254.971015,
      "Stackable": 1
    },
    {
      "Length": 101,
      "C1_Length": 1,
      "Height": 77,
      "C1_Height": 1,
      "Depth": 87,
      "C1_Depth": 1,
      "Demand": 2,
      "DemandMax": null,
      "Value": 676599,
      "CustomerId": 1,
      "Priority": 1,
      "Alpha": 2,
      "Beta": 2,
      "Density": 1515.005046,
      "Weight": 1025.050899,
      "Stackable": 1
    },
    {
      "Length": 112,
      "C1_Length": 0,
      "Height": 56,
      "C1_Height": 1,
      "Depth": 72,
      "C1_Depth": 1,
      "Demand": 1,
      "DemandMax": null,
      "Value": 451584,
      "CustomerId": 10,
      "Priority": 10,
      "Alpha": 2,
      "Beta": 2,
      "Density": 1393.407885,
      "Weight": 629.240706,
      "Stackable": 1
    },
    {
      "Length": 49,
      "C1_Length": 1,
      "Height": 31,
      "C1_Height": 1,
      "Depth": 39,
      "C1_Depth": 1,
      "Demand": 2,
      "DemandMax": null,
      "Value": 59241,
      "CustomerId": 67,
      "Priority": 67,
      "Alpha": 2,
      "Beta": 2,
      "Density": 1491.743152,
      "Weight": 88.372356,
      "Stackable": 1
    },
    {
      "Length": 100,
      "C1_Length": 0,
      "Height": 38,
      "C1_Height": 1,
      "Depth": 67,
      "C1_Depth": 1,
      "Demand": 2,
      "DemandMax": null,
      "Value": 254600,
      "CustomerId": 25,
      "Priority": 25,
      "Alpha": 2,
      "Beta": 2,
      "Density": 1509.946524,
      "Weight": 384.432385,
      "Stackable": 1
    },
    {
      "Length": 76,
      "C1_Length": 1,
      "Height": 41,
      "C1_Height": 1,
      "Depth": 59,
      "C1_Depth": 1,
      "Demand": 1,
      "DemandMax": null,
      "Value": 183844,
      "CustomerId": 43,
      "Priority": 43,
      "Alpha": 2,
      "Beta": 2,
      "Density": 1272.604937,
      "Weight": 233.960782,
      "Stackable": 1
    },
    {
      "Length": 114,
      "C1_Length": 1,
      "Height": 59,
      "C1_Height": 1,
      "Depth": 64,
      "C1_Depth": 1,
      "Demand": 1,
      "DemandMax": null,
      "Value": 430464,
      "CustomerId": 13,
      "Priority": 13,
      "Alpha": 2,
      "Beta": 2,
      "Density": 685.240039,
      "Weight": 294.971168,
      "Stackable": 1
    },
    {
      "Length": 91,
      "C1_Length": 0,
      "Height": 34,
      "C1_Height": 1,
      "Depth": 68,
      "C1_Depth": 0,
      "Demand": 1,
      "DemandMax": null,
      "Value": 210392,
      "CustomerId": 34,
      "Priority": 34,
      "Alpha": 2,
      "Beta": 2,
      "Density": 1097.299337,
      "Weight": 230.863002,
      "Stackable": 1
    },
    {
      "Length": 63,
      "C1_Length": 1,
      "Height": 57,
      "C1_Height": 1,
      "Depth": 57,
      "C1_Depth": 1,
      "Demand": 3,
      "DemandMax": null,
      "Value": 204687,
      "CustomerId": 38,
      "Priority": 38,
      "Alpha": 2,
      "Beta": 2,
      "Density": 1222.174736,
      "Weight": 250.16328,
      "Stackable": 1
    },
    {
      "Length": 93,
      "C1_Length": 0,
      "Height": 44,
      "C1_Height": 1,
      "Depth": 54,
      "C1_Depth": 1,
      "Demand": 1,
      "DemandMax": null,
      "Value": 220968,
      "CustomerId": 33,
      "Priority": 33,
      "Alpha": 2,
      "Beta": 2,
      "Density": 906.459872,
      "Weight": 200.298625,
      "Stackable": 1
    },
    {
      "Length": 99,
      "C1_Length": 0,
      "Height": 37,
      "C1_Height": 1,
      "Depth": 64,
      "C1_Depth": 1,
      "Demand": 1,
      "DemandMax": null,
      "Value": 234432,
      "CustomerId": 29,
      "Priority": 29,
      "Alpha": 2,
      "Beta": 2,
      "Density": 1428.954904,
      "Weight": 334.992756,
      "Stackable": 1
    },
    {
      "Length": 80,
      "C1_Length": 0,
      "Height": 34,
      "C1_Height": 1,
      "Depth": 63,
      "C1_Depth": 1,
      "Demand": 3,
      "DemandMax": null,
      "Value": 171360,
      "CustomerId": 46,
      "Priority": 46,
      "Alpha": 2,
      "Beta": 2,
      "Density": 1091.813268,
      "Weight": 187.093122,
      "Stackable": 1
    },
    {
      "Length": 50,
      "C1_Length": 1,
      "Height": 31,
      "C1_Height": 1,
      "Depth": 31,
      "C1_Depth": 1,
      "Demand": 1,
      "DemandMax": null,
      "Value": 48050,
      "CustomerId": 69,
      "Priority": 69,
      "Alpha": 2,
      "Beta": 2,
      "Density": 1688.245466,
      "Weight": 81.120195,
      "Stackable": 1
    },
    {
      "Length": 95,
      "C1_Length": 0,
      "Height": 39,
      "C1_Height": 1,
      "Depth": 74,
      "C1_Depth": 1,
      "Demand": 2,
      "DemandMax": null,
      "Value": 274170,
      "CustomerId": 21,
      "Priority": 21,
      "Alpha": 2,
      "Beta": 2,
      "Density": 1142.678331,
      "Weight": 313.288118,
      "Stackable": 1
    },
    {
      "Length": 78,
      "C1_Length": 1,
      "Height": 67,
      "C1_Height": 1,
      "Depth": 76,
      "C1_Depth": 1,
      "Demand": 2,
      "DemandMax": null,
      "Value": 397176,
      "CustomerId": 15,
      "Priority": 15,
      "Alpha": 2,
      "Beta": 2,
      "Density": 1585.549397,
      "Weight": 629.742167,
      "Stackable": 1
    },
    {
      "Length": 59,
      "C1_Length": 0,
      "Height": 28,
      "C1_Height": 1,
      "Depth": 46,
      "C1_Depth": 1,
      "Demand": 4,
      "DemandMax": null,
      "Value": 75992,
      "CustomerId": 61,
      "Priority": 61,
      "Alpha": 2,
      "Beta": 2,
      "Density": 1520.803781,
      "Weight": 115.568921,
      "Stackable": 1
    },
    {
      "Length": 85,
      "C1_Length": 1,
      "Height": 49,
      "C1_Height": 1,
      "Depth": 63,
      "C1_Depth": 1,
      "Demand": 1,
      "DemandMax": null,
      "Value": 262395,
      "CustomerId": 24,
      "Priority": 24,
      "Alpha": 2,
      "Beta": 2,
      "Density": 1067.665259,
      "Weight": 280.150026,
      "Stackable": 1
    },
    {
      "Length": 81,
      "C1_Length": 0,
      "Height": 26,
      "C1_Height": 1,
      "Depth": 32,
      "C1_Depth": 1,
      "Demand": 3,
      "DemandMax": null,
      "Value": 67392,
      "CustomerId": 64,
      "Priority": 64,
      "Alpha": 2,
      "Beta": 2,
      "Density": 1347.367734,
      "Weight": 90.801806,
      "Stackable": 1
    },
    {
      "Length": 111,
      "C1_Length": 0,
      "Height": 26,
      "C1_Height": 1,
      "Depth": 55,
      "C1_Depth": 0,
      "Demand": 2,
      "DemandMax": null,
      "Value": 158730,
      "CustomerId": 49,
      "Priority": 49,
      "Alpha": 2,
      "Beta": 2,
      "Density": 1265.578379,
      "Weight": 200.885256,
      "Stackable": 1
    },
    {
      "Length": 65,
      "C1_Length": 1,
      "Height": 34,
      "C1_Height": 1,
      "Depth": 37,
      "C1_Depth": 1,
      "Demand": 1,
      "DemandMax": null,
      "Value": 81770,
      "CustomerId": 59,
      "Priority": 59,
      "Alpha": 2,
      "Beta": 2,
      "Density": 851.51658,
      "Weight": 69.628511,
      "Stackable": 1
    },
    {
      "Length": 98,
      "C1_Length": 0,
      "Height": 20,
      "C1_Height": 1,
      "Depth": 52,
      "C1_Depth": 0,
      "Demand": 2,
      "DemandMax": null,
      "Value": 101920,
      "CustomerId": 57,
      "Priority": 57,
      "Alpha": 2,
      "Beta": 2,
      "Density": 1411.543785,
      "Weight": 143.864543,
      "Stackable": 1
    },
    {
      "Length": 84,
      "C1_Length": 1,
      "Height": 72,
      "C1_Height": 1,
      "Depth": 75,
      "C1_Depth": 1,
      "Demand": 1,
      "DemandMax": null,
      "Value": 453600,
      "CustomerId": 9,
      "Priority": 9,
      "Alpha": 2,
      "Beta": 2,
      "Density": 853.444715,
      "Weight": 387.122523,
      "Stackable": 1
    },
    {
      "Length": 89,
      "C1_Length": 1,
      "Height": 58,
      "C1_Height": 1,
      "Depth": 67,
      "C1_Depth": 1,
      "Demand": 3,
      "DemandMax": null,
      "Value": 345854,
      "CustomerId": 18,
      "Priority": 18,
      "Alpha": 2,
      "Beta": 2,
      "Density": 702.160435,
      "Weight": 242.844995,
      "Stackable": 1
    },
    {
      "Length": 97,
      "C1_Length": 0,
      "Height": 33,
      "C1_Height": 1,
      "Depth": 74,
      "C1_Depth": 0,
      "Demand": 2,
      "DemandMax": null,
      "Value": 236874,
      "CustomerId": 28,
      "Priority": 28,
      "Alpha": 2,
      "Beta": 2,
      "Density": 869.492849,
      "Weight": 205.960249,
      "Stackable": 1
    },
    {
      "Length": 76,
      "C1_Length": 1,
      "Height": 46,
      "C1_Height": 1,
      "Depth": 55,
      "C1_Depth": 1,
      "Demand": 2,
      "DemandMax": null,
      "Value": 192280,
      "CustomerId": 40,
      "Priority": 40,
      "Alpha": 2,
      "Beta": 2,
      "Density": 956.515768,
      "Weight": 183.918852,
      "Stackable": 1
    },
    {
      "Length": 41,
      "C1_Length": 1,
      "Height": 30,
      "C1_Height": 1,
      "Depth": 34,
      "C1_Depth": 1,
      "Demand": 2,
      "DemandMax": null,
      "Value": 41820,
      "CustomerId": 70,
      "Priority": 70,
      "Alpha": 2,
      "Beta": 2,
      "Density": 947.83559,
      "Weight": 39.638484,
      "Stackable": 1
    },
    {
      "Length": 78,
      "C1_Length": 1,
      "Height": 52,
      "C1_Height": 1,
      "Depth": 61,
      "C1_Depth": 1,
      "Demand": 1,
      "DemandMax": null,
      "Value": 247416,
      "CustomerId": 26,
      "Priority": 26,
      "Alpha": 2,
      "Beta": 2,
      "Density": 1033.207767,
      "Weight": 255.632133,
      "Stackable": 1
    },
    {
      "Length": 92,
      "C1_Length": 0,
      "Height": 43,
      "C1_Height": 1,
      "Depth": 47,
      "C1_Depth": 1,
      "Demand": 3,
      "DemandMax": null,
      "Value": 185932,
      "CustomerId": 42,
      "Priority": 42,
      "Alpha": 2,
      "Beta": 2,
      "Density": 851.46683,
      "Weight": 158.314931,
      "Stackable": 1
    },
    {
      "Length": 101,
      "C1_Length": 0,
      "Height": 33,
      "C1_Height": 1,
      "Depth": 58,
      "C1_Depth": 1,
      "Demand": 1,
      "DemandMax": null,
      "Value": 193314,
      "CustomerId": 39,
      "Priority": 39,
      "Alpha": 2,
      "Beta": 2,
      "Density": 1455.592103,
      "Weight": 281.386332,
      "Stackable": 1
    },
    {
      "Length": 99,
      "C1_Length": 0,
      "Height": 41,
      "C1_Height": 1,
      "Depth": 56,
      "C1_Depth": 1,
      "Demand": 1,
      "DemandMax": null,
      "Value": 227304,
      "CustomerId": 32,
      "Priority": 32,
      "Alpha": 2,
      "Beta": 2,
      "Density": 893.346238,
      "Weight": 203.061173,
      "Stackable": 1
    },
    {
      "Length": 45,
      "C1_Length": 1,
      "Height": 34,
      "C1_Height": 1,
      "Depth": 41,
      "C1_Depth": 1,
      "Demand": 2,
      "DemandMax": null,
      "Value": 62730,
      "CustomerId": 66,
      "Priority": 66,
      "Alpha": 2,
      "Beta": 2,
      "Density": 1144.994181,
      "Weight": 71.825485,
      "Stackable": 1
    },
    {
      "Length": 115,
      "C1_Length": 0,
      "Height": 50,
      "C1_Height": 1,
      "Depth": 79,
      "C1_Depth": 1,
      "Demand": 2,
      "DemandMax": null,
      "Value": 454250,
      "CustomerId": 8,
      "Priority": 8,
      "Alpha": 2,
      "Beta": 2,
      "Density": 1275.428788,
      "Weight": 579.363527,
      "Stackable": 1
    },
    {
      "Length": 68,
      "C1_Length": 1,
      "Height": 40,
      "C1_Height": 1,
      "Depth": 47,
      "C1_Depth": 1,
      "Demand": 2,
      "DemandMax": null,
      "Value": 127840,
      "CustomerId": 53,
      "Priority": 53,
      "Alpha": 2,
      "Beta": 2,
      "Density": 1322.659742,
      "Weight": 169.088821,
      "Stackable": 1
    },
    {
      "Length": 95,
      "C1_Length": 0,
      "Height": 42,
      "C1_Height": 1,
      "Depth": 92,
      "C1_Depth": 0,
      "Demand": 2,
      "DemandMax": null,
      "Value": 367080,
      "CustomerId": 17,
      "Priority": 17,
      "Alpha": 2,
      "Beta": 2,
      "Density": 1043.412088,
      "Weight": 383.015709,
      "Stackable": 1
    },
    {
      "Length": 92,
      "C1_Length": 1,
      "Height": 55,
      "C1_Height": 1,
      "Depth": 77,
      "C1_Depth": 1,
      "Demand": 1,
      "DemandMax": null,
      "Value": 389620,
      "CustomerId": 16,
      "Priority": 16,
      "Alpha": 2,
      "Beta": 2,
      "Density": 893.767034,
      "Weight": 348.229512,
      "Stackable": 1
    },
    {
      "Length": 55,
      "C1_Length": 1,
      "Height": 33,
      "C1_Height": 1,
      "Depth": 42,
      "C1_Depth": 1,
      "Demand": 1,
      "DemandMax": null,
      "Value": 76230,
      "CustomerId": 60,
      "Priority": 60,
      "Alpha": 2,
      "Beta": 2,
      "Density": 1331.271689,
      "Weight": 101.482841,
      "Stackable": 1
    },
    {
      "Length": 78,
      "C1_Length": 1,
      "Height": 50,
      "C1_Height": 1,
      "Depth": 53,
      "C1_Depth": 1,
      "Demand": 1,
      "DemandMax": null,
      "Value": 206700,
      "CustomerId": 36,
      "Priority": 36,
      "Alpha": 2,
      "Beta": 2,
      "Density": 1160.071104,
      "Weight": 239.786697,
      "Stackable": 1
    },
    {
      "Length": 112,
      "C1_Length": 0,
      "Height": 52,
      "C1_Height": 1,
      "Depth": 85,
      "C1_Depth": 1,
      "Demand": 2,
      "DemandMax": null,
      "Value": 495040,
      "CustomerId": 7,
      "Priority": 7,
      "Alpha": 2,
      "Beta": 2,
      "Density": 864.318531,
      "Weight": 427.872246,
      "Stackable": 1
    },
    {
      "Length": 53,
      "C1_Length": 1,
      "Height": 32,
      "C1_Height": 1,
      "Depth": 41,
      "C1_Depth": 1,
      "Demand": 1,
      "DemandMax": null,
      "Value": 69536,
      "CustomerId": 62,
      "Priority": 62,
      "Alpha": 2,
      "Beta": 2,
      "Density": 1117.672067,
      "Weight": 77.718445,
      "Stackable": 1
    },
    {
      "Length": 112,
      "C1_Length": 0,
      "Height": 40,
      "C1_Height": 1,
      "Depth": 68,
      "C1_Depth": 1,
      "Demand": 2,
      "DemandMax": null,
      "Value": 304640,
      "CustomerId": 19,
      "Priority": 19,
      "Alpha": 2,
      "Beta": 2,
      "Density": 1618.816211,
      "Weight": 493.15617,
      "Stackable": 1
    },
    {
      "Length": 96,
      "C1_Length": 0,
      "Height": 22,
      "C1_Height": 1,
      "Depth": 50,
      "C1_Depth": 0,
      "Demand": 1,
      "DemandMax": null,
      "Value": 105600,
      "CustomerId": 55,
      "Priority": 55,
      "Alpha": 2,
      "Beta": 2,
      "Density": 1054.876459,
      "Weight": 111.394954,
      "Stackable": 1
    },
    {
      "Length": 65,
      "C1_Length": 1,
      "Height": 49,
      "C1_Height": 1,
      "Depth": 65,
      "C1_Depth": 1,
      "Demand": 4,
      "DemandMax": null,
      "Value": 207025,
      "CustomerId": 35,
      "Priority": 35,
      "Alpha": 2,
      "Beta": 2,
      "Density": 1664.528149,
      "Weight": 344.59894,
      "Stackable": 1
    },
    {
      "Length": 58,
      "C1_Length": 1,
      "Height": 43,
      "C1_Height": 1,
      "Depth": 44,
      "C1_Depth": 1,
      "Demand": 2,
      "DemandMax": null,
      "Value": 109736,
      "CustomerId": 54,
      "Priority": 54,
      "Alpha": 2,
      "Beta": 2,
      "Density": 1100.719047,
      "Weight": 120.788505,
      "Stackable": 1
    },
    {
      "Length": 65,
      "C1_Length": 1,
      "Height": 40,
      "C1_Height": 1,
      "Depth": 53,
      "C1_Depth": 1,
      "Demand": 2,
      "DemandMax": null,
      "Value": 137800,
      "CustomerId": 51,
      "Priority": 51,
      "Alpha": 2,
      "Beta": 2,
      "Density": 1090.598243,
      "Weight": 150.284438,
      "Stackable": 1
    },
    {
      "Length": 101,
      "C1_Length": 1,
      "Height": 61,
      "C1_Height": 1,
      "Depth": 100,
      "C1_Depth": 1,
      "Demand": 2,
      "DemandMax": null,
      "Value": 616100,
      "CustomerId": 3,
      "Priority": 3,
      "Alpha": 2,
      "Beta": 2,
      "Density": 698.963991,
      "Weight": 430.631715,
      "Stackable": 1
    },
    {
      "Length": 112,
      "C1_Length": 1,
      "Height": 61,
      "C1_Height": 1,
      "Depth": 65,
      "C1_Depth": 1,
      "Demand": 1,
      "DemandMax": null,
      "Value": 444080,
      "CustomerId": 11,
      "Priority": 11,
      "Alpha": 2,
      "Beta": 2,
      "Density": 1008.697251,
      "Weight": 447.942275,
      "Stackable": 1
    },
    {
      "Length": 90,
      "C1_Length": 0,
      "Height": 44,
      "C1_Height": 1,
      "Depth": 60,
      "C1_Depth": 1,
      "Demand": 1,
      "DemandMax": null,
      "Value": 237600,
      "CustomerId": 27,
      "Priority": 27,
      "Alpha": 2,
      "Beta": 2,
      "Density": 1338.413146,
      "Weight": 318.006964,
      "Stackable": 1
    },
    {
      "Length": 118,
      "C1_Length": 1,
      "Height": 62,
      "C1_Height": 1,
      "Depth": 75,
      "C1_Depth": 1,
      "Demand": 2,
      "DemandMax": null,
      "Value": 548700,
      "CustomerId": 6,
      "Priority": 6,
      "Alpha": 2,
      "Beta": 2,
      "Density": 1255.18424,
      "Weight": 688.719593,
      "Stackable": 1
    },
    {
      "Length": 81,
      "C1_Length": 0,
      "Height": 33,
      "C1_Height": 1,
      "Depth": 71,
      "C1_Depth": 0,
      "Demand": 2,
      "DemandMax": null,
      "Value": 189783,
      "CustomerId": 41,
      "Priority": 41,
      "Alpha": 2,
      "Beta": 2,
      "Density": 1446.359011,
      "Weight": 274.494352,
      "Stackable": 1
    },
    {
      "Length": 120,
      "C1_Length": 0,
      "Height": 41,
      "C1_Height": 1,
      "Depth": 42,
      "C1_Depth": 1,
      "Demand": 1,
      "DemandMax": null,
      "Value": 206640,
      "CustomerId": 37,
      "Priority": 37,
      "Alpha": 2,
      "Beta": 2,
      "Density": 1351.094024,
      "Weight": 279.190069,
      "Stackable": 1
    },
    {
      "Length": 118,
      "C1_Length": 0,
      "Height": 35,
      "C1_Height": 1,
      "Depth": 42,
      "C1_Depth": 1,
      "Demand": 1,
      "DemandMax": null,
      "Value": 173460,
      "CustomerId": 44,
      "Priority": 44,
      "Alpha": 2,
      "Beta": 2,
      "Density": 1463.444854,
      "Weight": 253.849144,
      "Stackable": 1
    },
    {
      "Length": 42,
      "C1_Length": 1,
      "Height": 33,
      "C1_Height": 1,
      "Depth": 37,
      "C1_Depth": 1,
      "Demand": 1,
      "DemandMax": null,
      "Value": 51282,
      "CustomerId": 68,
      "Priority": 68,
      "Alpha": 2,
      "Beta": 2,
      "Density": 976.536797,
      "Weight": 50.07876,
      "Stackable": 1
    },
    {
      "Length": 74,
      "C1_Length": 1,
      "Height": 43,
      "C1_Height": 1,
      "Depth": 52,
      "C1_Depth": 1,
      "Demand": 2,
      "DemandMax": null,
      "Value": 165464,
      "CustomerId": 47,
      "Priority": 47,
      "Alpha": 2,
      "Beta": 2,
      "Density": 1449.367777,
      "Weight": 239.81819,
      "Stackable": 1
    },
    {
      "Length": 77,
      "C1_Length": 1,
      "Height": 44,
      "C1_Height": 1,
      "Depth": 68,
      "C1_Depth": 1,
      "Demand": 1,
      "DemandMax": null,
      "Value": 230384,
      "CustomerId": 31,
      "Priority": 31,
      "Alpha": 2,
      "Beta": 2,
      "Density": 1003.708795,
      "Weight": 231.238447,
      "Stackable": 1
    },
    {
      "Length": 74,
      "C1_Length": 0,
      "Height": 23,
      "C1_Height": 1,
      "Depth": 40,
      "C1_Depth": 1,
      "Demand": 2,
      "DemandMax": null,
      "Value": 68080,
      "CustomerId": 63,
      "Priority": 63,
      "Alpha": 2,
      "Beta": 2,
      "Density": 1350.698481,
      "Weight": 91.955553,
      "Stackable": 0
    },
    {
      "Length": 79,
      "C1_Length": 1,
      "Height": 46,
      "C1_Height": 1,
      "Depth": 78,
      "C1_Depth": 1,
      "Demand": 2,
      "DemandMax": null,
      "Value": 283452,
      "CustomerId": 20,
      "Priority": 20,
      "Alpha": 2,
      "Beta": 2,
      "Density": 1245.428819,
      "Weight": 353.01929,
      "Stackable": 1
    },
    {
      "Length": 81,
      "C1_Length": 0,
      "Height": 21,
      "C1_Height": 1,
      "Depth": 57,
      "C1_Depth": 0,
      "Demand": 3,
      "DemandMax": null,
      "Value": 96957,
      "CustomerId": 58,
      "Priority": 58,
      "Alpha": 2,
      "Beta": 2,
      "Density": 1040.079584,
      "Weight": 100.842996,
      "Stackable": 1
    },
    {
      "Length": 95,
      "C1_Length": 0,
      "Height": 26,
      "C1_Height": 1,
      "Depth": 66,
      "C1_Depth": 0,
      "Demand": 2,
      "DemandMax": null,
      "Value": 163020,
      "CustomerId": 48,
      "Priority": 48,
      "Alpha": 2,
      "Beta": 2,
      "Density": 1374.893721,
      "Weight": 224.135174,
      "Stackable": 1
    }
  ],
  "Modification": {
    "family": "BR-Modified",
    "seed": 123,
    "weight_model": "beta_density",
    "alpha": 2,
    "beta": 2,
    "Pmax_kg": 28200.0,
    "target_util": 0.8,
    "container_dims": {
      "L": 587,
      "W": 233,
      "H": 220
    },
    "Dc_kg_per_m3": 1171.500338,
    "Dcmin": 585.750169,
    "Dcmax": 1757.250507,
    "customer_rule": "per-type by volume desc; heavy -> higher customer_id/priority",
    "stackable_rule": "type-level Bernoulli(p_nonstackable=0.01)"
  }
}