{
  "Name": "98",
  "Objects": [
    {
      "Length": 587,
      "Height": 233,
      "Depth": 220,
      "Stock": null,
      "Cost": 30089620
    }
  ],
  "Items": [
    {
      "Length": 106,
      "C1_Length": 0,
      "Height": 38,
      "C1_Height": 1,
      "Depth": 55,
      "C1_Depth": 1,
      "Demand": 1,
      "DemandMax": null,
      "Value": 221540,
      "CustomerId": 25,
      "Priority": 25,
      "Alpha": 2,
      "Beta": 2,
      "Density": 953.882459,
      "Weight": 211.32312,
      "Stackable": 1
    },
    {
      "Length": 69,
      "C1_Length": 1,
      "Height": 48,
      "C1_Height": 1,
      "Depth": 50,
      "C1_Depth": 1,
      "Demand": 1,
      "DemandMax": null,
      "Value": 165600,
      "CustomerId": 34,
      "Priority": 34,
      "Alpha": 2,
      "Beta": 2,
      "Density": 1409.234527,
      "Weight": 233.369238,
      "Stackable": 1
    },
    {
      "Length": 106,
      "C1_Length": 1,
      "Height": 57,
      "C1_Height": 1,
      "Depth": 63,
      "C1_Depth": 1,
      "Demand": 2,
      "DemandMax": null,
      "Value": 380646,
      "CustomerId": 9,
      "Priority": 9,
      "Alpha": 2,
      "Beta": 2,
      "Density": 1174.923854,
      "Weight": 447.230065,
      "Stackable": 1
    },
    {
      "Length": 71,
      "C1_Length": 1,
      "Height": 51,
      "C1_Height": 1,
      "Depth": 66,
      "C1_Depth": 1,
      "Demand": 3,
      "DemandMax": null,
      "Value": 238986,
      "CustomerId": 19,
      "Priority": 19,
      "Alpha": 2,
      "Beta": 2,
      "Density": 758.00711,
      "Weight": 181.153087,
      "Stackable": 1
    },
    {
      "Length": 62,
      "C1_Length": 1,
      "Height": 36,
      "C1_Height": 1,
      "Depth": 41,
      "C1_Depth": 1,
      "Demand": 4,
      "DemandMax": null,
      "Value": 91512,
      "CustomerId": 58,
      "Priority": 58,
      "Alpha": 2,
      "Beta": 2,
      "Density": 1567.656961,
      "Weight": 143.459424,
      "Stackable": 1
    },
    {
      "Length": 75,
      "C1_Length": 1,
      "Height": 39,
      "C1_Height": 1,
      "Depth": 49,
      "C1_Depth": 1,
      "Demand": 3,
      "DemandMax": null,
      "Value": 143325,
      "CustomerId": 41,
      "Priority": 41,
      "Alpha": 2,
      "Beta": 2,
      "Density": 1606.100938,
      "Weight": 230.194417,
      "Stackable": 1
    },
    {
      "Length": 90,
      "C1_Length": 1,
      "Height": 53,
      "C1_Height": 1,
      "Depth": 64,
      "C1_Depth": 1,
      "Demand": 1,
      "DemandMax": null,
      "Value": 305280,
      "CustomerId": 14,
      "Priority": 14,
      "Alpha": 2,
      "Beta": 2,
      "Density": 1056.301042,
      "Weight": 322.467582,
      "Stackable": 1
    },
    {
      "Length": 96,
      "C1_Length": 1,
      "Height": 55,
      "C1_Height": 1,
      "Depth": 79,
      "C1_Depth": 1,
      "Demand": 2,
      "DemandMax": null,
      "Value": 417120,
      "CustomerId": 4,
      "Priority": 4,
      "Alpha": 2,
      "Beta": 2,
      "Density": 1633.490306,
      "Weight": 681.361476,
      "Stackable": 1
    },
    {
      "Length": 83,
      "C1_Length": 1,
      "Height": 67,
      "C1_Height": 1,
      "Depth": 75,
      "C1_Depth": 1,
      "Demand": 3,
      "DemandMax": null,
      "Value": 417075,
      "CustomerId": 5,
      "Priority": 5,
      "Alpha": 2,
      "Beta": 2,
      "Density": 1343.399713,
      "Weight": 560.298435,
      "Stackable": 1
    },
    {
      "Length": 58,
      "C1_Length": 1,
      "Height": 30,
      "C1_Height": 1,
      "Depth": 48,
      "C1_Depth": 1,
      "Demand": 1,
      "DemandMax": null,
      "Value": 83520,
      "CustomerId": 61,
      "Priority": 61,
      "Alpha": 2,
      "Beta": 2,
      "Density": 1143.689643,
      "Weight": 95.520959,
      "Stackable": 1
    },
    {
      "Length": 81,
      "C1_Length": 0,
      "Height": 24,
      "C1_Height": 1,
      "Depth": 59,
      "C1_Depth": 0,
      "Demand": 1,
      "DemandMax": null,
      "Value": 114696,
      "CustomerId": 50,
      "Priority": 50,
      "Alpha": 2,
      "Beta": 2,
      "Density": 1011.422231,
      "Weight": 116.006084,
      "Stackable": 1
    },
    {
      "Length": 71,
      "C1_Length": 1,
      "Height": 41,
      "C1_Height": 1,
      "Depth": 56,
      "C1_Depth": 1,
      "Demand": 1,
      "DemandMax": null,
      "Value": 163016,
      "CustomerId": 35,
      "Priority": 35,
      "Alpha": 2,
      "Beta": 2,
      "Density": 1124.071618,
      "Weight": 183.241659,
      "Stackable": 1
    },
    {
      "Length": 111,
      "C1_Length": 0,
      "Height": 40,
      "C1_Height": 1,
      "Depth": 76,
      "C1_Depth": 1,
      "Demand": 1,
      "DemandMax": null,
      "Value": 337440,
      "CustomerId": 12,
      "Priority": 12,
      "Alpha": 2,
      "Beta": 2,
      "Density": 1031.743462,
      "Weight": 348.151514,
      "Stackable": 1
    },
    {
      "Length": 113,
      "C1_Length": 0,
      "Height": 26,
      "C1_Height": 1,
      "Depth": 27,
      "C1_Depth": 1,
      "Demand": 1,
      "DemandMax": null,
      "Value": 79326,
      "CustomerId": 63,
      "Priority": 63,
      "Alpha": 2,
      "Beta": 2,
      "Density": 1509.878452,
      "Weight": 119.772618,
      "Stackable": 1
    },
    {
      "Length": 50,
      "C1_Length": 1,
      "Height": 36,
      "C1_Height": 1,
      "Depth": 41,
      "C1_Depth": 1,
      "Demand": 4,
      "DemandMax": null,
      "Value": 73800,
      "CustomerId": 65,
      "Priority": 65,
      "Alpha": 2,
      "Beta": 2,
      "Density": 1035.511704,
      "Weight": 76.420764,
      "Stackable": 1
    },
    {
      "Length": 57,
      "C1_Length": 1,
      "Height": 50,
      "C1_Height": 1,
      "Depth": 55,
      "C1_Depth": 1,
      "Demand": 3,
      "DemandMax": null,
      "Value": 156750,
      "CustomerId": 36,
      "Priority": 36,
      "Alpha": 2,
      "Beta": 2,
      "Density": 1456.230976,
      "Weight": 228.264205,
      "Stackable": 1
    },
    {
      "Length": 42,
      "C1_Length": 0,
      "Height": 21,
      "C1_Height": 1,
      "Depth": 25,
      "C1_Depth": 1,
      "Demand": 2,
      "DemandMax": null,
      "Value": 22050,
      "CustomerId": 70,
      "Priority": 70,
      "Alpha": 2,
      "Beta": 2,
      "Density": 1006.774541,
      "Weight": 22.199379,
      "Stackable": 1
    },
    {
      "Length": 115,
      "C1_Length": 0,
      "Height": 29,
      "C1_Height": 1,
      "Depth": 44,
      "C1_Depth": 1,
      "Demand": 2,
      "DemandMax": null,
      "Value": 146740,
      "CustomerId": 40,
      "Priority": 40,
      "Alpha": 2,
      "Beta": 2,
      "Density": 905.096455,
      "Weight": 132.813854,
      "Stackable": 1
    },
    {
      "Length": 78,
      "C1_Length": 1,
      "Height": 52,
      "C1_Height": 1,
      "Depth": 54,
      "C1_Depth": 1,
      "Demand": 2,
      "DemandMax": null,
      "Value": 219024,
      "CustomerId": 26,
      "Priority": 26,
      "Alpha": 2,
      "Beta": 2,
      "Density": 868.945052,
      "Weight": 190.319821,
      "Stackable": 1
    },
    {
      "Length": 87,
      "C1_Length": 0,
      "Height": 31,
      "C1_Height": 1,
      "Depth": 68,
      "C1_Depth": 0,
      "Demand": 4,
      "DemandMax": null,
      "Value": 183396,
      "CustomerId": 30,
      "Priority": 30,
      "Alpha": 2,
      "Beta": 2,
      "Density": 1358.687485,
      "Weight": 249.17785,
      "Stackable": 1
    },
    {
      "Length": 108,
      "C1_Length": 0,
      "Height": 37,
      "C1_Height": 1,
      "Depth": 87,
      "C1_Depth": 0,
      "Demand": 2,
      "DemandMax": null,
      "Value": 347652,
      "CustomerId": 11,
      "Priority": 11,
      "Alpha": 2,
      "Beta": 2,
      "Density": 958.911569,
      "Weight": 333.367525,
      "Stackable": 1
    },
    {
      "Length": 97,
      "C1_Length": 0,
      "Height": 27,
      "C1_Height": 1,
      "Depth": 28,
      "C1_Depth": 1,
      "Demand": 1,
      "DemandMax": null,
      "Value": 73332,
      "CustomerId": 66,
      "Priority": 66,
      "Alpha": 2,
      "Beta": 2,
      "Density": 1223.345448,
      "Weight": 89.710368,
      "Stackable": 1
    },
    {
      "Length": 79,
      "C1_Length": 1,
      "Height": 42,
      "C1_Height": 1,
      "Depth": 77,
      "C1_Depth": 1,
      "Demand": 2,
      "DemandMax": null,
      "Value": 255486,
      "CustomerId": 17,
      "Priority": 17,
      "Alpha": 2,
      "Beta": 2,
      "Density": 1516.434348,
      "Weight": 387.427746,
      "Stackable": 1
    },
    {
      "Length": 94,
      "C1_Length": 1,
      "Height": 51,
      "C1_Height": 1,
      "Depth": 82,
      "C1_Depth": 1,
      "Demand": 3,
      "DemandMax": null,
      "Value": 393108,
      "CustomerId": 6,
      "Priority": 6,
      "Alpha": 2,
      "Beta": 2,
      "Density": 1377.751054,
      "Weight": 541.604961,
      "Stackable": 1
    },
    {
      "Length": 113,
      "C1_Length": 1,
      "Height": 67,
      "C1_Height": 1,
      "Depth": 89,
      "C1_Depth": 1,
      "Demand": 1,
      "DemandMax": null,
      "Value": 673819,
      "CustomerId": 2,
      "Priority": 2,
      "Alpha": 2,
      "Beta": 2,
      "Density": 729.024976,
      "Weight": 491.23088,
      "Stackable": 1
    },
    {
      "Length": 93,
      "C1_Length": 0,
      "Height": 41,
      "C1_Height": 1,
      "Depth": 59,
      "C1_Depth": 1,
      "Demand": 2,
      "DemandMax": null,
      "Value": 224967,
      "CustomerId": 23,
      "Priority": 23,
      "Alpha": 2,
      "Beta": 2,
      "Density": 753.956804,
      "Weight": 169.6154,
      "Stackable": 1
    },
    {
      "Length": 67,
      "C1_Length": 1,
      "Height": 37,
      "C1_Height": 1,
      "Depth": 40,
      "C1_Depth": 1,
      "Demand": 6,
      "DemandMax": null,
      "Value": 99160,
      "CustomerId": 54,
      "Priority": 54,
      "Alpha": 2,
      "Beta": 2,
      "Density": 1093.359662,
      "Weight": 108.417544,
      "Stackable": 1
    },
    {
      "Length": 66,
      "C1_Length": 1,
      "Height": 44,
      "C1_Height": 1,
      "Depth": 51,
      "C1_Depth": 1,
      "Demand": 1,
      "DemandMax": null,
      "Value": 148104,
      "CustomerId": 39,
      "Priority": 39,
      "Alpha": 2,
      "Beta": 2,
      "Density": 1113.757732,
      "Weight": 164.951975,
      "Stackable": 1
    },
    {
      "Length": 75,
      "C1_Length": 0,
      "Height": 32,
      "C1_Height": 1,
      "Depth": 42,
      "C1_Depth": 1,
      "Demand": 1,
      "DemandMax": null,
      "Value": 100800,
      "CustomerId": 53,
      "Priority": 53,
      "Alpha": 2,
      "Beta": 2,
      "Density": 1485.774486,
      "Weight": 149.766068,
      "Stackable": 1
    },
    {
      "Length": 51,
      "C1_Length": 1,
      "Height": 40,
      "C1_Height": 1,
      "Depth": 46,
      "C1_Depth": 1,
      "Demand": 4,
      "DemandMax": null,
      "Value": 93840,
      "CustomerId": 56,
      "Priority": 56,
      "Alpha": 2,
      "Beta": 2,
      "Density": 1327.64255,
      "Weight": 124.585977,
      "Stackable": 1
    },
    {
      "Length": 96,
      "C1_Length": 0,
      "Height": 41,
      "C1_Height": 1,
      "Depth": 51,
      "C1_Depth": 1,
      "Demand": 3,
      "DemandMax": null,
      "Value": 200736,
      "CustomerId": 29,
      "Priority": 29,
      "Alpha": 2,
      "Beta": 2,
      "Density": 1253.13942,
      "Weight": 251.550195,
      "Stackable": 1
    },
    {
      "Length": 98,
      "C1_Length": 0,
      "Height": 24,
      "C1_Height": 1,
      "Depth": 32,
      "C1_Depth": 1,
      "Demand": 2,
      "DemandMax": null,
      "Value": 75264,
      "CustomerId": 64,
      "Priority": 64,
      "Alpha": 2,
      "Beta": 2,
      "Density": 1071.934164,
      "Weight": 80.678053,
      "Stackable": 1
    },
    {
      "Length": 91,
      "C1_Length": 1,
      "Height": 54,
      "C1_Height": 1,
      "Depth": 86,
      "C1_Depth": 1,
      "Demand": 2,
      "DemandMax": null,
      "Value": 422604,
      "CustomerId": 3,
      "Priority": 3,
      "Alpha": 2,
      "Beta": 2,
      "Density": 1143.060145,
      "Weight": 483.061789,
      "Stackable": 1
    },
    {
      "Length": 52,
      "C1_Length": 1,
      "Height": 30,
      "C1_Height": 1,
      "Depth": 52,
      "C1_Depth": 1,
      "Demand": 1,
      "DemandMax": null,
      "Value": 81120,
      "CustomerId": 62,
      "Priority": 62,
      "Alpha": 2,
      "Beta": 2,
      "Density": 953.276092,
      "Weight": 77.329757,
      "Stackable": 1
    },
    {
      "Length": 58,
      "C1_Length": 1,
      "Height": 36,
      "C1_Height": 1,
      "Depth": 51,
      "C1_Depth": 1,
      "Demand": 1,
      "DemandMax": null,
      "Value": 106488,
      "CustomerId": 51,
      "Priority": 51,
      "Alpha": 2,
      "Beta": 2,
      "Density": 943.218661,
      "Weight": 100.441469,
      "Stackable": 1
    },
    {
      "Length": 83,
      "C1_Length": 0,
      "Height": 41,
      "C1_Height": 1,
      "Depth": 45,
      "C1_Depth": 1,
      "Demand": 2,
      "DemandMax": null,
      "Value": 153135,
      "CustomerId": 38,
      "Priority": 38,
      "Alpha": 2,
      "Beta": 2,
      "Density": 1254.866605,
      "Weight": 192.163998,
      "Stackable": 1
    },
    {
      "Length": 116,
      "C1_Length": 0,
      "Height": 26,
      "C1_Height": 1,
      "Depth": 43,
      "C1_Depth": 1,
      "Demand": 5,
      "DemandMax": null,
      "Value": 129688,
      "CustomerId": 46,
      "Priority": 46,
      "Alpha": 2,
      "Beta": 2,
      "Density": 1494.863355,
      "Weight": 193.865839,
      "Stackable": 1
    },
    {
      "Length": 95,
      "C1_Length": 1,
      "Height": 57,
      "C1_Height": 1,
      "Depth": 71,
      "C1_Depth": 1,
      "Demand": 2,
      "DemandMax": null,
      "Value": 384465,
      "CustomerId": 8,
      "Priority": 8,
      "Alpha": 2,
      "Beta": 2,
      "Density": 1526.206506,
      "Weight": 586.772984,
      "Stackable": 1
    },
    {
      "Length": 98,
      "C1_Length": 0,
      "Height": 37,
      "C1_Height": 1,
      "Depth": 50,
      "C1_Depth": 1,
      "Demand": 2,
      "DemandMax": null,
      "Value": 181300,
      "CustomerId": 31,
      "Priority": 31,
      "Alpha": 2,
      "Beta": 2,
      "Density": 775.372666,
      "Weight": 140.575064,
      "Stackable": 1
    },
    {
      "Length": 71,
      "C1_Length": 1,
      "Height": 41,
      "C1_Height": 1,
      "Depth": 45,
      "C1_Depth": 1,
      "Demand": 2,
      "DemandMax": null,
      "Value": 130995,
      "CustomerId": 44,
      "Priority": 44,
      "Alpha": 2,
      "Beta": 2,
      "Density": 1084.528603,
      "Weight": 142.067824,
      "Stackable": 1
    },
    {
      "Length": 64,
      "C1_Length": 0,
      "Height": 31,
      "C1_Height": 1,
      "Depth": 49,
      "C1_Depth": 1,
      "Demand": 1,
      "DemandMax": null,
      "Value": 97216,
      "CustomerId": 55,
      "Priority": 55,
      "Alpha": 2,
      "Beta": 2,
      "Density": 977.844608,
      "Weight": 95.062141,
      "Stackable": 1
    },
    {
      "Length": 72,
      "C1_Length": 1,
      "Height": 52,
      "C1_Height": 1,
      "Depth": 63,
      "C1_Depth": 1,
      "Demand": 3,
      "DemandMax": null,
      "Value": 235872,
      "CustomerId": 20,
      "Priority": 20,
      "Alpha": 2,
      "Beta": 2,
      "Density": 1434.558583,
      "Weight": 338.372202,
      "Stackable": 1
    },
    {
      "Length": 113,
      "C1_Length": 0,
      "Height": 30,
      "C1_Height": 1,
      "Depth": 36,
      "C1_Depth": 1,
      "Demand": 2,
      "DemandMax": null,
      "Value": 122040,
      "CustomerId": 47,
      "Priority": 47,
      "Alpha": 2,
      "Beta": 2,
      "Density": 1027.167221,
      "Weight": 125.355488,
      "Stackable": 1
    },
    {
      "Length": 85,
      "C1_Length": 1,
      "Height": 66,
      "C1_Height": 1,
      "Depth": 70,
      "C1_Depth": 1,
      "Demand": 2,
      "DemandMax": null,
      "Value": 392700,
      "CustomerId": 7,
      "Priority": 7,
      "Alpha": 2,
      "Beta": 2,
      "Density": 756.033493,
      "Weight": 296.894353,
      "Stackable": 1
    },
    {
      "Length": 79,
      "C1_Length": 0,
      "Height": 32,
      "C1_Height": 1,
      "Depth": 40,
      "C1_Depth": 1,
      "Demand": 2,
      "DemandMax": null,
      "Value": 101120,
      "CustomerId": 52,
      "Priority": 52,
      "Alpha": 2,
      "Beta": 2,
      "Density": 1521.603956,
      "Weight": 153.864592,
      "Stackable": 1
    },
    {
      "Length": 96,
      "C1_Length": 0,
      "Height": 37,
      "C1_Height": 1,
      "Depth": 50,
      "C1_Depth": 1,
      "Demand": 2,
      "DemandMax": null,
      "Value": 177600,
      "CustomerId": 32,
      "Priority": 32,
      "Alpha": 2,
      "Beta": 2,
      "Density": 1083.291814,
      "Weight": 192.392626,
      "Stackable": 1
    },
    {
      "Length": 77,
      "C1_Length": 1,
      "Height": 49,
      "C1_Height": 1,
      "Depth": 69,
      "C1_Depth": 1,
      "Demand": 3,
      "DemandMax": null,
      "Value": 260337,
      "CustomerId": 16,
      "Priority": 16,
      "Alpha": 2,
      "Beta": 2,
      "Density": 839.164955,
      "Weight": 218.465687,
      "Stackable": 1
    },
    {
      "Length": 41,
      "C1_Length": 1,
      "Height": 22,
      "C1_Height": 1,
      "Depth": 31,
      "C1_Depth": 1,
      "Demand": 5,
      "DemandMax": null,
      "Value": 27962,
      "CustomerId": 69,
      "Priority": 69,
      "Alpha": 2,
      "Beta": 2,
      "Density": 1368.272422,
      "Weight": 38.259633,
      "Stackable": 1
    },
    {
      "Length": 87,
      "C1_Length": 0,
      "Height": 34,
      "C1_Height": 1,
      "Depth": 76,
      "C1_Depth": 0,
      "Demand": 4,
      "DemandMax": null,
      "Value": 224808,
      "CustomerId": 24,
      "Priority": 24,
      "Alpha": 2,
      "Beta": 2,
      "Density": 1416.943618,
      "Weight": 318.540261,
      "Stackable": 1
    },
    {
      "Length": 112,
      "C1_Length": 0,
      "Height": 33,
      "C1_Height": 1,
      "Depth": 80,
      "C1_Depth": 0,
      "Demand": 1,
      "DemandMax": null,
      "Value": 295680,
      "CustomerId": 15,
      "Priority": 15,
      "Alpha": 2,
      "Beta": 2,
      "Density": 886.078384,
      "Weight": 261.995656,
      "Stackable": 1
    },
    {
      "Length": 57,
      "C1_Length": 0,
      "Height": 20,
      "C1_Height": 1,
      "Depth": 52,
      "C1_Depth": 0,
      "Demand": 1,
      "DemandMax": null,
      "Value": 59280,
      "CustomerId": 67,
      "Priority": 67,
      "Alpha": 2,
      "Beta": 2,
      "Density": 784.652066,
      "Weight": 46.514174,
      "Stackable": 1
    },
    {
      "Length": 76,
      "C1_Length": 1,
      "Height": 45,
      "C1_Height": 1,
      "Depth": 61,
      "C1_Depth": 1,
      "Demand": 1,
      "DemandMax": null,
      "Value": 208620,
      "CustomerId": 28,
      "Priority": 28,
      "Alpha": 2,
      "Beta": 2,
      "Density": 1551.665558,
      "Weight": 323.708469,
      "Stackable": 1
    },
    {
      "Length": 114,
      "C1_Length": 0,
      "Height": 21,
      "C1_Height": 1,
      "Depth": 96,
      "C1_Depth": 0,
      "Demand": 2,
      "DemandMax": null,
      "Value": 229824,
      "CustomerId": 22,
      "Priority": 22,
      "Alpha": 2,
      "Beta": 2,
      "Density": 937.322101,
      "Weight": 215.419115,
      "Stackable": 1
    },
    {
      "Length": 71,
      "C1_Length": 1,
      "Height": 36,
      "C1_Height": 1,
      "Depth": 61,
      "C1_Depth": 1,
      "Demand": 3,
      "DemandMax": null,
      "Value": 155916,
      "CustomerId": 37,
      "Priority": 37,
      "Alpha": 2,
      "Beta": 2,
      "Density": 1331.739872,
      "Weight": 207.639554,
      "Stackable": 1
    },
    {
      "Length": 34,
      "C1_Length": 1,
      "Height": 26,
      "C1_Height": 1,
      "Depth": 34,
      "C1_Depth": 1,
      "Demand": 4,
      "DemandMax": null,
      "Value": 30056,
      "CustomerId": 68,
      "Priority": 68,
      "Alpha": 2,
      "Beta": 2,
      "Density": 1269.893934,
      "Weight": 38.167932,
      "Stackable": 1
    },
    {
      "Length": 99,
      "C1_Length": 0,
      "Height": 46,
      "C1_Height": 1,
      "Depth": 78,
      "C1_Depth": 1,
      "Demand": 1,
      "DemandMax": null,
      "Value": 355212,
      "CustomerId": 10,
      "Priority": 10,
      "Alpha": 2,
      "Beta": 2,
      "Density": 1035.076611,
      "Weight": 367.671633,
      "Stackable": 1
    },
    {
      "Length": 57,
      "C1_Length": 1,
      "Height": 38,
      "C1_Height": 1,
      "Depth": 42,
      "C1_Depth": 1,
      "Demand": 5,
      "DemandMax": null,
      "Value": 90972,
      "CustomerId": 59,
      "Priority": 59,
      "Alpha": 2,
      "Beta": 2,
      "Density": 1232.596104,
      "Weight": 112.131733,
      "Stackable": 1
    },
    {
      "Length": 97,
      "C1_Length": 0,
      "Height": 25,
      "C1_Height": 1,
      "Depth": 73,
      "C1_Depth": 0,
      "Demand": 2,
      "DemandMax": null,
      "Value": 177025,
      "CustomerId": 33,
      "Priority": 33,
      "Alpha": 2,
      "Beta": 2,
      "Density": 1518.476617,
      "Weight": 268.808323,
      "Stackable": 1
    },
    {
      "Length": 73,
      "C1_Length": 0,
      "Height": 30,
      "C1_Height": 1,
      "Depth": 40,
      "C1_Depth": 1,
      "Demand": 1,
      "DemandMax": null,
      "Value": 87600,
      "CustomerId": 60,
      "Priority": 60,
      "Alpha": 2,
      "Beta": 2,
      "Density": 1098.085729,
      "Weight": 96.19231,
      "Stackable": 1
    },
    {
      "Length": 83,
      "C1_Length": 0,
      "Height": 39,
      "C1_Height": 1,
      "Depth": 43,
      "C1_Depth": 1,
      "Demand": 2,
      "DemandMax": null,
      "Value": 139191,
      "CustomerId": 42,
      "Priority": 42,
      "Alpha": 2,
      "Beta": 2,
      "Density": 1201.837891,
      "Weight": 167.285018,
      "Stackable": 1
    },
    {
      "Length": 91,
      "C1_Length": 0,
      "Height": 29,
      "C1_Height": 1,
      "Depth": 82,
      "C1_Depth": 0,
      "Demand": 3,
      "DemandMax": null,
      "Value": 216398,
      "CustomerId": 27,
      "Priority": 27,
      "Alpha": 2,
      "Beta": 2,
      "Density": 1564.697921,
      "Weight": 338.597501,
      "Stackable": 1
    },
    {
      "Length": 93,
      "C1_Length": 0,
      "Height": 29,
      "C1_Height": 1,
      "Depth": 34,
      "C1_Depth": 1,
      "Demand": 1,
      "DemandMax": null,
      "Value": 91698,
      "CustomerId": 57,
      "Priority": 57,
      "Alpha": 2,
      "Beta": 2,
      "Density": 1354.750052,
      "Weight": 124.22787,
      "Stackable": 1
    },
    {
      "Length": 70,
      "C1_Length": 0,
      "Height": 35,
      "C1_Height": 1,
      "Depth": 49,
      "C1_Depth": 1,
      "Demand": 2,
      "DemandMax": null,
      "Value": 120050,
      "CustomerId": 48,
      "Priority": 48,
      "Alpha": 2,
      "Beta": 2,
      "Density": 723.059291,
      "Weight": 86.803268,
      "Stackable": 1
    },
    {
      "Length": 111,
      "C1_Length": 0,
      "Height": 23,
      "C1_Height": 1,
      "Depth": 47,
      "C1_Depth": 0,
      "Demand": 3,
      "DemandMax": null,
      "Value": 119991,
      "CustomerId": 49,
      "Priority": 49,
      "Alpha": 2,
      "Beta": 2,
      "Density": 1171.943058,
      "Weight": 140.622619,
      "Stackable": 1
    },
    {
      "Length": 108,
      "C1_Length": 1,
      "Height": 75,
      "C1_Height": 1,
      "Depth": 92,
      "C1_Depth": 1,
      "Demand": 2,
      "DemandMax": null,
      "Value": 745200,
      "CustomerId": 1,
      "Priority": 1,
      "Alpha": 2,
      "Beta": 2,
      "Density": 1191.060079,
      "Weight": 887.577971,
      "Stackable": 1
    },
    {
      "Length": 85,
      "C1_Length": 0,
      "Height": 40,
      "C1_Height": 1,
      "Depth": 73,
      "C1_Depth": 1,
      "Demand": 4,
      "DemandMax": null,
      "Value": 248200,
      "CustomerId": 18,
      "Priority": 18,
      "Alpha": 2,
      "Beta": 2,
      "Density": 1080.782702,
      "Weight": 268.250267,
      "Stackable": 1
    },
    {
      "Length": 57,
      "C1_Length": 1,
      "Height": 45,
      "C1_Height": 1,
      "Depth": 51,
      "C1_Depth": 1,
      "Demand": 2,
      "DemandMax": null,
      "Value": 130815,
      "CustomerId": 45,
      "Priority": 45,
      "Alpha": 2,
      "Beta": 2,
      "Density": 1549.90088,
      "Weight": 202.750284,
      "Stackable": 1
    },
    {
      "Length": 101,
      "C1_Length": 0,
      "Height": 49,
      "C1_Height": 1,
      "Depth": 67,
      "C1_Depth": 1,
      "Demand": 1,
      "DemandMax": null,
      "Value": 331583,
      "CustomerId": 13,
      "Priority": 13,
      "Alpha": 2,
      "Beta": 2,
      "Density": 1138.29563,
      "Weight": 377.43948,
      "Stackable": 1
    },
    {
      "Length": 94,
      "C1_Length": 0,
      "Height": 44,
      "C1_Height": 1,
      "Depth": 57,
      "C1_Depth": 1,
      "Demand": 4,
      "DemandMax": null,
      "Value": 235752,
      "CustomerId": 21,
      "Priority": 21,
      "Alpha": 2,
      "Beta": 2,
      "Density": 1476.444078,
      "Weight": 348.074644,
      "Stackable": 1
    },
    {
      "Length": 116,
      "C1_Length": 0,
      "Height": 21,
      "C1_Height": 1,
      "Depth": 54,
      "C1_Depth": 0,
      "Demand": 2,
      "DemandMax": null,
      "Value": 131544,
      "CustomerId": 43,
      "Priority": 43,
      "Alpha": 2,
      "Beta": 2,
      "Density": 1060.254861,
      "Weight": 139.470165,
      "Stackable": 0
    }
  ],
  "Modification": {
    "family": "BR-Modified",
    "seed": 123,
    "weight_model": "beta_density",
    "alpha": 2,
    "beta": 2,
    "Pmax_kg": 28200.0,
    "target_util": 0.8,
    "container_dims": {
      "L": 587,
      "W": 233,
      "H": 220
    },
    "Dc_kg_per_m3": 1171.500338,
    "Dcmin": 585.750169,
    "Dcmax": 1757.250507,
    "customer_rule": "per-type by volume desc; heavy -> higher customer_id/priority",
    "stackable_rule": "type-level Bernoulli(p_nonstackable=0.01)"
  }
}