{
  "Name": "1",
  "Objects": [
    {
      "Length": 587,
      "Height": 233,
      "Depth": 220,
      "Stock": null,
      "Cost": 30089620
    }
  ],
  "Items": [
    {
      "Length": 108,
      "C1_Length": 0,
      "Height": 30,
      "C1_Height": 1,
      "Depth": 76,
      "C1_Depth": 0,
      "Demand": 40,
      "DemandMax": null,
      "Value": 246240,
      "CustomerId": 2,
      "Priority": 2,
      "Alpha": 2,
      "Beta": 2,
      "Density": 984.533226,
      "Weight": 242.431462,
      "Stackable": 1
    },
    {
      "Length": 110,
      "C1_Length": 0,
      "Height": 25,
      "C1_Height": 1,
      "Depth": 43,
      "C1_Depth": 1,
      "Demand": 33,
      "DemandMax": null,
      "Value": 118250,
      "CustomerId": 3,
      "Priority": 3,
      "Alpha": 2,
      "Beta": 2,
      "Density": 1373.886095,
      "Weight": 162.462031,
      "Stackable": 1
    },
    {
      "Length": 92,
      "C1_Length": 1,
      "Height": 55,
      "C1_Height": 1,
      "Depth": 81,
      "C1_Depth": 1,
      "Demand": 39,
      "DemandMax": null,
      "Value": 409860,
      "CustomerId": 1,
      "Priority": 1,
      "Alpha": 2,
      "Beta": 2,
      "Density": 1638.39612,
      "Weight": 671.513034,
      "Stackable": 1
    }
  ],
  "Modification": {
    "family": "BR-Modified",
    "seed": 123,
    "weight_model": "beta_density",
    "alpha": 2,
    "beta": 2,
    "Pmax_kg": 28200.0,
    "target_util": 0.8,
    "container_dims": {
      "L": 587,
      "W": 233,
      "H": 220
    },
    "Dc_kg_per_m3": 1171.500338,
    "Dcmin": 585.750169,
    "Dcmax": 1757.250507,
    "customer_rule": "per-type by volume desc; heavy -> higher customer_id/priority",
    "stackable_rule": "type-level Bernoulli(p_nonstackable=0.01)"
  }
}