{
  "Name": "10",
  "Objects": [
    {
      "Length": 587,
      "Height": 233,
      "Depth": 220,
      "Stock": null,
      "Cost": 30089620
    }
  ],
  "Items": [
    {
      "Length": 68,
      "C1_Length": 0,
      "Height": 31,
      "C1_Height": 1,
      "Depth": 66,
      "C1_Depth": 0,
      "Demand": 44,
      "DemandMax": null,
      "Value": 139128,
      "CustomerId": 2,
      "Priority": 2,
      "Alpha": 2,
      "Beta": 2,
      "Density": 1264.531139,
      "Weight": 175.931688,
      "Stackable": 1
    },
    {
      "Length": 120,
      "C1_Length": 0,
      "Height": 26,
      "C1_Height": 1,
      "Depth": 34,
      "C1_Depth": 1,
      "Demand": 41,
      "DemandMax": null,
      "Value": 106080,
      "CustomerId": 3,
      "Priority": 3,
      "Alpha": 2,
      "Beta": 2,
      "Density": 1215.345375,
      "Weight": 128.923837,
      "Stackable": 1
    },
    {
      "Length": 95,
      "C1_Length": 1,
      "Height": 60,
      "C1_Height": 1,
      "Depth": 76,
      "C1_Depth": 1,
      "Demand": 45,
      "DemandMax": null,
      "Value": 433200,
      "CustomerId": 1,
      "Priority": 1,
      "Alpha": 2,
      "Beta": 2,
      "Density": 1358.910805,
      "Weight": 588.680161,
      "Stackable": 1
    }
  ],
  "Modification": {
    "family": "BR-Modified",
    "seed": 123,
    "weight_model": "beta_density",
    "alpha": 2,
    "beta": 2,
    "Pmax_kg": 28200.0,
    "target_util": 0.8,
    "container_dims": {
      "L": 587,
      "W": 233,
      "H": 220
    },
    "Dc_kg_per_m3": 1171.500338,
    "Dcmin": 585.750169,
    "Dcmax": 1757.250507,
    "customer_rule": "per-type by volume desc; heavy -> higher customer_id/priority",
    "stackable_rule": "type-level Bernoulli(p_nonstackable=0.01)"
  }
}