{
  "Name": "12",
  "Objects": [
    {
      "Length": 587,
      "Height": 233,
      "Depth": 220,
      "Stock": null,
      "Cost": 30089620
    }
  ],
  "Items": [
    {
      "Length": 95,
      "C1_Length": 1,
      "Height": 57,
      "C1_Height": 1,
      "Depth": 80,
      "C1_Depth": 1,
      "Demand": 38,
      "DemandMax": null,
      "Value": 433200,
      "CustomerId": 1,
      "Priority": 1,
      "Alpha": 2,
      "Beta": 2,
      "Density": 1417.477931,
      "Weight": 614.05144,
      "Stackable": 1
    },
    {
      "Length": 112,
      "C1_Length": 0,
      "Height": 23,
      "C1_Height": 1,
      "Depth": 87,
      "C1_Depth": 0,
      "Demand": 29,
      "DemandMax": null,
      "Value": 224112,
      "CustomerId": 2,
      "Priority": 2,
      "Alpha": 2,
      "Beta": 2,
      "Density": 1573.112157,
      "Weight": 352.553312,
      "Stackable": 1
    },
    {
      "Length": 116,
      "C1_Length": 0,
      "Height": 40,
      "C1_Height": 1,
      "Depth": 41,
      "C1_Depth": 1,
      "Demand": 37,
      "DemandMax": null,
      "Value": 190240,
      "CustomerId": 3,
      "Priority": 3,
      "Alpha": 2,
      "Beta": 2,
      "Density": 1335.831245,
      "Weight": 254.128536,
      "Stackable": 1
    }
  ],
  "Modification": {
    "family": "BR-Modified",
    "seed": 123,
    "weight_model": "beta_density",
    "alpha": 2,
    "beta": 2,
    "Pmax_kg": 28200.0,
    "target_util": 0.8,
    "container_dims": {
      "L": 587,
      "W": 233,
      "H": 220
    },
    "Dc_kg_per_m3": 1171.500338,
    "Dcmin": 585.750169,
    "Dcmax": 1757.250507,
    "customer_rule": "per-type by volume desc; heavy -> higher customer_id/priority",
    "stackable_rule": "type-level Bernoulli(p_nonstackable=0.01)"
  }
}