{
  "Name": "2",
  "Objects": [
    {
      "Length": 587,
      "Height": 233,
      "Depth": 220,
      "Stock": null,
      "Cost": 30089620
    }
  ],
  "Items": [
    {
      "Length": 49,
      "C1_Length": 0,
      "Height": 21,
      "C1_Height": 1,
      "Depth": 25,
      "C1_Depth": 1,
      "Demand": 41,
      "DemandMax": null,
      "Value": 25725,
      "CustomerId": 3,
      "Priority": 3,
      "Alpha": 2,
      "Beta": 2,
      "Density": 710.565559,
      "Weight": 18.279299,
      "Stackable": 1
    },
    {
      "Length": 60,
      "C1_Length": 1,
      "Height": 41,
      "C1_Height": 1,
      "Depth": 51,
      "C1_Depth": 1,
      "Demand": 53,
      "DemandMax": null,
      "Value": 125460,
      "CustomerId": 2,
      "Priority": 2,
      "Alpha": 2,
      "Beta": 2,
      "Density": 1062.050054,
      "Weight": 133.2448,
      "Stackable": 1
    },
    {
      "Length": 103,
      "C1_Length": 1,
      "Height": 64,
      "C1_Height": 1,
      "Depth": 76,
      "C1_Depth": 1,
      "Demand": 44,
      "DemandMax": null,
      "Value": 500992,
      "CustomerId": 1,
      "Priority": 1,
      "Alpha": 2,
      "Beta": 2,
      "Density": 695.712881,
      "Weight": 348.546588,
      "Stackable": 1
    }
  ],
  "Modification": {
    "family": "BR-Modified",
    "seed": 123,
    "weight_model": "beta_density",
    "alpha": 2,
    "beta": 2,
    "Pmax_kg": 28200.0,
    "target_util": 0.8,
    "container_dims": {
      "L": 587,
      "W": 233,
      "H": 220
    },
    "Dc_kg_per_m3": 1171.500338,
    "Dcmin": 585.750169,
    "Dcmax": 1757.250507,
    "customer_rule": "per-type by volume desc; heavy -> higher customer_id/priority",
    "stackable_rule": "type-level Bernoulli(p_nonstackable=0.01)"
  }
}