{
  "Name": "20",
  "Objects": [
    {
      "Length": 587,
      "Height": 233,
      "Depth": 220,
      "Stock": null,
      "Cost": 30089620
    }
  ],
  "Items": [
    {
      "Length": 97,
      "C1_Length": 1,
      "Height": 66,
      "C1_Height": 1,
      "Depth": 77,
      "C1_Depth": 1,
      "Demand": 28,
      "DemandMax": null,
      "Value": 492954,
      "CustomerId": 1,
      "Priority": 1,
      "Alpha": 2,
      "Beta": 2,
      "Density": 1375.002236,
      "Weight": 677.812852,
      "Stackable": 1
    },
    {
      "Length": 81,
      "C1_Length": 1,
      "Height": 69,
      "C1_Height": 1,
      "Depth": 69,
      "C1_Depth": 1,
      "Demand": 32,
      "DemandMax": null,
      "Value": 385641,
      "CustomerId": 2,
      "Priority": 2,
      "Alpha": 2,
      "Beta": 2,
      "Density": 1621.113133,
      "Weight": 625.16769,
      "Stackable": 1
    },
    {
      "Length": 109,
      "C1_Length": 0,
      "Height": 24,
      "C1_Height": 1,
      "Depth": 53,
      "C1_Depth": 0,
      "Demand": 28,
      "DemandMax": null,
      "Value": 138648,
      "CustomerId": 3,
      "Priority": 3,
      "Alpha": 2,
      "Beta": 2,
      "Density": 1404.270371,
      "Weight": 194.699278,
      "Stackable": 1
    }
  ],
  "Modification": {
    "family": "BR-Modified",
    "seed": 123,
    "weight_model": "beta_density",
    "alpha": 2,
    "beta": 2,
    "Pmax_kg": 28200.0,
    "target_util": 0.8,
    "container_dims": {
      "L": 587,
      "W": 233,
      "H": 220
    },
    "Dc_kg_per_m3": 1171.500338,
    "Dcmin": 585.750169,
    "Dcmax": 1757.250507,
    "customer_rule": "per-type by volume desc; heavy -> higher customer_id/priority",
    "stackable_rule": "type-level Bernoulli(p_nonstackable=0.01)"
  }
}