{
  "Name": "22",
  "Objects": [
    {
      "Length": 587,
      "Height": 233,
      "Depth": 220,
      "Stock": null,
      "Cost": 30089620
    }
  ],
  "Items": [
    {
      "Length": 89,
      "C1_Length": 1,
      "Height": 50,
      "C1_Height": 1,
      "Depth": 78,
      "C1_Depth": 1,
      "Demand": 29,
      "DemandMax": null,
      "Value": 347100,
      "CustomerId": 1,
      "Priority": 1,
      "Alpha": 2,
      "Beta": 2,
      "Density": 1413.351796,
      "Weight": 490.574408,
      "Stackable": 1
    },
    {
      "Length": 73,
      "C1_Length": 1,
      "Height": 46,
      "C1_Height": 1,
      "Depth": 65,
      "C1_Depth": 1,
      "Demand": 51,
      "DemandMax": null,
      "Value": 218270,
      "CustomerId": 3,
      "Priority": 3,
      "Alpha": 2,
      "Beta": 2,
      "Density": 781.197771,
      "Weight": 170.512037,
      "Stackable": 1
    },
    {
      "Length": 94,
      "C1_Length": 0,
      "Height": 39,
      "C1_Height": 1,
      "Depth": 66,
      "C1_Depth": 1,
      "Demand": 36,
      "DemandMax": null,
      "Value": 241956,
      "CustomerId": 2,
      "Priority": 2,
      "Alpha": 2,
      "Beta": 2,
      "Density": 973.700668,
      "Weight": 235.592719,
      "Stackable": 1
    }
  ],
  "Modification": {
    "family": "BR-Modified",
    "seed": 123,
    "weight_model": "beta_density",
    "alpha": 2,
    "beta": 2,
    "Pmax_kg": 28200.0,
    "target_util": 0.8,
    "container_dims": {
      "L": 587,
      "W": 233,
      "H": 220
    },
    "Dc_kg_per_m3": 1171.500338,
    "Dcmin": 585.750169,
    "Dcmax": 1757.250507,
    "customer_rule": "per-type by volume desc; heavy -> higher customer_id/priority",
    "stackable_rule": "type-level Bernoulli(p_nonstackable=0.01)"
  }
}