{
  "Name": "31",
  "Objects": [
    {
      "Length": 587,
      "Height": 233,
      "Depth": 220,
      "Stock": null,
      "Cost": 30089620
    }
  ],
  "Items": [
    {
      "Length": 70,
      "C1_Length": 1,
      "Height": 49,
      "C1_Height": 1,
      "Depth": 63,
      "C1_Depth": 1,
      "Demand": 45,
      "DemandMax": null,
      "Value": 216090,
      "CustomerId": 3,
      "Priority": 3,
      "Alpha": 2,
      "Beta": 2,
      "Density": 1452.453907,
      "Weight": 313.860765,
      "Stackable": 1
    },
    {
      "Length": 84,
      "C1_Length": 1,
      "Height": 49,
      "C1_Height": 1,
      "Depth": 54,
      "C1_Depth": 1,
      "Demand": 42,
      "DemandMax": null,
      "Value": 222264,
      "CustomerId": 2,
      "Priority": 2,
      "Alpha": 2,
      "Beta": 2,
      "Density": 842.888538,
      "Weight": 187.343778,
      "Stackable": 1
    },
    {
      "Length": 89,
      "C1_Length": 0,
      "Height": 42,
      "C1_Height": 1,
      "Depth": 70,
      "C1_Depth": 1,
      "Demand": 42,
      "DemandMax": null,
      "Value": 261660,
      "CustomerId": 1,
      "Priority": 1,
      "Alpha": 2,
      "Beta": 2,
      "Density": 1101.123828,
      "Weight": 288.120061,
      "Stackable": 1
    }
  ],
  "Modification": {
    "family": "BR-Modified",
    "seed": 123,
    "weight_model": "beta_density",
    "alpha": 2,
    "beta": 2,
    "Pmax_kg": 28200.0,
    "target_util": 0.8,
    "container_dims": {
      "L": 587,
      "W": 233,
      "H": 220
    },
    "Dc_kg_per_m3": 1171.500338,
    "Dcmin": 585.750169,
    "Dcmax": 1757.250507,
    "customer_rule": "per-type by volume desc; heavy -> higher customer_id/priority",
    "stackable_rule": "type-level Bernoulli(p_nonstackable=0.01)"
  }
}