{
  "Name": "42",
  "Objects": [
    {
      "Length": 587,
      "Height": 233,
      "Depth": 220,
      "Stock": null,
      "Cost": 30089620
    }
  ],
  "Items": [
    {
      "Length": 76,
      "C1_Length": 1,
      "Height": 50,
      "C1_Height": 1,
      "Depth": 74,
      "C1_Depth": 1,
      "Demand": 50,
      "DemandMax": null,
      "Value": 281200,
      "CustomerId": 1,
      "Priority": 1,
      "Alpha": 2,
      "Beta": 2,
      "Density": 650.195332,
      "Weight": 182.834927,
      "Stackable": 1
    },
    {
      "Length": 86,
      "C1_Length": 0,
      "Height": 29,
      "C1_Height": 1,
      "Depth": 40,
      "C1_Depth": 1,
      "Demand": 61,
      "DemandMax": null,
      "Value": 99760,
      "CustomerId": 3,
      "Priority": 3,
      "Alpha": 2,
      "Beta": 2,
      "Density": 811.149081,
      "Weight": 80.920232,
      "Stackable": 1
    },
    {
      "Length": 66,
      "C1_Length": 1,
      "Height": 48,
      "C1_Height": 1,
      "Depth": 55,
      "C1_Depth": 1,
      "Demand": 57,
      "DemandMax": null,
      "Value": 174240,
      "CustomerId": 2,
      "Priority": 2,
      "Alpha": 2,
      "Beta": 2,
      "Density": 1020.708227,
      "Weight": 177.848202,
      "Stackable": 1
    }
  ],
  "Modification": {
    "family": "BR-Modified",
    "seed": 123,
    "weight_model": "beta_density",
    "alpha": 2,
    "beta": 2,
    "Pmax_kg": 28200.0,
    "target_util": 0.8,
    "container_dims": {
      "L": 587,
      "W": 233,
      "H": 220
    },
    "Dc_kg_per_m3": 1171.500338,
    "Dcmin": 585.750169,
    "Dcmax": 1757.250507,
    "customer_rule": "per-type by volume desc; heavy -> higher customer_id/priority",
    "stackable_rule": "type-level Bernoulli(p_nonstackable=0.01)"
  }
}