{
  "Name": "46",
  "Objects": [
    {
      "Length": 587,
      "Height": 233,
      "Depth": 220,
      "Stock": null,
      "Cost": 30089620
    }
  ],
  "Items": [
    {
      "Length": 86,
      "C1_Length": 0,
      "Height": 36,
      "C1_Height": 1,
      "Depth": 58,
      "C1_Depth": 1,
      "Demand": 37,
      "DemandMax": null,
      "Value": 179568,
      "CustomerId": 2,
      "Priority": 2,
      "Alpha": 2,
      "Beta": 2,
      "Density": 962.796988,
      "Weight": 172.88753,
      "Stackable": 1
    },
    {
      "Length": 71,
      "C1_Length": 0,
      "Height": 22,
      "C1_Height": 1,
      "Depth": 69,
      "C1_Depth": 0,
      "Demand": 37,
      "DemandMax": null,
      "Value": 107778,
      "CustomerId": 3,
      "Priority": 3,
      "Alpha": 2,
      "Beta": 2,
      "Density": 986.296825,
      "Weight": 106.301099,
      "Stackable": 1
    },
    {
      "Length": 108,
      "C1_Length": 0,
      "Height": 54,
      "C1_Height": 1,
      "Depth": 78,
      "C1_Depth": 1,
      "Demand": 42,
      "DemandMax": null,
      "Value": 454896,
      "CustomerId": 1,
      "Priority": 1,
      "Alpha": 2,
      "Beta": 2,
      "Density": 1521.892913,
      "Weight": 692.302999,
      "Stackable": 1
    }
  ],
  "Modification": {
    "family": "BR-Modified",
    "seed": 123,
    "weight_model": "beta_density",
    "alpha": 2,
    "beta": 2,
    "Pmax_kg": 28200.0,
    "target_util": 0.8,
    "container_dims": {
      "L": 587,
      "W": 233,
      "H": 220
    },
    "Dc_kg_per_m3": 1171.500338,
    "Dcmin": 585.750169,
    "Dcmax": 1757.250507,
    "customer_rule": "per-type by volume desc; heavy -> higher customer_id/priority",
    "stackable_rule": "type-level Bernoulli(p_nonstackable=0.01)"
  }
}