{
  "Name": "54",
  "Objects": [
    {
      "Length": 587,
      "Height": 233,
      "Depth": 220,
      "Stock": null,
      "Cost": 30089620
    }
  ],
  "Items": [
    {
      "Length": 99,
      "C1_Length": 0,
      "Height": 23,
      "C1_Height": 1,
      "Depth": 68,
      "C1_Depth": 0,
      "Demand": 54,
      "DemandMax": null,
      "Value": 154836,
      "CustomerId": 2,
      "Priority": 2,
      "Alpha": 2,
      "Beta": 2,
      "Density": 1149.798284,
      "Weight": 178.030167,
      "Stackable": 1
    },
    {
      "Length": 68,
      "C1_Length": 1,
      "Height": 40,
      "C1_Height": 1,
      "Depth": 52,
      "C1_Depth": 1,
      "Demand": 53,
      "DemandMax": null,
      "Value": 141440,
      "CustomerId": 3,
      "Priority": 3,
      "Alpha": 2,
      "Beta": 2,
      "Density": 1457.703183,
      "Weight": 206.177538,
      "Stackable": 1
    },
    {
      "Length": 101,
      "C1_Length": 1,
      "Height": 61,
      "C1_Height": 1,
      "Depth": 66,
      "C1_Depth": 1,
      "Demand": 35,
      "DemandMax": null,
      "Value": 406626,
      "CustomerId": 1,
      "Priority": 1,
      "Alpha": 2,
      "Beta": 2,
      "Density": 1090.543024,
      "Weight": 443.443148,
      "Stackable": 1
    }
  ],
  "Modification": {
    "family": "BR-Modified",
    "seed": 123,
    "weight_model": "beta_density",
    "alpha": 2,
    "beta": 2,
    "Pmax_kg": 28200.0,
    "target_util": 0.8,
    "container_dims": {
      "L": 587,
      "W": 233,
      "H": 220
    },
    "Dc_kg_per_m3": 1171.500338,
    "Dcmin": 585.750169,
    "Dcmax": 1757.250507,
    "customer_rule": "per-type by volume desc; heavy -> higher customer_id/priority",
    "stackable_rule": "type-level Bernoulli(p_nonstackable=0.01)"
  }
}