{
  "Name": "59",
  "Objects": [
    {
      "Length": 587,
      "Height": 233,
      "Depth": 220,
      "Stock": null,
      "Cost": 30089620
    }
  ],
  "Items": [
    {
      "Length": 76,
      "C1_Length": 1,
      "Height": 46,
      "C1_Height": 1,
      "Depth": 52,
      "C1_Depth": 1,
      "Demand": 74,
      "DemandMax": null,
      "Value": 181792,
      "CustomerId": 1,
      "Priority": 1,
      "Alpha": 2,
      "Beta": 2,
      "Density": 1298.723052,
      "Weight": 236.097461,
      "Stackable": 1
    },
    {
      "Length": 66,
      "C1_Length": 0,
      "Height": 31,
      "C1_Height": 1,
      "Depth": 59,
      "C1_Depth": 1,
      "Demand": 52,
      "DemandMax": null,
      "Value": 120714,
      "CustomerId": 3,
      "Priority": 3,
      "Alpha": 2,
      "Beta": 2,
      "Density": 1352.809677,
      "Weight": 163.303067,
      "Stackable": 0
    },
    {
      "Length": 62,
      "C1_Length": 1,
      "Height": 44,
      "C1_Height": 1,
      "Depth": 55,
      "C1_Depth": 1,
      "Demand": 69,
      "DemandMax": null,
      "Value": 150040,
      "CustomerId": 2,
      "Priority": 2,
      "Alpha": 2,
      "Beta": 2,
      "Density": 759.763827,
      "Weight": 113.994965,
      "Stackable": 1
    }
  ],
  "Modification": {
    "family": "BR-Modified",
    "seed": 123,
    "weight_model": "beta_density",
    "alpha": 2,
    "beta": 2,
    "Pmax_kg": 28200.0,
    "target_util": 0.8,
    "container_dims": {
      "L": 587,
      "W": 233,
      "H": 220
    },
    "Dc_kg_per_m3": 1171.500338,
    "Dcmin": 585.750169,
    "Dcmax": 1757.250507,
    "customer_rule": "per-type by volume desc; heavy -> higher customer_id/priority",
    "stackable_rule": "type-level Bernoulli(p_nonstackable=0.01)"
  }
}