{
  "Name": "68",
  "Objects": [
    {
      "Length": 587,
      "Height": 233,
      "Depth": 220,
      "Stock": null,
      "Cost": 30089620
    }
  ],
  "Items": [
    {
      "Length": 60,
      "C1_Length": 1,
      "Height": 36,
      "C1_Height": 1,
      "Depth": 44,
      "C1_Depth": 1,
      "Demand": 74,
      "DemandMax": null,
      "Value": 95040,
      "CustomerId": 3,
      "Priority": 3,
      "Alpha": 2,
      "Beta": 2,
      "Density": 1080.903198,
      "Weight": 102.72904,
      "Stackable": 1
    },
    {
      "Length": 76,
      "C1_Length": 1,
      "Height": 40,
      "C1_Height": 1,
      "Depth": 42,
      "C1_Depth": 1,
      "Demand": 81,
      "DemandMax": null,
      "Value": 127680,
      "CustomerId": 2,
      "Priority": 2,
      "Alpha": 2,
      "Beta": 2,
      "Density": 1468.349106,
      "Weight": 187.478814,
      "Stackable": 1
    },
    {
      "Length": 65,
      "C1_Length": 1,
      "Height": 48,
      "C1_Height": 1,
      "Depth": 49,
      "C1_Depth": 1,
      "Demand": 83,
      "DemandMax": null,
      "Value": 152880,
      "CustomerId": 1,
      "Priority": 1,
      "Alpha": 2,
      "Beta": 2,
      "Density": 868.179758,
      "Weight": 132.727321,
      "Stackable": 1
    }
  ],
  "Modification": {
    "family": "BR-Modified",
    "seed": 123,
    "weight_model": "beta_density",
    "alpha": 2,
    "beta": 2,
    "Pmax_kg": 28200.0,
    "target_util": 0.8,
    "container_dims": {
      "L": 587,
      "W": 233,
      "H": 220
    },
    "Dc_kg_per_m3": 1171.500338,
    "Dcmin": 585.750169,
    "Dcmax": 1757.250507,
    "customer_rule": "per-type by volume desc; heavy -> higher customer_id/priority",
    "stackable_rule": "type-level Bernoulli(p_nonstackable=0.01)"
  }
}