{
  "Name": "7",
  "Objects": [
    {
      "Length": 587,
      "Height": 233,
      "Depth": 220,
      "Stock": null,
      "Cost": 30089620
    }
  ],
  "Items": [
    {
      "Length": 118,
      "C1_Length": 0,
      "Height": 51,
      "C1_Height": 1,
      "Depth": 79,
      "C1_Depth": 1,
      "Demand": 37,
      "DemandMax": null,
      "Value": 475422,
      "CustomerId": 1,
      "Priority": 1,
      "Alpha": 2,
      "Beta": 2,
      "Density": 926.710166,
      "Weight": 440.5784,
      "Stackable": 1
    },
    {
      "Length": 86,
      "C1_Length": 0,
      "Height": 31,
      "C1_Height": 1,
      "Depth": 32,
      "C1_Depth": 1,
      "Demand": 44,
      "DemandMax": null,
      "Value": 85312,
      "CustomerId": 3,
      "Priority": 3,
      "Alpha": 2,
      "Beta": 2,
      "Density": 964.955415,
      "Weight": 82.322276,
      "Stackable": 1
    },
    {
      "Length": 64,
      "C1_Length": 1,
      "Height": 52,
      "C1_Height": 1,
      "Depth": 58,
      "C1_Depth": 1,
      "Demand": 45,
      "DemandMax": null,
      "Value": 193024,
      "CustomerId": 2,
      "Priority": 2,
      "Alpha": 2,
      "Beta": 2,
      "Density": 926.194933,
      "Weight": 178.777851,
      "Stackable": 1
    }
  ],
  "Modification": {
    "family": "BR-Modified",
    "seed": 123,
    "weight_model": "beta_density",
    "alpha": 2,
    "beta": 2,
    "Pmax_kg": 28200.0,
    "target_util": 0.8,
    "container_dims": {
      "L": 587,
      "W": 233,
      "H": 220
    },
    "Dc_kg_per_m3": 1171.500338,
    "Dcmin": 585.750169,
    "Dcmax": 1757.250507,
    "customer_rule": "per-type by volume desc; heavy -> higher customer_id/priority",
    "stackable_rule": "type-level Bernoulli(p_nonstackable=0.01)"
  }
}