{
  "Name": "70",
  "Objects": [
    {
      "Length": 587,
      "Height": 233,
      "Depth": 220,
      "Stock": null,
      "Cost": 30089620
    }
  ],
  "Items": [
    {
      "Length": 56,
      "C1_Length": 0,
      "Height": 28,
      "C1_Height": 1,
      "Depth": 32,
      "C1_Depth": 1,
      "Demand": 46,
      "DemandMax": null,
      "Value": 50176,
      "CustomerId": 3,
      "Priority": 3,
      "Alpha": 2,
      "Beta": 2,
      "Density": 902.513414,
      "Weight": 45.284513,
      "Stackable": 1
    },
    {
      "Length": 92,
      "C1_Length": 0,
      "Height": 39,
      "C1_Height": 1,
      "Depth": 68,
      "C1_Depth": 1,
      "Demand": 69,
      "DemandMax": null,
      "Value": 243984,
      "CustomerId": 1,
      "Priority": 1,
      "Alpha": 2,
      "Beta": 2,
      "Density": 1105.972044,
      "Weight": 269.839483,
      "Stackable": 1
    },
    {
      "Length": 90,
      "C1_Length": 0,
      "Height": 29,
      "C1_Height": 1,
      "Depth": 86,
      "C1_Depth": 0,
      "Demand": 48,
      "DemandMax": null,
      "Value": 224460,
      "CustomerId": 2,
      "Priority": 2,
      "Alpha": 2,
      "Beta": 2,
      "Density": 1023.524888,
      "Weight": 229.740396,
      "Stackable": 1
    }
  ],
  "Modification": {
    "family": "BR-Modified",
    "seed": 123,
    "weight_model": "beta_density",
    "alpha": 2,
    "beta": 2,
    "Pmax_kg": 28200.0,
    "target_util": 0.8,
    "container_dims": {
      "L": 587,
      "W": 233,
      "H": 220
    },
    "Dc_kg_per_m3": 1171.500338,
    "Dcmin": 585.750169,
    "Dcmax": 1757.250507,
    "customer_rule": "per-type by volume desc; heavy -> higher customer_id/priority",
    "stackable_rule": "type-level Bernoulli(p_nonstackable=0.01)"
  }
}