{
  "Name": "72",
  "Objects": [
    {
      "Length": 587,
      "Height": 233,
      "Depth": 220,
      "Stock": null,
      "Cost": 30089620
    }
  ],
  "Items": [
    {
      "Length": 96,
      "C1_Length": 1,
      "Height": 68,
      "C1_Height": 1,
      "Depth": 95,
      "C1_Depth": 1,
      "Demand": 28,
      "DemandMax": null,
      "Value": 620160,
      "CustomerId": 1,
      "Priority": 1,
      "Alpha": 2,
      "Beta": 2,
      "Density": 1512.692127,
      "Weight": 938.111149,
      "Stackable": 1
    },
    {
      "Length": 69,
      "C1_Length": 1,
      "Height": 35,
      "C1_Height": 1,
      "Depth": 61,
      "C1_Depth": 1,
      "Demand": 24,
      "DemandMax": null,
      "Value": 147315,
      "CustomerId": 3,
      "Priority": 3,
      "Alpha": 2,
      "Beta": 2,
      "Density": 1338.074993,
      "Weight": 197.118518,
      "Stackable": 1
    },
    {
      "Length": 107,
      "C1_Length": 1,
      "Height": 55,
      "C1_Height": 1,
      "Depth": 70,
      "C1_Depth": 1,
      "Demand": 22,
      "DemandMax": null,
      "Value": 411950,
      "CustomerId": 2,
      "Priority": 2,
      "Alpha": 2,
      "Beta": 2,
      "Density": 1182.441083,
      "Weight": 487.106604,
      "Stackable": 1
    }
  ],
  "Modification": {
    "family": "BR-Modified",
    "seed": 123,
    "weight_model": "beta_density",
    "alpha": 2,
    "beta": 2,
    "Pmax_kg": 28200.0,
    "target_util": 0.8,
    "container_dims": {
      "L": 587,
      "W": 233,
      "H": 220
    },
    "Dc_kg_per_m3": 1171.500338,
    "Dcmin": 585.750169,
    "Dcmax": 1757.250507,
    "customer_rule": "per-type by volume desc; heavy -> higher customer_id/priority",
    "stackable_rule": "type-level Bernoulli(p_nonstackable=0.01)"
  }
}