{
  "Name": "79",
  "Objects": [
    {
      "Length": 587,
      "Height": 233,
      "Depth": 220,
      "Stock": null,
      "Cost": 30089620
    }
  ],
  "Items": [
    {
      "Length": 64,
      "C1_Length": 1,
      "Height": 46,
      "C1_Height": 1,
      "Depth": 48,
      "C1_Depth": 1,
      "Demand": 79,
      "DemandMax": null,
      "Value": 141312,
      "CustomerId": 2,
      "Priority": 2,
      "Alpha": 2,
      "Beta": 2,
      "Density": 1105.311798,
      "Weight": 156.193821,
      "Stackable": 1
    },
    {
      "Length": 79,
      "C1_Length": 0,
      "Height": 22,
      "C1_Height": 1,
      "Depth": 25,
      "C1_Depth": 1,
      "Demand": 55,
      "DemandMax": null,
      "Value": 43450,
      "CustomerId": 3,
      "Priority": 3,
      "Alpha": 2,
      "Beta": 2,
      "Density": 627.92488,
      "Weight": 27.283336,
      "Stackable": 0
    },
    {
      "Length": 89,
      "C1_Length": 0,
      "Height": 33,
      "C1_Height": 1,
      "Depth": 85,
      "C1_Depth": 0,
      "Demand": 66,
      "DemandMax": null,
      "Value": 249645,
      "CustomerId": 1,
      "Priority": 1,
      "Alpha": 2,
      "Beta": 2,
      "Density": 834.759116,
      "Weight": 208.393439,
      "Stackable": 1
    }
  ],
  "Modification": {
    "family": "BR-Modified",
    "seed": 123,
    "weight_model": "beta_density",
    "alpha": 2,
    "beta": 2,
    "Pmax_kg": 28200.0,
    "target_util": 0.8,
    "container_dims": {
      "L": 587,
      "W": 233,
      "H": 220
    },
    "Dc_kg_per_m3": 1171.500338,
    "Dcmin": 585.750169,
    "Dcmax": 1757.250507,
    "customer_rule": "per-type by volume desc; heavy -> higher customer_id/priority",
    "stackable_rule": "type-level Bernoulli(p_nonstackable=0.01)"
  }
}