{
  "Name": "83",
  "Objects": [
    {
      "Length": 587,
      "Height": 233,
      "Depth": 220,
      "Stock": null,
      "Cost": 30089620
    }
  ],
  "Items": [
    {
      "Length": 83,
      "C1_Length": 1,
      "Height": 46,
      "C1_Height": 1,
      "Depth": 71,
      "C1_Depth": 1,
      "Demand": 43,
      "DemandMax": null,
      "Value": 271078,
      "CustomerId": 1,
      "Priority": 1,
      "Alpha": 2,
      "Beta": 2,
      "Density": 1293.356632,
      "Weight": 350.600529,
      "Stackable": 1
    },
    {
      "Length": 76,
      "C1_Length": 1,
      "Height": 54,
      "C1_Height": 1,
      "Depth": 63,
      "C1_Depth": 1,
      "Demand": 46,
      "DemandMax": null,
      "Value": 258552,
      "CustomerId": 2,
      "Priority": 2,
      "Alpha": 2,
      "Beta": 2,
      "Density": 959.941991,
      "Weight": 248.194922,
      "Stackable": 1
    },
    {
      "Length": 91,
      "C1_Length": 0,
      "Height": 40,
      "C1_Height": 1,
      "Depth": 56,
      "C1_Depth": 1,
      "Demand": 31,
      "DemandMax": null,
      "Value": 203840,
      "CustomerId": 3,
      "Priority": 3,
      "Alpha": 2,
      "Beta": 2,
      "Density": 897.461504,
      "Weight": 182.938553,
      "Stackable": 1
    }
  ],
  "Modification": {
    "family": "BR-Modified",
    "seed": 123,
    "weight_model": "beta_density",
    "alpha": 2,
    "beta": 2,
    "Pmax_kg": 28200.0,
    "target_util": 0.8,
    "container_dims": {
      "L": 587,
      "W": 233,
      "H": 220
    },
    "Dc_kg_per_m3": 1171.500338,
    "Dcmin": 585.750169,
    "Dcmax": 1757.250507,
    "customer_rule": "per-type by volume desc; heavy -> higher customer_id/priority",
    "stackable_rule": "type-level Bernoulli(p_nonstackable=0.01)"
  }
}