{
  "Name": "84",
  "Objects": [
    {
      "Length": 587,
      "Height": 233,
      "Depth": 220,
      "Stock": null,
      "Cost": 30089620
    }
  ],
  "Items": [
    {
      "Length": 114,
      "C1_Length": 0,
      "Height": 42,
      "C1_Height": 1,
      "Depth": 77,
      "C1_Depth": 1,
      "Demand": 31,
      "DemandMax": null,
      "Value": 368676,
      "CustomerId": 2,
      "Priority": 2,
      "Alpha": 2,
      "Beta": 2,
      "Density": 1242.189578,
      "Weight": 457.965485,
      "Stackable": 1
    },
    {
      "Length": 105,
      "C1_Length": 1,
      "Height": 74,
      "C1_Height": 1,
      "Depth": 81,
      "C1_Depth": 1,
      "Demand": 23,
      "DemandMax": null,
      "Value": 629370,
      "CustomerId": 1,
      "Priority": 1,
      "Alpha": 2,
      "Beta": 2,
      "Density": 695.121115,
      "Weight": 437.488376,
      "Stackable": 1
    },
    {
      "Length": 76,
      "C1_Length": 1,
      "Height": 50,
      "C1_Height": 1,
      "Depth": 73,
      "C1_Depth": 1,
      "Demand": 15,
      "DemandMax": null,
      "Value": 277400,
      "CustomerId": 3,
      "Priority": 3,
      "Alpha": 2,
      "Beta": 2,
      "Density": 1497.771537,
      "Weight": 415.481824,
      "Stackable": 1
    }
  ],
  "Modification": {
    "family": "BR-Modified",
    "seed": 123,
    "weight_model": "beta_density",
    "alpha": 2,
    "beta": 2,
    "Pmax_kg": 28200.0,
    "target_util": 0.8,
    "container_dims": {
      "L": 587,
      "W": 233,
      "H": 220
    },
    "Dc_kg_per_m3": 1171.500338,
    "Dcmin": 585.750169,
    "Dcmax": 1757.250507,
    "customer_rule": "per-type by volume desc; heavy -> higher customer_id/priority",
    "stackable_rule": "type-level Bernoulli(p_nonstackable=0.01)"
  }
}