{
  "Name": "85",
  "Objects": [
    {
      "Length": 587,
      "Height": 233,
      "Depth": 220,
      "Stock": null,
      "Cost": 30089620
    }
  ],
  "Items": [
    {
      "Length": 55,
      "C1_Length": 0,
      "Height": 22,
      "C1_Height": 1,
      "Depth": 37,
      "C1_Depth": 1,
      "Demand": 117,
      "DemandMax": null,
      "Value": 44770,
      "CustomerId": 3,
      "Priority": 3,
      "Alpha": 2,
      "Beta": 2,
      "Density": 1257.514708,
      "Weight": 56.298933,
      "Stackable": 1
    },
    {
      "Length": 72,
      "C1_Length": 0,
      "Height": 31,
      "C1_Height": 1,
      "Depth": 55,
      "C1_Depth": 1,
      "Demand": 103,
      "DemandMax": null,
      "Value": 122760,
      "CustomerId": 2,
      "Priority": 2,
      "Alpha": 2,
      "Beta": 2,
      "Density": 1265.709479,
      "Weight": 155.378496,
      "Stackable": 1
    },
    {
      "Length": 61,
      "C1_Length": 1,
      "Height": 36,
      "C1_Height": 1,
      "Depth": 56,
      "C1_Depth": 1,
      "Demand": 99,
      "DemandMax": null,
      "Value": 122976,
      "CustomerId": 1,
      "Priority": 1,
      "Alpha": 2,
      "Beta": 2,
      "Density": 902.08939,
      "Weight": 110.935345,
      "Stackable": 1
    }
  ],
  "Modification": {
    "family": "BR-Modified",
    "seed": 123,
    "weight_model": "beta_density",
    "alpha": 2,
    "beta": 2,
    "Pmax_kg": 28200.0,
    "target_util": 0.8,
    "container_dims": {
      "L": 587,
      "W": 233,
      "H": 220
    },
    "Dc_kg_per_m3": 1171.500338,
    "Dcmin": 585.750169,
    "Dcmax": 1757.250507,
    "customer_rule": "per-type by volume desc; heavy -> higher customer_id/priority",
    "stackable_rule": "type-level Bernoulli(p_nonstackable=0.01)"
  }
}