{
  "Name": "97",
  "Objects": [
    {
      "Length": 587,
      "Height": 233,
      "Depth": 220,
      "Stock": null,
      "Cost": 30089620
    }
  ],
  "Items": [
    {
      "Length": 74,
      "C1_Length": 0,
      "Height": 32,
      "C1_Height": 1,
      "Depth": 60,
      "C1_Depth": 1,
      "Demand": 48,
      "DemandMax": null,
      "Value": 142080,
      "CustomerId": 3,
      "Priority": 3,
      "Alpha": 2,
      "Beta": 2,
      "Density": 1041.582337,
      "Weight": 147.988018,
      "Stackable": 1
    },
    {
      "Length": 100,
      "C1_Length": 0,
      "Height": 43,
      "C1_Height": 1,
      "Depth": 50,
      "C1_Depth": 1,
      "Demand": 50,
      "DemandMax": null,
      "Value": 215000,
      "CustomerId": 2,
      "Priority": 2,
      "Alpha": 2,
      "Beta": 2,
      "Density": 1007.776303,
      "Weight": 216.671905,
      "Stackable": 1
    },
    {
      "Length": 95,
      "C1_Length": 0,
      "Height": 42,
      "C1_Height": 1,
      "Depth": 74,
      "C1_Depth": 1,
      "Demand": 42,
      "DemandMax": null,
      "Value": 295260,
      "CustomerId": 1,
      "Priority": 1,
      "Alpha": 2,
      "Beta": 2,
      "Density": 723.372568,
      "Weight": 213.582984,
      "Stackable": 1
    }
  ],
  "Modification": {
    "family": "BR-Modified",
    "seed": 123,
    "weight_model": "beta_density",
    "alpha": 2,
    "beta": 2,
    "Pmax_kg": 28200.0,
    "target_util": 0.8,
    "container_dims": {
      "L": 587,
      "W": 233,
      "H": 220
    },
    "Dc_kg_per_m3": 1171.500338,
    "Dcmin": 585.750169,
    "Dcmax": 1757.250507,
    "customer_rule": "per-type by volume desc; heavy -> higher customer_id/priority",
    "stackable_rule": "type-level Bernoulli(p_nonstackable=0.01)"
  }
}