{
  "Name": "15",
  "Objects": [
    {
      "Length": 587,
      "Height": 233,
      "Depth": 220,
      "Stock": null,
      "Cost": 30089620
    }
  ],
  "Items": [
    {
      "Length": 100,
      "C1_Length": 0,
      "Height": 37,
      "C1_Height": 1,
      "Depth": 44,
      "C1_Depth": 1,
      "Demand": 2,
      "DemandMax": null,
      "Value": 162800,
      "CustomerId": 37,
      "Priority": 37,
      "Alpha": 2,
      "Beta": 2,
      "Density": 1291.638631,
      "Weight": 210.278769,
      "Stackable": 1
    },
    {
      "Length": 90,
      "C1_Length": 1,
      "Height": 55,
      "C1_Height": 1,
      "Depth": 78,
      "C1_Depth": 1,
      "Demand": 2,
      "DemandMax": null,
      "Value": 386100,
      "CustomerId": 10,
      "Priority": 10,
      "Alpha": 2,
      "Beta": 2,
      "Density": 971.301882,
      "Weight": 375.019656,
      "Stackable": 1
    },
    {
      "Length": 65,
      "C1_Length": 1,
      "Height": 42,
      "C1_Height": 1,
      "Depth": 57,
      "C1_Depth": 1,
      "Demand": 2,
      "DemandMax": null,
      "Value": 155610,
      "CustomerId": 38,
      "Priority": 38,
      "Alpha": 2,
      "Beta": 2,
      "Density": 1131.165525,
      "Weight": 176.020667,
      "Stackable": 1
    },
    {
      "Length": 85,
      "C1_Length": 0,
      "Height": 41,
      "C1_Height": 1,
      "Depth": 58,
      "C1_Depth": 1,
      "Demand": 2,
      "DemandMax": null,
      "Value": 202130,
      "CustomerId": 32,
      "Priority": 32,
      "Alpha": 2,
      "Beta": 2,
      "Density": 1212.650453,
      "Weight": 245.113036,
      "Stackable": 1
    },
    {
      "Length": 81,
      "C1_Length": 1,
      "Height": 50,
      "C1_Height": 1,
      "Depth": 69,
      "C1_Depth": 1,
      "Demand": 1,
      "DemandMax": null,
      "Value": 279450,
      "CustomerId": 24,
      "Priority": 24,
      "Alpha": 2,
      "Beta": 2,
      "Density": 1165.840075,
      "Weight": 325.794009,
      "Stackable": 1
    },
    {
      "Length": 84,
      "C1_Length": 1,
      "Height": 51,
      "C1_Height": 1,
      "Depth": 78,
      "C1_Depth": 1,
      "Demand": 2,
      "DemandMax": null,
      "Value": 334152,
      "CustomerId": 14,
      "Priority": 14,
      "Alpha": 2,
      "Beta": 2,
      "Density": 1551.813497,
      "Weight": 518.541584,
      "Stackable": 1
    },
    {
      "Length": 109,
      "C1_Length": 1,
      "Height": 73,
      "C1_Height": 1,
      "Depth": 73,
      "C1_Depth": 1,
      "Demand": 3,
      "DemandMax": null,
      "Value": 580861,
      "CustomerId": 2,
      "Priority": 2,
      "Alpha": 2,
      "Beta": 2,
      "Density": 1330.768449,
      "Weight": 772.991492,
      "Stackable": 1
    },
    {
      "Length": 73,
      "C1_Length": 1,
      "Height": 52,
      "C1_Height": 1,
      "Depth": 58,
      "C1_Depth": 1,
      "Demand": 2,
      "DemandMax": null,
      "Value": 220168,
      "CustomerId": 30,
      "Priority": 30,
      "Alpha": 2,
      "Beta": 2,
      "Density": 1645.572931,
      "Weight": 362.302501,
      "Stackable": 1
    },
    {
      "Length": 73,
      "C1_Length": 1,
      "Height": 40,
      "C1_Height": 1,
      "Depth": 49,
      "C1_Depth": 1,
      "Demand": 2,
      "DemandMax": null,
      "Value": 143080,
      "CustomerId": 42,
      "Priority": 42,
      "Alpha": 2,
      "Beta": 2,
      "Density": 1414.421508,
      "Weight": 202.375429,
      "Stackable": 1
    },
    {
      "Length": 120,
      "C1_Length": 0,
      "Height": 39,
      "C1_Height": 1,
      "Depth": 60,
      "C1_Depth": 1,
      "Demand": 2,
      "DemandMax": null,
      "Value": 280800,
      "CustomerId": 22,
      "Priority": 22,
      "Alpha": 2,
      "Beta": 2,
      "Density": 1157.757658,
      "Weight": 325.09835,
      "Stackable": 1
    },
    {
      "Length": 111,
      "C1_Length": 1,
      "Height": 68,
      "C1_Height": 1,
      "Depth": 80,
      "C1_Depth": 1,
      "Demand": 1,
      "DemandMax": null,
      "Value": 603840,
      "CustomerId": 1,
      "Priority": 1,
      "Alpha": 2,
      "Beta": 2,
      "Density": 1294.306396,
      "Weight": 781.553974,
      "Stackable": 1
    },
    {
      "Length": 71,
      "C1_Length": 1,
      "Height": 53,
      "C1_Height": 1,
      "Depth": 70,
      "C1_Depth": 1,
      "Demand": 4,
      "DemandMax": null,
      "Value": 263410,
      "CustomerId": 25,
      "Priority": 25,
      "Alpha": 2,
      "Beta": 2,
      "Density": 1584.317667,
      "Weight": 417.325117,
      "Stackable": 1
    },
    {
      "Length": 71,
      "C1_Length": 1,
      "Height": 59,
      "C1_Height": 1,
      "Depth": 70,
      "C1_Depth": 1,
      "Demand": 2,
      "DemandMax": null,
      "Value": 293230,
      "CustomerId": 20,
      "Priority": 20,
      "Alpha": 2,
      "Beta": 2,
      "Density": 1406.136199,
      "Weight": 412.321318,
      "Stackable": 1
    },
    {
      "Length": 93,
      "C1_Length": 0,
      "Height": 33,
      "C1_Height": 1,
      "Depth": 78,
      "C1_Depth": 0,
      "Demand": 3,
      "DemandMax": null,
      "Value": 239382,
      "CustomerId": 28,
      "Priority": 28,
      "Alpha": 2,
      "Beta": 2,
      "Density": 1534.854323,
      "Weight": 367.416497,
      "Stackable": 1
    },
    {
      "Length": 83,
      "C1_Length": 1,
      "Height": 43,
      "C1_Height": 1,
      "Depth": 71,
      "C1_Depth": 1,
      "Demand": 2,
      "DemandMax": null,
      "Value": 253399,
      "CustomerId": 26,
      "Priority": 26,
      "Alpha": 2,
      "Beta": 2,
      "Density": 1223.230765,
      "Weight": 309.965453,
      "Stackable": 1
    },
    {
      "Length": 49,
      "C1_Length": 0,
      "Height": 23,
      "C1_Height": 1,
      "Depth": 48,
      "C1_Depth": 0,
      "Demand": 2,
      "DemandMax": null,
      "Value": 54096,
      "CustomerId": 57,
      "Priority": 57,
      "Alpha": 2,
      "Beta": 2,
      "Density": 1469.912926,
      "Weight": 79.51641,
      "Stackable": 1
    },
    {
      "Length": 94,
      "C1_Length": 0,
      "Height": 44,
      "C1_Height": 1,
      "Depth": 49,
      "C1_Depth": 1,
      "Demand": 1,
      "DemandMax": null,
      "Value": 202664,
      "CustomerId": 31,
      "Priority": 31,
      "Alpha": 2,
      "Beta": 2,
      "Density": 1061.331121,
      "Weight": 215.09361,
      "Stackable": 1
    },
    {
      "Length": 66,
      "C1_Length": 0,
      "Height": 27,
      "C1_Height": 1,
      "Depth": 30,
      "C1_Depth": 1,
      "Demand": 5,
      "DemandMax": null,
      "Value": 53460,
      "CustomerId": 58,
      "Priority": 58,
      "Alpha": 2,
      "Beta": 2,
      "Density": 1445.159399,
      "Weight": 77.258221,
      "Stackable": 1
    },
    {
      "Length": 77,
      "C1_Length": 1,
      "Height": 40,
      "C1_Height": 1,
      "Depth": 54,
      "C1_Depth": 1,
      "Demand": 1,
      "DemandMax": null,
      "Value": 166320,
      "CustomerId": 36,
      "Priority": 36,
      "Alpha": 2,
      "Beta": 2,
      "Density": 845.548278,
      "Weight": 140.63159,
      "Stackable": 1
    },
    {
      "Length": 79,
      "C1_Length": 1,
      "Height": 61,
      "C1_Height": 1,
      "Depth": 73,
      "C1_Depth": 1,
      "Demand": 1,
      "DemandMax": null,
      "Value": 351787,
      "CustomerId": 11,
      "Priority": 11,
      "Alpha": 2,
      "Beta": 2,
      "Density": 1011.972746,
      "Weight": 355.998856,
      "Stackable": 1
    },
    {
      "Length": 120,
      "C1_Length": 0,
      "Height": 50,
      "C1_Height": 1,
      "Depth": 58,
      "C1_Depth": 1,
      "Demand": 1,
      "DemandMax": null,
      "Value": 348000,
      "CustomerId": 12,
      "Priority": 12,
      "Alpha": 2,
      "Beta": 2,
      "Density": 1155.385248,
      "Weight": 402.074066,
      "Stackable": 1
    },
    {
      "Length": 36,
      "C1_Length": 1,
      "Height": 33,
      "C1_Height": 1,
      "Depth": 35,
      "C1_Depth": 1,
      "Demand": 2,
      "DemandMax": null,
      "Value": 41580,
      "CustomerId": 60,
      "Priority": 60,
      "Alpha": 2,
      "Beta": 2,
      "Density": 919.362599,
      "Weight": 38.227097,
      "Stackable": 1
    },
    {
      "Length": 67,
      "C1_Length": 1,
      "Height": 42,
      "C1_Height": 1,
      "Depth": 65,
      "C1_Depth": 1,
      "Demand": 3,
      "DemandMax": null,
      "Value": 182910,
      "CustomerId": 35,
      "Priority": 35,
      "Alpha": 2,
      "Beta": 2,
      "Density": 1111.056345,
      "Weight": 203.223316,
      "Stackable": 1
    },
    {
      "Length": 91,
      "C1_Length": 0,
      "Height": 31,
      "C1_Height": 1,
      "Depth": 80,
      "C1_Depth": 0,
      "Demand": 4,
      "DemandMax": null,
      "Value": 225680,
      "CustomerId": 29,
      "Priority": 29,
      "Alpha": 2,
      "Beta": 2,
      "Density": 1115.593025,
      "Weight": 251.767034,
      "Stackable": 1
    },
    {
      "Length": 75,
      "C1_Length": 1,
      "Height": 40,
      "C1_Height": 1,
      "Depth": 49,
      "C1_Depth": 1,
      "Demand": 1,
      "DemandMax": null,
      "Value": 147000,
      "CustomerId": 40,
      "Priority": 40,
      "Alpha": 2,
      "Beta": 2,
      "Density": 1579.886064,
      "Weight": 232.243251,
      "Stackable": 1
    },
    {
      "Length": 112,
      "C1_Length": 0,
      "Height": 43,
      "C1_Height": 1,
      "Depth": 64,
      "C1_Depth": 1,
      "Demand": 2,
      "DemandMax": null,
      "Value": 308224,
      "CustomerId": 17,
      "Priority": 17,
      "Alpha": 2,
      "Beta": 2,
      "Density": 1241.184941,
      "Weight": 382.562987,
      "Stackable": 1
    },
    {
      "Length": 82,
      "C1_Length": 1,
      "Height": 56,
      "C1_Height": 1,
      "Depth": 70,
      "C1_Depth": 1,
      "Demand": 2,
      "DemandMax": null,
      "Value": 321440,
      "CustomerId": 16,
      "Priority": 16,
      "Alpha": 2,
      "Beta": 2,
      "Density": 1208.111507,
      "Weight": 388.335363,
      "Stackable": 1
    },
    {
      "Length": 99,
      "C1_Length": 1,
      "Height": 55,
      "C1_Height": 1,
      "Depth": 88,
      "C1_Depth": 1,
      "Demand": 1,
      "DemandMax": null,
      "Value": 479160,
      "CustomerId": 6,
      "Priority": 6,
      "Alpha": 2,
      "Beta": 2,
      "Density": 1028.407656,
      "Weight": 492.771812,
      "Stackable": 1
    },
    {
      "Length": 59,
      "C1_Length": 0,
      "Height": 26,
      "C1_Height": 1,
      "Depth": 53,
      "C1_Depth": 0,
      "Demand": 1,
      "DemandMax": null,
      "Value": 81302,
      "CustomerId": 54,
      "Priority": 54,
      "Alpha": 2,
      "Beta": 2,
      "Density": 1287.859229,
      "Weight": 104.705531,
      "Stackable": 1
    },
    {
      "Length": 93,
      "C1_Length": 1,
      "Height": 59,
      "C1_Height": 1,
      "Depth": 90,
      "C1_Depth": 1,
      "Demand": 1,
      "DemandMax": null,
      "Value": 493830,
      "CustomerId": 5,
      "Priority": 5,
      "Alpha": 2,
      "Beta": 2,
      "Density": 1619.714512,
      "Weight": 799.863617,
      "Stackable": 1
    },
    {
      "Length": 73,
      "C1_Length": 1,
      "Height": 40,
      "C1_Height": 1,
      "Depth": 50,
      "C1_Depth": 1,
      "Demand": 3,
      "DemandMax": null,
      "Value": 146000,
      "CustomerId": 41,
      "Priority": 41,
      "Alpha": 2,
      "Beta": 2,
      "Density": 1280.522233,
      "Weight": 186.956246,
      "Stackable": 1
    },
    {
      "Length": 87,
      "C1_Length": 0,
      "Height": 40,
      "C1_Height": 1,
      "Depth": 41,
      "C1_Depth": 1,
      "Demand": 2,
      "DemandMax": null,
      "Value": 142680,
      "CustomerId": 43,
      "Priority": 43,
      "Alpha": 2,
      "Beta": 2,
      "Density": 1058.902012,
      "Weight": 151.084139,
      "Stackable": 1
    },
    {
      "Length": 94,
      "C1_Length": 1,
      "Height": 58,
      "C1_Height": 1,
      "Depth": 60,
      "C1_Depth": 1,
      "Demand": 1,
      "DemandMax": null,
      "Value": 327120,
      "CustomerId": 15,
      "Priority": 15,
      "Alpha": 2,
      "Beta": 2,
      "Density": 1526.262371,
      "Weight": 499.270947,
      "Stackable": 1
    },
    {
      "Length": 108,
      "C1_Length": 1,
      "Height": 63,
      "C1_Height": 1,
      "Depth": 69,
      "C1_Depth": 1,
      "Demand": 4,
      "DemandMax": null,
      "Value": 469476,
      "CustomerId": 7,
      "Priority": 7,
      "Alpha": 2,
      "Beta": 2,
      "Density": 1554.859583,
      "Weight": 729.969258,
      "Stackable": 1
    },
    {
      "Length": 54,
      "C1_Length": 0,
      "Height": 27,
      "C1_Height": 1,
      "Depth": 36,
      "C1_Depth": 1,
      "Demand": 2,
      "DemandMax": null,
      "Value": 52488,
      "CustomerId": 59,
      "Priority": 59,
      "Alpha": 2,
      "Beta": 2,
      "Density": 939.927893,
      "Weight": 49.334935,
      "Stackable": 0
    },
    {
      "Length": 78,
      "C1_Length": 1,
      "Height": 47,
      "C1_Height": 1,
      "Depth": 55,
      "C1_Depth": 1,
      "Demand": 3,
      "DemandMax": null,
      "Value": 201630,
      "CustomerId": 33,
      "Priority": 33,
      "Alpha": 2,
      "Beta": 2,
      "Density": 1389.112802,
      "Weight": 280.086814,
      "Stackable": 1
    },
    {
      "Length": 108,
      "C1_Length": 0,
      "Height": 29,
      "C1_Height": 1,
      "Depth": 60,
      "C1_Depth": 0,
      "Demand": 2,
      "DemandMax": null,
      "Value": 187920,
      "CustomerId": 34,
      "Priority": 34,
      "Alpha": 2,
      "Beta": 2,
      "Density": 823.776912,
      "Weight": 154.804157,
      "Stackable": 1
    },
    {
      "Length": 87,
      "C1_Length": 1,
      "Height": 79,
      "C1_Height": 1,
      "Depth": 79,
      "C1_Depth": 1,
      "Demand": 2,
      "DemandMax": null,
      "Value": 542967,
      "CustomerId": 3,
      "Priority": 3,
      "Alpha": 2,
      "Beta": 2,
      "Density": 1124.613711,
      "Weight": 610.628133,
      "Stackable": 1
    },
    {
      "Length": 91,
      "C1_Length": 1,
      "Height": 64,
      "C1_Height": 1,
      "Depth": 87,
      "C1_Depth": 1,
      "Demand": 1,
      "DemandMax": null,
      "Value": 506688,
      "CustomerId": 4,
      "Priority": 4,
      "Alpha": 2,
      "Beta": 2,
      "Density": 1473.960068,
      "Weight": 746.837879,
      "Stackable": 1
    },
    {
      "Length": 108,
      "C1_Length": 0,
      "Height": 37,
      "C1_Height": 1,
      "Depth": 70,
      "C1_Depth": 1,
      "Demand": 1,
      "DemandMax": null,
      "Value": 279720,
      "CustomerId": 23,
      "Priority": 23,
      "Alpha": 2,
      "Beta": 2,
      "Density": 1278.408194,
      "Weight": 357.59634,
      "Stackable": 0
    },
    {
      "Length": 63,
      "C1_Length": 0,
      "Height": 25,
      "C1_Height": 1,
      "Depth": 62,
      "C1_Depth": 0,
      "Demand": 2,
      "DemandMax": null,
      "Value": 97650,
      "CustomerId": 49,
      "Priority": 49,
      "Alpha": 2,
      "Beta": 2,
      "Density": 1215.621685,
      "Weight": 118.705458,
      "Stackable": 1
    },
    {
      "Length": 52,
      "C1_Length": 1,
      "Height": 45,
      "C1_Height": 1,
      "Depth": 47,
      "C1_Depth": 1,
      "Demand": 1,
      "DemandMax": null,
      "Value": 109980,
      "CustomerId": 48,
      "Priority": 48,
      "Alpha": 2,
      "Beta": 2,
      "Density": 1128.29388,
      "Weight": 124.089761,
      "Stackable": 1
    },
    {
      "Length": 72,
      "C1_Length": 0,
      "Height": 36,
      "C1_Height": 1,
      "Depth": 51,
      "C1_Depth": 1,
      "Demand": 5,
      "DemandMax": null,
      "Value": 132192,
      "CustomerId": 45,
      "Priority": 45,
      "Alpha": 2,
      "Beta": 2,
      "Density": 1340.74534,
      "Weight": 177.235808,
      "Stackable": 1
    },
    {
      "Length": 93,
      "C1_Length": 0,
      "Height": 41,
      "C1_Height": 1,
      "Depth": 77,
      "C1_Depth": 1,
      "Demand": 5,
      "DemandMax": null,
      "Value": 293601,
      "CustomerId": 19,
      "Priority": 19,
      "Alpha": 2,
      "Beta": 2,
      "Density": 708.899237,
      "Weight": 208.133525,
      "Stackable": 1
    },
    {
      "Length": 58,
      "C1_Length": 1,
      "Height": 38,
      "C1_Height": 1,
      "Depth": 53,
      "C1_Depth": 1,
      "Demand": 3,
      "DemandMax": null,
      "Value": 116812,
      "CustomerId": 46,
      "Priority": 46,
      "Alpha": 2,
      "Beta": 2,
      "Density": 1356.78856,
      "Weight": 158.489185,
      "Stackable": 1
    },
    {
      "Length": 118,
      "C1_Length": 0,
      "Height": 42,
      "C1_Height": 1,
      "Depth": 58,
      "C1_Depth": 1,
      "Demand": 4,
      "DemandMax": null,
      "Value": 287448,
      "CustomerId": 21,
      "Priority": 21,
      "Alpha": 2,
      "Beta": 2,
      "Density": 1041.461583,
      "Weight": 299.366049,
      "Stackable": 1
    },
    {
      "Length": 81,
      "C1_Length": 0,
      "Height": 26,
      "C1_Height": 1,
      "Depth": 42,
      "C1_Depth": 1,
      "Demand": 1,
      "DemandMax": null,
      "Value": 88452,
      "CustomerId": 52,
      "Priority": 52,
      "Alpha": 2,
      "Beta": 2,
      "Density": 1340.11707,
      "Weight": 118.536035,
      "Stackable": 1
    },
    {
      "Length": 114,
      "C1_Length": 0,
      "Height": 23,
      "C1_Height": 1,
      "Depth": 37,
      "C1_Depth": 1,
      "Demand": 1,
      "DemandMax": null,
      "Value": 97014,
      "CustomerId": 50,
      "Priority": 50,
      "Alpha": 2,
      "Beta": 2,
      "Density": 1366.708661,
      "Weight": 132.589874,
      "Stackable": 1
    },
    {
      "Length": 107,
      "C1_Length": 0,
      "Height": 32,
      "C1_Height": 1,
      "Depth": 39,
      "C1_Depth": 1,
      "Demand": 1,
      "DemandMax": null,
      "Value": 133536,
      "CustomerId": 44,
      "Priority": 44,
      "Alpha": 2,
      "Beta": 2,
      "Density": 933.514032,
      "Weight": 124.65773,
      "Stackable": 1
    },
    {
      "Length": 75,
      "C1_Length": 1,
      "Height": 49,
      "C1_Height": 1,
      "Depth": 66,
      "C1_Depth": 1,
      "Demand": 2,
      "DemandMax": null,
      "Value": 242550,
      "CustomerId": 27,
      "Priority": 27,
      "Alpha": 2,
      "Beta": 2,
      "Density": 829.463884,
      "Weight": 201.186465,
      "Stackable": 1
    },
    {
      "Length": 99,
      "C1_Length": 0,
      "Height": 49,
      "C1_Height": 1,
      "Depth": 62,
      "C1_Depth": 1,
      "Demand": 1,
      "DemandMax": null,
      "Value": 300762,
      "CustomerId": 18,
      "Priority": 18,
      "Alpha": 2,
      "Beta": 2,
      "Density": 1055.832919,
      "Weight": 317.55442,
      "Stackable": 1
    },
    {
      "Length": 82,
      "C1_Length": 1,
      "Height": 67,
      "C1_Height": 1,
      "Depth": 78,
      "C1_Depth": 1,
      "Demand": 2,
      "DemandMax": null,
      "Value": 428532,
      "CustomerId": 8,
      "Priority": 8,
      "Alpha": 2,
      "Beta": 2,
      "Density": 1474.36306,
      "Weight": 631.811751,
      "Stackable": 1
    },
    {
      "Length": 74,
      "C1_Length": 0,
      "Height": 30,
      "C1_Height": 1,
      "Depth": 38,
      "C1_Depth": 1,
      "Demand": 1,
      "DemandMax": null,
      "Value": 84360,
      "CustomerId": 53,
      "Priority": 53,
      "Alpha": 2,
      "Beta": 2,
      "Density": 1455.853612,
      "Weight": 122.815811,
      "Stackable": 1
    },
    {
      "Length": 108,
      "C1_Length": 0,
      "Height": 43,
      "C1_Height": 1,
      "Depth": 72,
      "C1_Depth": 1,
      "Demand": 3,
      "DemandMax": null,
      "Value": 334368,
      "CustomerId": 13,
      "Priority": 13,
      "Alpha": 2,
      "Beta": 2,
      "Density": 1097.658403,
      "Weight": 367.021845,
      "Stackable": 1
    },
    {
      "Length": 83,
      "C1_Length": 0,
      "Height": 31,
      "C1_Height": 1,
      "Depth": 45,
      "C1_Depth": 1,
      "Demand": 2,
      "DemandMax": null,
      "Value": 115785,
      "CustomerId": 47,
      "Priority": 47,
      "Alpha": 2,
      "Beta": 2,
      "Density": 1562.515287,
      "Weight": 180.915833,
      "Stackable": 1
    },
    {
      "Length": 70,
      "C1_Length": 0,
      "Height": 21,
      "C1_Height": 1,
      "Depth": 50,
      "C1_Depth": 0,
      "Demand": 3,
      "DemandMax": null,
      "Value": 73500,
      "CustomerId": 55,
      "Priority": 55,
      "Alpha": 2,
      "Beta": 2,
      "Density": 1047.913321,
      "Weight": 77.021629,
      "Stackable": 1
    },
    {
      "Length": 42,
      "C1_Length": 1,
      "Height": 35,
      "C1_Height": 1,
      "Depth": 39,
      "C1_Depth": 1,
      "Demand": 3,
      "DemandMax": null,
      "Value": 57330,
      "CustomerId": 56,
      "Priority": 56,
      "Alpha": 2,
      "Beta": 2,
      "Density": 1155.80436,
      "Weight": 66.262264,
      "Stackable": 1
    },
    {
      "Length": 89,
      "C1_Length": 0,
      "Height": 31,
      "C1_Height": 1,
      "Depth": 55,
      "C1_Depth": 1,
      "Demand": 1,
      "DemandMax": null,
      "Value": 151745,
      "CustomerId": 39,
      "Priority": 39,
      "Alpha": 2,
      "Beta": 2,
      "Density": 729.679177,
      "Weight": 110.725167,
      "Stackable": 1
    },
    {
      "Length": 104,
      "C1_Length": 1,
      "Height": 63,
      "C1_Height": 1,
      "Depth": 64,
      "C1_Depth": 1,
      "Demand": 3,
      "DemandMax": null,
      "Value": 419328,
      "CustomerId": 9,
      "Priority": 9,
      "Alpha": 2,
      "Beta": 2,
      "Density": 1044.482569,
      "Weight": 437.980787,
      "Stackable": 1
    },
    {
      "Length": 80,
      "C1_Length": 0,
      "Height": 34,
      "C1_Height": 1,
      "Depth": 35,
      "C1_Depth": 1,
      "Demand": 3,
      "DemandMax": null,
      "Value": 95200,
      "CustomerId": 51,
      "Priority": 51,
      "Alpha": 2,
      "Beta": 2,
      "Density": 991.35673,
      "Weight": 94.377161,
      "Stackable": 1
    }
  ],
  "Modification": {
    "family": "BR-Modified",
    "seed": 123,
    "weight_model": "beta_density",
    "alpha": 2,
    "beta": 2,
    "Pmax_kg": 28200.0,
    "target_util": 0.8,
    "container_dims": {
      "L": 587,
      "W": 233,
      "H": 220
    },
    "Dc_kg_per_m3": 1171.500338,
    "Dcmin": 585.750169,
    "Dcmax": 1757.250507,
    "customer_rule": "per-type by volume desc; heavy -> higher customer_id/priority",
    "stackable_rule": "type-level Bernoulli(p_nonstackable=0.01)"
  }
}