{
  "Name": "38",
  "Objects": [
    {
      "Length": 587,
      "Height": 233,
      "Depth": 220,
      "Stock": null,
      "Cost": 30089620
    }
  ],
  "Items": [
    {
      "Length": 104,
      "C1_Length": 0,
      "Height": 50,
      "C1_Height": 1,
      "Depth": 94,
      "C1_Depth": 1,
      "Demand": 2,
      "DemandMax": null,
      "Value": 488800,
      "CustomerId": 5,
      "Priority": 5,
      "Alpha": 2,
      "Beta": 2,
      "Density": 1029.419462,
      "Weight": 503.180233,
      "Stackable": 1
    },
    {
      "Length": 102,
      "C1_Length": 0,
      "Height": 36,
      "C1_Height": 1,
      "Depth": 87,
      "C1_Depth": 0,
      "Demand": 2,
      "DemandMax": null,
      "Value": 319464,
      "CustomerId": 14,
      "Priority": 14,
      "Alpha": 2,
      "Beta": 2,
      "Density": 1049.051012,
      "Weight": 335.134033,
      "Stackable": 1
    },
    {
      "Length": 115,
      "C1_Length": 0,
      "Height": 33,
      "C1_Height": 1,
      "Depth": 42,
      "C1_Depth": 1,
      "Demand": 1,
      "DemandMax": null,
      "Value": 159390,
      "CustomerId": 38,
      "Priority": 38,
      "Alpha": 2,
      "Beta": 2,
      "Density": 1114.984207,
      "Weight": 177.717333,
      "Stackable": 1
    },
    {
      "Length": 61,
      "C1_Length": 1,
      "Height": 32,
      "C1_Height": 1,
      "Depth": 58,
      "C1_Depth": 1,
      "Demand": 3,
      "DemandMax": null,
      "Value": 113216,
      "CustomerId": 48,
      "Priority": 48,
      "Alpha": 2,
      "Beta": 2,
      "Density": 1646.610056,
      "Weight": 186.422604,
      "Stackable": 1
    },
    {
      "Length": 70,
      "C1_Length": 1,
      "Height": 48,
      "C1_Height": 1,
      "Depth": 62,
      "C1_Depth": 1,
      "Demand": 2,
      "DemandMax": null,
      "Value": 208320,
      "CustomerId": 30,
      "Priority": 30,
      "Alpha": 2,
      "Beta": 2,
      "Density": 1427.206953,
      "Weight": 297.315753,
      "Stackable": 1
    },
    {
      "Length": 91,
      "C1_Length": 1,
      "Height": 78,
      "C1_Height": 1,
      "Depth": 79,
      "C1_Depth": 1,
      "Demand": 3,
      "DemandMax": null,
      "Value": 560742,
      "CustomerId": 2,
      "Priority": 2,
      "Alpha": 2,
      "Beta": 2,
      "Density": 833.329413,
      "Weight": 467.282801,
      "Stackable": 1
    },
    {
      "Length": 90,
      "C1_Length": 1,
      "Height": 53,
      "C1_Height": 1,
      "Depth": 57,
      "C1_Depth": 1,
      "Demand": 3,
      "DemandMax": null,
      "Value": 271890,
      "CustomerId": 20,
      "Priority": 20,
      "Alpha": 2,
      "Beta": 2,
      "Density": 721.418398,
      "Weight": 196.146448,
      "Stackable": 1
    },
    {
      "Length": 78,
      "C1_Length": 0,
      "Height": 25,
      "C1_Height": 1,
      "Depth": 68,
      "C1_Depth": 0,
      "Demand": 3,
      "DemandMax": null,
      "Value": 132600,
      "CustomerId": 41,
      "Priority": 41,
      "Alpha": 2,
      "Beta": 2,
      "Density": 1256.735527,
      "Weight": 166.643131,
      "Stackable": 1
    },
    {
      "Length": 77,
      "C1_Length": 1,
      "Height": 39,
      "C1_Height": 1,
      "Depth": 44,
      "C1_Depth": 1,
      "Demand": 3,
      "DemandMax": null,
      "Value": 132132,
      "CustomerId": 42,
      "Priority": 42,
      "Alpha": 2,
      "Beta": 2,
      "Density": 682.453518,
      "Weight": 90.173948,
      "Stackable": 1
    },
    {
      "Length": 97,
      "C1_Length": 1,
      "Height": 56,
      "C1_Height": 1,
      "Depth": 89,
      "C1_Depth": 1,
      "Demand": 3,
      "DemandMax": null,
      "Value": 483448,
      "CustomerId": 6,
      "Priority": 6,
      "Alpha": 2,
      "Beta": 2,
      "Density": 1629.521217,
      "Weight": 787.788773,
      "Stackable": 1
    },
    {
      "Length": 58,
      "C1_Length": 0,
      "Height": 26,
      "C1_Height": 1,
      "Depth": 38,
      "C1_Depth": 1,
      "Demand": 1,
      "DemandMax": null,
      "Value": 57304,
      "CustomerId": 56,
      "Priority": 56,
      "Alpha": 2,
      "Beta": 2,
      "Density": 1381.602602,
      "Weight": 79.171356,
      "Stackable": 1
    },
    {
      "Length": 64,
      "C1_Length": 1,
      "Height": 33,
      "C1_Height": 1,
      "Depth": 44,
      "C1_Depth": 1,
      "Demand": 1,
      "DemandMax": null,
      "Value": 92928,
      "CustomerId": 52,
      "Priority": 52,
      "Alpha": 2,
      "Beta": 2,
      "Density": 1055.59232,
      "Weight": 98.094083,
      "Stackable": 1
    },
    {
      "Length": 57,
      "C1_Length": 0,
      "Height": 25,
      "C1_Height": 1,
      "Depth": 38,
      "C1_Depth": 1,
      "Demand": 3,
      "DemandMax": null,
      "Value": 54150,
      "CustomerId": 58,
      "Priority": 58,
      "Alpha": 2,
      "Beta": 2,
      "Density": 1076.011702,
      "Weight": 58.266034,
      "Stackable": 0
    },
    {
      "Length": 70,
      "C1_Length": 0,
      "Height": 28,
      "C1_Height": 1,
      "Depth": 65,
      "C1_Depth": 0,
      "Demand": 1,
      "DemandMax": null,
      "Value": 127400,
      "CustomerId": 44,
      "Priority": 44,
      "Alpha": 2,
      "Beta": 2,
      "Density": 769.95282,
      "Weight": 98.091989,
      "Stackable": 1
    },
    {
      "Length": 93,
      "C1_Length": 1,
      "Height": 61,
      "C1_Height": 1,
      "Depth": 73,
      "C1_Depth": 1,
      "Demand": 2,
      "DemandMax": null,
      "Value": 414129,
      "CustomerId": 7,
      "Priority": 7,
      "Alpha": 2,
      "Beta": 2,
      "Density": 838.324582,
      "Weight": 347.174521,
      "Stackable": 1
    },
    {
      "Length": 61,
      "C1_Length": 1,
      "Height": 46,
      "C1_Height": 1,
      "Depth": 47,
      "C1_Depth": 1,
      "Demand": 4,
      "DemandMax": null,
      "Value": 131882,
      "CustomerId": 43,
      "Priority": 43,
      "Alpha": 2,
      "Beta": 2,
      "Density": 1088.457354,
      "Weight": 143.547933,
      "Stackable": 1
    },
    {
      "Length": 111,
      "C1_Length": 0,
      "Height": 26,
      "C1_Height": 1,
      "Depth": 72,
      "C1_Depth": 0,
      "Demand": 1,
      "DemandMax": null,
      "Value": 207792,
      "CustomerId": 31,
      "Priority": 31,
      "Alpha": 2,
      "Beta": 2,
      "Density": 1284.934664,
      "Weight": 266.999144,
      "Stackable": 1
    },
    {
      "Length": 102,
      "C1_Length": 1,
      "Height": 63,
      "C1_Height": 1,
      "Depth": 78,
      "C1_Depth": 1,
      "Demand": 5,
      "DemandMax": null,
      "Value": 501228,
      "CustomerId": 4,
      "Priority": 4,
      "Alpha": 2,
      "Beta": 2,
      "Density": 655.544749,
      "Weight": 328.577384,
      "Stackable": 1
    },
    {
      "Length": 88,
      "C1_Length": 1,
      "Height": 62,
      "C1_Height": 1,
      "Depth": 65,
      "C1_Depth": 1,
      "Demand": 2,
      "DemandMax": null,
      "Value": 354640,
      "CustomerId": 12,
      "Priority": 12,
      "Alpha": 2,
      "Beta": 2,
      "Density": 1575.276912,
      "Weight": 558.656204,
      "Stackable": 1
    },
    {
      "Length": 63,
      "C1_Length": 1,
      "Height": 38,
      "C1_Height": 1,
      "Depth": 51,
      "C1_Depth": 1,
      "Demand": 2,
      "DemandMax": null,
      "Value": 122094,
      "CustomerId": 45,
      "Priority": 45,
      "Alpha": 2,
      "Beta": 2,
      "Density": 1084.862767,
      "Weight": 132.455235,
      "Stackable": 1
    },
    {
      "Length": 98,
      "C1_Length": 1,
      "Height": 68,
      "C1_Height": 1,
      "Depth": 86,
      "C1_Depth": 1,
      "Demand": 1,
      "DemandMax": null,
      "Value": 573104,
      "CustomerId": 1,
      "Priority": 1,
      "Alpha": 2,
      "Beta": 2,
      "Density": 847.317484,
      "Weight": 485.601039,
      "Stackable": 1
    },
    {
      "Length": 106,
      "C1_Length": 0,
      "Height": 47,
      "C1_Height": 1,
      "Depth": 68,
      "C1_Depth": 1,
      "Demand": 2,
      "DemandMax": null,
      "Value": 338776,
      "CustomerId": 13,
      "Priority": 13,
      "Alpha": 2,
      "Beta": 2,
      "Density": 844.259831,
      "Weight": 286.014968,
      "Stackable": 1
    },
    {
      "Length": 90,
      "C1_Length": 1,
      "Height": 71,
      "C1_Height": 1,
      "Depth": 80,
      "C1_Depth": 1,
      "Demand": 2,
      "DemandMax": null,
      "Value": 511200,
      "CustomerId": 3,
      "Priority": 3,
      "Alpha": 2,
      "Beta": 2,
      "Density": 927.46762,
      "Weight": 474.121447,
      "Stackable": 1
    },
    {
      "Length": 90,
      "C1_Length": 0,
      "Height": 40,
      "C1_Height": 1,
      "Depth": 74,
      "C1_Depth": 1,
      "Demand": 3,
      "DemandMax": null,
      "Value": 266400,
      "CustomerId": 21,
      "Priority": 21,
      "Alpha": 2,
      "Beta": 2,
      "Density": 778.623715,
      "Weight": 207.425358,
      "Stackable": 1
    },
    {
      "Length": 94,
      "C1_Length": 0,
      "Height": 33,
      "C1_Height": 1,
      "Depth": 38,
      "C1_Depth": 1,
      "Demand": 4,
      "DemandMax": null,
      "Value": 117876,
      "CustomerId": 47,
      "Priority": 47,
      "Alpha": 2,
      "Beta": 2,
      "Density": 960.4179,
      "Weight": 113.21022,
      "Stackable": 1
    },
    {
      "Length": 108,
      "C1_Length": 0,
      "Height": 30,
      "C1_Height": 1,
      "Depth": 67,
      "C1_Depth": 0,
      "Demand": 1,
      "DemandMax": null,
      "Value": 217080,
      "CustomerId": 29,
      "Priority": 29,
      "Alpha": 2,
      "Beta": 2,
      "Density": 688.261868,
      "Weight": 149.407886,
      "Stackable": 1
    },
    {
      "Length": 60,
      "C1_Length": 0,
      "Height": 30,
      "C1_Height": 1,
      "Depth": 34,
      "C1_Depth": 1,
      "Demand": 1,
      "DemandMax": null,
      "Value": 61200,
      "CustomerId": 54,
      "Priority": 54,
      "Alpha": 2,
      "Beta": 2,
      "Density": 1356.342875,
      "Weight": 83.008184,
      "Stackable": 1
    },
    {
      "Length": 57,
      "C1_Length": 0,
      "Height": 27,
      "C1_Height": 1,
      "Depth": 37,
      "C1_Depth": 1,
      "Demand": 3,
      "DemandMax": null,
      "Value": 56943,
      "CustomerId": 57,
      "Priority": 57,
      "Alpha": 2,
      "Beta": 2,
      "Density": 1207.264176,
      "Weight": 68.745244,
      "Stackable": 1
    },
    {
      "Length": 104,
      "C1_Length": 0,
      "Height": 41,
      "C1_Height": 1,
      "Depth": 74,
      "C1_Depth": 1,
      "Demand": 4,
      "DemandMax": null,
      "Value": 315536,
      "CustomerId": 15,
      "Priority": 15,
      "Alpha": 2,
      "Beta": 2,
      "Density": 970.418914,
      "Weight": 306.202103,
      "Stackable": 1
    },
    {
      "Length": 47,
      "C1_Length": 0,
      "Height": 23,
      "C1_Height": 1,
      "Depth": 45,
      "C1_Depth": 1,
      "Demand": 2,
      "DemandMax": null,
      "Value": 48645,
      "CustomerId": 59,
      "Priority": 59,
      "Alpha": 2,
      "Beta": 2,
      "Density": 1723.528036,
      "Weight": 83.841021,
      "Stackable": 1
    },
    {
      "Length": 112,
      "C1_Length": 0,
      "Height": 24,
      "C1_Height": 1,
      "Depth": 89,
      "C1_Depth": 0,
      "Demand": 1,
      "DemandMax": null,
      "Value": 239232,
      "CustomerId": 25,
      "Priority": 25,
      "Alpha": 2,
      "Beta": 2,
      "Density": 1363.870274,
      "Weight": 326.281413,
      "Stackable": 1
    },
    {
      "Length": 101,
      "C1_Length": 0,
      "Height": 28,
      "C1_Height": 1,
      "Depth": 83,
      "C1_Depth": 0,
      "Demand": 1,
      "DemandMax": null,
      "Value": 234724,
      "CustomerId": 27,
      "Priority": 27,
      "Alpha": 2,
      "Beta": 2,
      "Density": 1136.677828,
      "Weight": 266.805566,
      "Stackable": 1
    },
    {
      "Length": 72,
      "C1_Length": 1,
      "Height": 52,
      "C1_Height": 1,
      "Depth": 61,
      "C1_Depth": 1,
      "Demand": 1,
      "DemandMax": null,
      "Value": 228384,
      "CustomerId": 28,
      "Priority": 28,
      "Alpha": 2,
      "Beta": 2,
      "Density": 1406.343258,
      "Weight": 321.186299,
      "Stackable": 1
    },
    {
      "Length": 94,
      "C1_Length": 1,
      "Height": 63,
      "C1_Height": 1,
      "Depth": 67,
      "C1_Depth": 1,
      "Demand": 1,
      "DemandMax": null,
      "Value": 396774,
      "CustomerId": 8,
      "Priority": 8,
      "Alpha": 2,
      "Beta": 2,
      "Density": 838.189567,
      "Weight": 332.571827,
      "Stackable": 0
    },
    {
      "Length": 104,
      "C1_Length": 0,
      "Height": 45,
      "C1_Height": 1,
      "Depth": 80,
      "C1_Depth": 1,
      "Demand": 1,
      "DemandMax": null,
      "Value": 374400,
      "CustomerId": 10,
      "Priority": 10,
      "Alpha": 2,
      "Beta": 2,
      "Density": 1368.884263,
      "Weight": 512.510268,
      "Stackable": 1
    },
    {
      "Length": 110,
      "C1_Length": 0,
      "Height": 37,
      "C1_Height": 1,
      "Depth": 75,
      "C1_Depth": 0,
      "Demand": 3,
      "DemandMax": null,
      "Value": 305250,
      "CustomerId": 17,
      "Priority": 17,
      "Alpha": 2,
      "Beta": 2,
      "Density": 929.719432,
      "Weight": 283.796857,
      "Stackable": 1
    },
    {
      "Length": 93,
      "C1_Length": 0,
      "Height": 46,
      "C1_Height": 1,
      "Depth": 59,
      "C1_Depth": 1,
      "Demand": 3,
      "DemandMax": null,
      "Value": 252402,
      "CustomerId": 23,
      "Priority": 23,
      "Alpha": 2,
      "Beta": 2,
      "Density": 1067.978849,
      "Weight": 269.559998,
      "Stackable": 1
    },
    {
      "Length": 71,
      "C1_Length": 1,
      "Height": 47,
      "C1_Height": 1,
      "Depth": 71,
      "C1_Depth": 1,
      "Demand": 2,
      "DemandMax": null,
      "Value": 236927,
      "CustomerId": 26,
      "Priority": 26,
      "Alpha": 2,
      "Beta": 2,
      "Density": 822.355256,
      "Weight": 194.838164,
      "Stackable": 1
    },
    {
      "Length": 74,
      "C1_Length": 1,
      "Height": 56,
      "C1_Height": 1,
      "Depth": 74,
      "C1_Depth": 1,
      "Demand": 1,
      "DemandMax": null,
      "Value": 306656,
      "CustomerId": 16,
      "Priority": 16,
      "Alpha": 2,
      "Beta": 2,
      "Density": 1119.653639,
      "Weight": 343.348506,
      "Stackable": 1
    },
    {
      "Length": 89,
      "C1_Length": 0,
      "Height": 30,
      "C1_Height": 1,
      "Depth": 42,
      "C1_Depth": 1,
      "Demand": 1,
      "DemandMax": null,
      "Value": 112140,
      "CustomerId": 49,
      "Priority": 49,
      "Alpha": 2,
      "Beta": 2,
      "Density": 629.625129,
      "Weight": 70.606162,
      "Stackable": 1
    },
    {
      "Length": 81,
      "C1_Length": 1,
      "Height": 49,
      "C1_Height": 1,
      "Depth": 69,
      "C1_Depth": 1,
      "Demand": 3,
      "DemandMax": null,
      "Value": 273861,
      "CustomerId": 19,
      "Priority": 19,
      "Alpha": 2,
      "Beta": 2,
      "Density": 1630.068523,
      "Weight": 446.412196,
      "Stackable": 1
    },
    {
      "Length": 81,
      "C1_Length": 0,
      "Height": 30,
      "C1_Height": 1,
      "Depth": 56,
      "C1_Depth": 1,
      "Demand": 3,
      "DemandMax": null,
      "Value": 136080,
      "CustomerId": 40,
      "Priority": 40,
      "Alpha": 2,
      "Beta": 2,
      "Density": 1208.199073,
      "Weight": 164.41173,
      "Stackable": 1
    },
    {
      "Length": 97,
      "C1_Length": 0,
      "Height": 23,
      "C1_Height": 1,
      "Depth": 73,
      "C1_Depth": 0,
      "Demand": 3,
      "DemandMax": null,
      "Value": 162863,
      "CustomerId": 37,
      "Priority": 37,
      "Alpha": 2,
      "Beta": 2,
      "Density": 1004.704247,
      "Weight": 163.629148,
      "Stackable": 1
    },
    {
      "Length": 116,
      "C1_Length": 0,
      "Height": 36,
      "C1_Height": 1,
      "Depth": 43,
      "C1_Depth": 1,
      "Demand": 2,
      "DemandMax": null,
      "Value": 179568,
      "CustomerId": 33,
      "Priority": 33,
      "Alpha": 2,
      "Beta": 2,
      "Density": 1419.263384,
      "Weight": 254.854287,
      "Stackable": 1
    },
    {
      "Length": 51,
      "C1_Length": 1,
      "Height": 29,
      "C1_Height": 1,
      "Depth": 39,
      "C1_Depth": 1,
      "Demand": 2,
      "DemandMax": null,
      "Value": 57681,
      "CustomerId": 55,
      "Priority": 55,
      "Alpha": 2,
      "Beta": 2,
      "Density": 1320.56491,
      "Weight": 76.171505,
      "Stackable": 1
    },
    {
      "Length": 74,
      "C1_Length": 1,
      "Height": 41,
      "C1_Height": 1,
      "Depth": 56,
      "C1_Depth": 1,
      "Demand": 2,
      "DemandMax": null,
      "Value": 169904,
      "CustomerId": 35,
      "Priority": 35,
      "Alpha": 2,
      "Beta": 2,
      "Density": 1007.170752,
      "Weight": 171.12234,
      "Stackable": 1
    },
    {
      "Length": 71,
      "C1_Length": 1,
      "Height": 58,
      "C1_Height": 1,
      "Depth": 71,
      "C1_Depth": 1,
      "Demand": 1,
      "DemandMax": null,
      "Value": 292378,
      "CustomerId": 18,
      "Priority": 18,
      "Alpha": 2,
      "Beta": 2,
      "Density": 616.809505,
      "Weight": 180.341529,
      "Stackable": 1
    },
    {
      "Length": 70,
      "C1_Length": 0,
      "Height": 27,
      "C1_Height": 1,
      "Depth": 50,
      "C1_Depth": 1,
      "Demand": 3,
      "DemandMax": null,
      "Value": 94500,
      "CustomerId": 51,
      "Priority": 51,
      "Alpha": 2,
      "Beta": 2,
      "Density": 1400.374523,
      "Weight": 132.335392,
      "Stackable": 1
    },
    {
      "Length": 63,
      "C1_Length": 1,
      "Height": 41,
      "C1_Height": 1,
      "Depth": 59,
      "C1_Depth": 1,
      "Demand": 2,
      "DemandMax": null,
      "Value": 152397,
      "CustomerId": 39,
      "Priority": 39,
      "Alpha": 2,
      "Beta": 2,
      "Density": 811.377148,
      "Weight": 123.651443,
      "Stackable": 1
    },
    {
      "Length": 64,
      "C1_Length": 1,
      "Height": 48,
      "C1_Height": 1,
      "Depth": 54,
      "C1_Depth": 1,
      "Demand": 1,
      "DemandMax": null,
      "Value": 165888,
      "CustomerId": 36,
      "Priority": 36,
      "Alpha": 2,
      "Beta": 2,
      "Density": 1628.596383,
      "Weight": 270.164597,
      "Stackable": 1
    },
    {
      "Length": 83,
      "C1_Length": 0,
      "Height": 27,
      "C1_Height": 1,
      "Depth": 53,
      "C1_Depth": 1,
      "Demand": 4,
      "DemandMax": null,
      "Value": 118773,
      "CustomerId": 46,
      "Priority": 46,
      "Alpha": 2,
      "Beta": 2,
      "Density": 1106.256269,
      "Weight": 131.393376,
      "Stackable": 1
    },
    {
      "Length": 58,
      "C1_Length": 0,
      "Height": 26,
      "C1_Height": 1,
      "Depth": 30,
      "C1_Depth": 1,
      "Demand": 3,
      "DemandMax": null,
      "Value": 45240,
      "CustomerId": 60,
      "Priority": 60,
      "Alpha": 2,
      "Beta": 2,
      "Density": 1092.323203,
      "Weight": 49.416702,
      "Stackable": 1
    },
    {
      "Length": 116,
      "C1_Length": 0,
      "Height": 26,
      "C1_Height": 1,
      "Depth": 87,
      "C1_Depth": 0,
      "Demand": 2,
      "DemandMax": null,
      "Value": 262392,
      "CustomerId": 22,
      "Priority": 22,
      "Alpha": 2,
      "Beta": 2,
      "Density": 864.663204,
      "Weight": 226.880707,
      "Stackable": 1
    },
    {
      "Length": 82,
      "C1_Length": 1,
      "Height": 42,
      "C1_Height": 1,
      "Depth": 51,
      "C1_Depth": 1,
      "Demand": 2,
      "DemandMax": null,
      "Value": 175644,
      "CustomerId": 34,
      "Priority": 34,
      "Alpha": 2,
      "Beta": 2,
      "Density": 1396.88794,
      "Weight": 245.354985,
      "Stackable": 1
    },
    {
      "Length": 87,
      "C1_Length": 0,
      "Height": 31,
      "C1_Height": 1,
      "Depth": 72,
      "C1_Depth": 0,
      "Demand": 2,
      "DemandMax": null,
      "Value": 194184,
      "CustomerId": 32,
      "Priority": 32,
      "Alpha": 2,
      "Beta": 2,
      "Density": 727.063979,
      "Weight": 141.184192,
      "Stackable": 1
    },
    {
      "Length": 75,
      "C1_Length": 1,
      "Height": 67,
      "C1_Height": 1,
      "Depth": 72,
      "C1_Depth": 1,
      "Demand": 1,
      "DemandMax": null,
      "Value": 361800,
      "CustomerId": 11,
      "Priority": 11,
      "Alpha": 2,
      "Beta": 2,
      "Density": 931.592358,
      "Weight": 337.050115,
      "Stackable": 1
    },
    {
      "Length": 65,
      "C1_Length": 0,
      "Height": 29,
      "C1_Height": 1,
      "Depth": 54,
      "C1_Depth": 1,
      "Demand": 1,
      "DemandMax": null,
      "Value": 101790,
      "CustomerId": 50,
      "Priority": 50,
      "Alpha": 2,
      "Beta": 2,
      "Density": 1034.03795,
      "Weight": 105.254723,
      "Stackable": 1
    },
    {
      "Length": 116,
      "C1_Length": 0,
      "Height": 22,
      "C1_Height": 1,
      "Depth": 98,
      "C1_Depth": 0,
      "Demand": 4,
      "DemandMax": null,
      "Value": 250096,
      "CustomerId": 24,
      "Priority": 24,
      "Alpha": 2,
      "Beta": 2,
      "Density": 1133.835561,
      "Weight": 283.567739,
      "Stackable": 1
    },
    {
      "Length": 84,
      "C1_Length": 1,
      "Height": 68,
      "C1_Height": 1,
      "Depth": 68,
      "C1_Depth": 1,
      "Demand": 1,
      "DemandMax": null,
      "Value": 388416,
      "CustomerId": 9,
      "Priority": 9,
      "Alpha": 2,
      "Beta": 2,
      "Density": 800.444979,
      "Weight": 310.905637,
      "Stackable": 1
    },
    {
      "Length": 82,
      "C1_Length": 0,
      "Height": 26,
      "C1_Height": 1,
      "Depth": 33,
      "C1_Depth": 1,
      "Demand": 3,
      "DemandMax": null,
      "Value": 70356,
      "CustomerId": 53,
      "Priority": 53,
      "Alpha": 2,
      "Beta": 2,
      "Density": 1455.148202,
      "Weight": 102.378407,
      "Stackable": 1
    }
  ],
  "Modification": {
    "family": "BR-Modified",
    "seed": 123,
    "weight_model": "beta_density",
    "alpha": 2,
    "beta": 2,
    "Pmax_kg": 28200.0,
    "target_util": 0.8,
    "container_dims": {
      "L": 587,
      "W": 233,
      "H": 220
    },
    "Dc_kg_per_m3": 1171.500338,
    "Dcmin": 585.750169,
    "Dcmax": 1757.250507,
    "customer_rule": "per-type by volume desc; heavy -> higher customer_id/priority",
    "stackable_rule": "type-level Bernoulli(p_nonstackable=0.01)"
  }
}