{
  "Name": "40",
  "Objects": [
    {
      "Length": 587,
      "Height": 233,
      "Depth": 220,
      "Stock": null,
      "Cost": 30089620
    }
  ],
  "Items": [
    {
      "Length": 85,
      "C1_Length": 1,
      "Height": 62,
      "C1_Height": 1,
      "Depth": 77,
      "C1_Depth": 1,
      "Demand": 3,
      "DemandMax": null,
      "Value": 405790,
      "CustomerId": 13,
      "Priority": 13,
      "Alpha": 2,
      "Beta": 2,
      "Density": 1523.487251,
      "Weight": 618.215892,
      "Stackable": 1
    },
    {
      "Length": 94,
      "C1_Length": 0,
      "Height": 32,
      "C1_Height": 1,
      "Depth": 63,
      "C1_Depth": 1,
      "Demand": 1,
      "DemandMax": null,
      "Value": 189504,
      "CustomerId": 40,
      "Priority": 40,
      "Alpha": 2,
      "Beta": 2,
      "Density": 1652.735789,
      "Weight": 313.200043,
      "Stackable": 1
    },
    {
      "Length": 83,
      "C1_Length": 1,
      "Height": 45,
      "C1_Height": 1,
      "Depth": 75,
      "C1_Depth": 1,
      "Demand": 3,
      "DemandMax": null,
      "Value": 280125,
      "CustomerId": 23,
      "Priority": 23,
      "Alpha": 2,
      "Beta": 2,
      "Density": 1580.809287,
      "Weight": 442.824202,
      "Stackable": 1
    },
    {
      "Length": 95,
      "C1_Length": 1,
      "Height": 54,
      "C1_Height": 1,
      "Depth": 95,
      "C1_Depth": 1,
      "Demand": 4,
      "DemandMax": null,
      "Value": 487350,
      "CustomerId": 8,
      "Priority": 8,
      "Alpha": 2,
      "Beta": 2,
      "Density": 1034.089662,
      "Weight": 503.963597,
      "Stackable": 1
    },
    {
      "Length": 76,
      "C1_Length": 0,
      "Height": 30,
      "C1_Height": 1,
      "Depth": 76,
      "C1_Depth": 0,
      "Demand": 1,
      "DemandMax": null,
      "Value": 173280,
      "CustomerId": 45,
      "Priority": 45,
      "Alpha": 2,
      "Beta": 2,
      "Density": 796.015974,
      "Weight": 137.933648,
      "Stackable": 1
    },
    {
      "Length": 113,
      "C1_Length": 0,
      "Height": 44,
      "C1_Height": 1,
      "Depth": 66,
      "C1_Depth": 1,
      "Demand": 2,
      "DemandMax": null,
      "Value": 328152,
      "CustomerId": 16,
      "Priority": 16,
      "Alpha": 2,
      "Beta": 2,
      "Density": 1086.920967,
      "Weight": 356.675289,
      "Stackable": 1
    },
    {
      "Length": 108,
      "C1_Length": 1,
      "Height": 61,
      "C1_Height": 1,
      "Depth": 71,
      "C1_Depth": 1,
      "Demand": 2,
      "DemandMax": null,
      "Value": 467748,
      "CustomerId": 10,
      "Priority": 10,
      "Alpha": 2,
      "Beta": 2,
      "Density": 1342.477517,
      "Weight": 627.941173,
      "Stackable": 1
    },
    {
      "Length": 118,
      "C1_Length": 0,
      "Height": 37,
      "C1_Height": 1,
      "Depth": 62,
      "C1_Depth": 1,
      "Demand": 2,
      "DemandMax": null,
      "Value": 270692,
      "CustomerId": 24,
      "Priority": 24,
      "Alpha": 2,
      "Beta": 2,
      "Density": 756.183231,
      "Weight": 204.692751,
      "Stackable": 1
    },
    {
      "Length": 93,
      "C1_Length": 1,
      "Height": 48,
      "C1_Height": 1,
      "Depth": 58,
      "C1_Depth": 1,
      "Demand": 3,
      "DemandMax": null,
      "Value": 258912,
      "CustomerId": 26,
      "Priority": 26,
      "Alpha": 2,
      "Beta": 2,
      "Density": 1708.829046,
      "Weight": 442.436346,
      "Stackable": 1
    },
    {
      "Length": 60,
      "C1_Length": 0,
      "Height": 29,
      "C1_Height": 1,
      "Depth": 32,
      "C1_Depth": 1,
      "Demand": 1,
      "DemandMax": null,
      "Value": 55680,
      "CustomerId": 58,
      "Priority": 58,
      "Alpha": 2,
      "Beta": 2,
      "Density": 1199.418698,
      "Weight": 66.783633,
      "Stackable": 1
    },
    {
      "Length": 97,
      "C1_Length": 1,
      "Height": 59,
      "C1_Height": 1,
      "Depth": 75,
      "C1_Depth": 1,
      "Demand": 1,
      "DemandMax": null,
      "Value": 429225,
      "CustomerId": 12,
      "Priority": 12,
      "Alpha": 2,
      "Beta": 2,
      "Density": 1137.616905,
      "Weight": 488.293616,
      "Stackable": 1
    },
    {
      "Length": 105,
      "C1_Length": 0,
      "Height": 35,
      "C1_Height": 1,
      "Depth": 56,
      "C1_Depth": 1,
      "Demand": 2,
      "DemandMax": null,
      "Value": 205800,
      "CustomerId": 35,
      "Priority": 35,
      "Alpha": 2,
      "Beta": 2,
      "Density": 1276.637409,
      "Weight": 262.731979,
      "Stackable": 1
    },
    {
      "Length": 67,
      "C1_Length": 1,
      "Height": 53,
      "C1_Height": 1,
      "Depth": 58,
      "C1_Depth": 1,
      "Demand": 2,
      "DemandMax": null,
      "Value": 205958,
      "CustomerId": 34,
      "Priority": 34,
      "Alpha": 2,
      "Beta": 2,
      "Density": 1220.218285,
      "Weight": 251.313718,
      "Stackable": 1
    },
    {
      "Length": 96,
      "C1_Length": 0,
      "Height": 37,
      "C1_Height": 1,
      "Depth": 51,
      "C1_Depth": 1,
      "Demand": 1,
      "DemandMax": null,
      "Value": 181152,
      "CustomerId": 44,
      "Priority": 44,
      "Alpha": 2,
      "Beta": 2,
      "Density": 904.207188,
      "Weight": 163.79894,
      "Stackable": 1
    },
    {
      "Length": 91,
      "C1_Length": 0,
      "Height": 32,
      "C1_Height": 1,
      "Depth": 52,
      "C1_Depth": 1,
      "Demand": 3,
      "DemandMax": null,
      "Value": 151424,
      "CustomerId": 49,
      "Priority": 49,
      "Alpha": 2,
      "Beta": 2,
      "Density": 1377.325451,
      "Weight": 208.560129,
      "Stackable": 1
    },
    {
      "Length": 73,
      "C1_Length": 0,
      "Height": 32,
      "C1_Height": 1,
      "Depth": 70,
      "C1_Depth": 0,
      "Demand": 3,
      "DemandMax": null,
      "Value": 163520,
      "CustomerId": 47,
      "Priority": 47,
      "Alpha": 2,
      "Beta": 2,
      "Density": 858.998826,
      "Weight": 140.463488,
      "Stackable": 1
    },
    {
      "Length": 96,
      "C1_Length": 0,
      "Height": 22,
      "C1_Height": 1,
      "Depth": 80,
      "C1_Depth": 0,
      "Demand": 3,
      "DemandMax": null,
      "Value": 168960,
      "CustomerId": 46,
      "Priority": 46,
      "Alpha": 2,
      "Beta": 2,
      "Density": 1090.153413,
      "Weight": 184.192321,
      "Stackable": 1
    },
    {
      "Length": 94,
      "C1_Length": 1,
      "Height": 66,
      "C1_Height": 1,
      "Depth": 82,
      "C1_Depth": 1,
      "Demand": 3,
      "DemandMax": null,
      "Value": 508728,
      "CustomerId": 6,
      "Priority": 6,
      "Alpha": 2,
      "Beta": 2,
      "Density": 1355.507751,
      "Weight": 689.584747,
      "Stackable": 1
    },
    {
      "Length": 95,
      "C1_Length": 1,
      "Height": 73,
      "C1_Height": 1,
      "Depth": 76,
      "C1_Depth": 1,
      "Demand": 2,
      "DemandMax": null,
      "Value": 527060,
      "CustomerId": 4,
      "Priority": 4,
      "Alpha": 2,
      "Beta": 2,
      "Density": 800.976578,
      "Weight": 422.162715,
      "Stackable": 1
    },
    {
      "Length": 64,
      "C1_Length": 0,
      "Height": 23,
      "C1_Height": 1,
      "Depth": 29,
      "C1_Depth": 1,
      "Demand": 2,
      "DemandMax": null,
      "Value": 42688,
      "CustomerId": 59,
      "Priority": 59,
      "Alpha": 2,
      "Beta": 2,
      "Density": 902.105277,
      "Weight": 38.50907,
      "Stackable": 1
    },
    {
      "Length": 99,
      "C1_Length": 0,
      "Height": 32,
      "C1_Height": 1,
      "Depth": 85,
      "C1_Depth": 0,
      "Demand": 2,
      "DemandMax": null,
      "Value": 269280,
      "CustomerId": 25,
      "Priority": 25,
      "Alpha": 2,
      "Beta": 2,
      "Density": 1418.858824,
      "Weight": 382.070304,
      "Stackable": 1
    },
    {
      "Length": 85,
      "C1_Length": 0,
      "Height": 40,
      "C1_Height": 1,
      "Depth": 64,
      "C1_Depth": 1,
      "Demand": 1,
      "DemandMax": null,
      "Value": 217600,
      "CustomerId": 33,
      "Priority": 33,
      "Alpha": 2,
      "Beta": 2,
      "Density": 1085.151497,
      "Weight": 236.128966,
      "Stackable": 1
    },
    {
      "Length": 108,
      "C1_Length": 0,
      "Height": 29,
      "C1_Height": 1,
      "Depth": 81,
      "C1_Depth": 0,
      "Demand": 1,
      "DemandMax": null,
      "Value": 253692,
      "CustomerId": 27,
      "Priority": 27,
      "Alpha": 2,
      "Beta": 2,
      "Density": 1641.255954,
      "Weight": 416.373506,
      "Stackable": 1
    },
    {
      "Length": 77,
      "C1_Length": 1,
      "Height": 44,
      "C1_Height": 1,
      "Depth": 56,
      "C1_Depth": 1,
      "Demand": 1,
      "DemandMax": null,
      "Value": 189728,
      "CustomerId": 39,
      "Priority": 39,
      "Alpha": 2,
      "Beta": 2,
      "Density": 1210.156602,
      "Weight": 229.600592,
      "Stackable": 1
    },
    {
      "Length": 110,
      "C1_Length": 1,
      "Height": 78,
      "C1_Height": 1,
      "Depth": 86,
      "C1_Depth": 1,
      "Demand": 2,
      "DemandMax": null,
      "Value": 737880,
      "CustomerId": 1,
      "Priority": 1,
      "Alpha": 2,
      "Beta": 2,
      "Density": 1521.719655,
      "Weight": 1122.846499,
      "Stackable": 1
    },
    {
      "Length": 100,
      "C1_Length": 0,
      "Height": 35,
      "C1_Height": 1,
      "Depth": 86,
      "C1_Depth": 0,
      "Demand": 3,
      "DemandMax": null,
      "Value": 301000,
      "CustomerId": 19,
      "Priority": 19,
      "Alpha": 2,
      "Beta": 2,
      "Density": 1081.723142,
      "Weight": 325.598666,
      "Stackable": 1
    },
    {
      "Length": 88,
      "C1_Length": 1,
      "Height": 50,
      "C1_Height": 1,
      "Depth": 69,
      "C1_Depth": 1,
      "Demand": 4,
      "DemandMax": null,
      "Value": 303600,
      "CustomerId": 17,
      "Priority": 17,
      "Alpha": 2,
      "Beta": 2,
      "Density": 1348.067351,
      "Weight": 409.273248,
      "Stackable": 1
    },
    {
      "Length": 81,
      "C1_Length": 1,
      "Height": 53,
      "C1_Height": 1,
      "Depth": 67,
      "C1_Depth": 1,
      "Demand": 1,
      "DemandMax": null,
      "Value": 287631,
      "CustomerId": 21,
      "Priority": 21,
      "Alpha": 2,
      "Beta": 2,
      "Density": 1103.038211,
      "Weight": 317.267984,
      "Stackable": 1
    },
    {
      "Length": 56,
      "C1_Length": 1,
      "Height": 33,
      "C1_Height": 1,
      "Depth": 38,
      "C1_Depth": 1,
      "Demand": 2,
      "DemandMax": null,
      "Value": 70224,
      "CustomerId": 56,
      "Priority": 56,
      "Alpha": 2,
      "Beta": 2,
      "Density": 1263.518534,
      "Weight": 88.729326,
      "Stackable": 1
    },
    {
      "Length": 73,
      "C1_Length": 0,
      "Height": 28,
      "C1_Height": 1,
      "Depth": 36,
      "C1_Depth": 1,
      "Demand": 1,
      "DemandMax": null,
      "Value": 73584,
      "CustomerId": 55,
      "Priority": 55,
      "Alpha": 2,
      "Beta": 2,
      "Density": 1479.799512,
      "Weight": 108.889567,
      "Stackable": 1
    },
    {
      "Length": 63,
      "C1_Length": 1,
      "Height": 51,
      "C1_Height": 1,
      "Depth": 57,
      "C1_Depth": 1,
      "Demand": 1,
      "DemandMax": null,
      "Value": 183141,
      "CustomerId": 42,
      "Priority": 42,
      "Alpha": 2,
      "Beta": 2,
      "Density": 1181.677975,
      "Weight": 216.413686,
      "Stackable": 1
    },
    {
      "Length": 70,
      "C1_Length": 1,
      "Height": 49,
      "C1_Height": 1,
      "Depth": 64,
      "C1_Depth": 1,
      "Demand": 2,
      "DemandMax": null,
      "Value": 219520,
      "CustomerId": 32,
      "Priority": 32,
      "Alpha": 2,
      "Beta": 2,
      "Density": 1584.205043,
      "Weight": 347.764691,
      "Stackable": 1
    },
    {
      "Length": 96,
      "C1_Length": 0,
      "Height": 32,
      "C1_Height": 1,
      "Depth": 65,
      "C1_Depth": 0,
      "Demand": 1,
      "DemandMax": null,
      "Value": 199680,
      "CustomerId": 37,
      "Priority": 37,
      "Alpha": 2,
      "Beta": 2,
      "Density": 855.046358,
      "Weight": 170.735657,
      "Stackable": 1
    },
    {
      "Length": 99,
      "C1_Length": 0,
      "Height": 35,
      "C1_Height": 1,
      "Depth": 46,
      "C1_Depth": 1,
      "Demand": 3,
      "DemandMax": null,
      "Value": 159390,
      "CustomerId": 48,
      "Priority": 48,
      "Alpha": 2,
      "Beta": 2,
      "Density": 1702.327066,
      "Weight": 271.333911,
      "Stackable": 1
    },
    {
      "Length": 96,
      "C1_Length": 0,
      "Height": 43,
      "C1_Height": 1,
      "Depth": 91,
      "C1_Depth": 0,
      "Demand": 3,
      "DemandMax": null,
      "Value": 375648,
      "CustomerId": 14,
      "Priority": 14,
      "Alpha": 2,
      "Beta": 2,
      "Density": 1158.22944,
      "Weight": 435.086573,
      "Stackable": 1
    },
    {
      "Length": 56,
      "C1_Length": 1,
      "Height": 33,
      "C1_Height": 1,
      "Depth": 48,
      "C1_Depth": 1,
      "Demand": 1,
      "DemandMax": null,
      "Value": 88704,
      "CustomerId": 52,
      "Priority": 52,
      "Alpha": 2,
      "Beta": 2,
      "Density": 738.868517,
      "Weight": 65.540593,
      "Stackable": 1
    },
    {
      "Length": 87,
      "C1_Length": 1,
      "Height": 58,
      "C1_Height": 1,
      "Depth": 66,
      "C1_Depth": 1,
      "Demand": 1,
      "DemandMax": null,
      "Value": 333036,
      "CustomerId": 15,
      "Priority": 15,
      "Alpha": 2,
      "Beta": 2,
      "Density": 674.471464,
      "Weight": 224.623279,
      "Stackable": 1
    },
    {
      "Length": 63,
      "C1_Length": 1,
      "Height": 39,
      "C1_Height": 1,
      "Depth": 41,
      "C1_Depth": 1,
      "Demand": 2,
      "DemandMax": null,
      "Value": 100737,
      "CustomerId": 51,
      "Priority": 51,
      "Alpha": 2,
      "Beta": 2,
      "Density": 774.829977,
      "Weight": 78.054047,
      "Stackable": 1
    },
    {
      "Length": 109,
      "C1_Length": 0,
      "Height": 49,
      "C1_Height": 1,
      "Depth": 53,
      "C1_Depth": 1,
      "Demand": 1,
      "DemandMax": null,
      "Value": 283073,
      "CustomerId": 22,
      "Priority": 22,
      "Alpha": 2,
      "Beta": 2,
      "Density": 917.85233,
      "Weight": 259.819213,
      "Stackable": 1
    },
    {
      "Length": 88,
      "C1_Length": 1,
      "Height": 56,
      "C1_Height": 1,
      "Depth": 61,
      "C1_Depth": 1,
      "Demand": 3,
      "DemandMax": null,
      "Value": 300608,
      "CustomerId": 20,
      "Priority": 20,
      "Alpha": 2,
      "Beta": 2,
      "Density": 1121.77106,
      "Weight": 337.213355,
      "Stackable": 1
    },
    {
      "Length": 105,
      "C1_Length": 0,
      "Height": 36,
      "C1_Height": 1,
      "Depth": 53,
      "C1_Depth": 1,
      "Demand": 1,
      "DemandMax": null,
      "Value": 200340,
      "CustomerId": 36,
      "Priority": 36,
      "Alpha": 2,
      "Beta": 2,
      "Density": 889.937584,
      "Weight": 178.290096,
      "Stackable": 1
    },
    {
      "Length": 93,
      "C1_Length": 1,
      "Height": 64,
      "C1_Height": 1,
      "Depth": 80,
      "C1_Depth": 1,
      "Demand": 1,
      "DemandMax": null,
      "Value": 476160,
      "CustomerId": 9,
      "Priority": 9,
      "Alpha": 2,
      "Beta": 2,
      "Density": 1332.821065,
      "Weight": 634.636078,
      "Stackable": 1
    },
    {
      "Length": 68,
      "C1_Length": 1,
      "Height": 49,
      "C1_Height": 1,
      "Depth": 59,
      "C1_Depth": 1,
      "Demand": 3,
      "DemandMax": null,
      "Value": 196588,
      "CustomerId": 38,
      "Priority": 38,
      "Alpha": 2,
      "Beta": 2,
      "Density": 1278.561949,
      "Weight": 251.349936,
      "Stackable": 1
    },
    {
      "Length": 48,
      "C1_Length": 1,
      "Height": 35,
      "C1_Height": 1,
      "Depth": 37,
      "C1_Depth": 1,
      "Demand": 1,
      "DemandMax": null,
      "Value": 62160,
      "CustomerId": 57,
      "Priority": 57,
      "Alpha": 2,
      "Beta": 2,
      "Density": 771.805992,
      "Weight": 47.97546,
      "Stackable": 1
    },
    {
      "Length": 87,
      "C1_Length": 1,
      "Height": 69,
      "C1_Height": 1,
      "Depth": 72,
      "C1_Depth": 1,
      "Demand": 1,
      "DemandMax": null,
      "Value": 432216,
      "CustomerId": 11,
      "Priority": 11,
      "Alpha": 2,
      "Beta": 2,
      "Density": 1451.465486,
      "Weight": 627.346607,
      "Stackable": 1
    },
    {
      "Length": 110,
      "C1_Length": 1,
      "Height": 73,
      "C1_Height": 1,
      "Depth": 84,
      "C1_Depth": 1,
      "Demand": 2,
      "DemandMax": null,
      "Value": 674520,
      "CustomerId": 2,
      "Priority": 2,
      "Alpha": 2,
      "Beta": 2,
      "Density": 1602.865401,
      "Weight": 1081.16477,
      "Stackable": 1
    },
    {
      "Length": 110,
      "C1_Length": 0,
      "Height": 46,
      "C1_Height": 1,
      "Depth": 48,
      "C1_Depth": 1,
      "Demand": 2,
      "DemandMax": null,
      "Value": 242880,
      "CustomerId": 28,
      "Priority": 28,
      "Alpha": 2,
      "Beta": 2,
      "Density": 1246.214137,
      "Weight": 302.680489,
      "Stackable": 1
    },
    {
      "Length": 90,
      "C1_Length": 0,
      "Height": 43,
      "C1_Height": 1,
      "Depth": 47,
      "C1_Depth": 1,
      "Demand": 1,
      "DemandMax": null,
      "Value": 181890,
      "CustomerId": 43,
      "Priority": 43,
      "Alpha": 2,
      "Beta": 2,
      "Density": 791.26984,
      "Weight": 143.924071,
      "Stackable": 1
    },
    {
      "Length": 119,
      "C1_Length": 0,
      "Height": 52,
      "C1_Height": 1,
      "Depth": 80,
      "C1_Depth": 1,
      "Demand": 1,
      "DemandMax": null,
      "Value": 495040,
      "CustomerId": 7,
      "Priority": 7,
      "Alpha": 2,
      "Beta": 2,
      "Density": 1063.003087,
      "Weight": 526.229048,
      "Stackable": 1
    },
    {
      "Length": 87,
      "C1_Length": 0,
      "Height": 30,
      "C1_Height": 1,
      "Depth": 72,
      "C1_Depth": 0,
      "Demand": 2,
      "DemandMax": null,
      "Value": 187920,
      "CustomerId": 41,
      "Priority": 41,
      "Alpha": 2,
      "Beta": 2,
      "Density": 922.457304,
      "Weight": 173.348177,
      "Stackable": 1
    },
    {
      "Length": 104,
      "C1_Length": 0,
      "Height": 29,
      "C1_Height": 1,
      "Depth": 79,
      "C1_Depth": 0,
      "Demand": 1,
      "DemandMax": null,
      "Value": 238264,
      "CustomerId": 29,
      "Priority": 29,
      "Alpha": 2,
      "Beta": 2,
      "Density": 1546.503885,
      "Weight": 368.476202,
      "Stackable": 1
    },
    {
      "Length": 89,
      "C1_Length": 1,
      "Height": 77,
      "C1_Height": 1,
      "Depth": 78,
      "C1_Depth": 1,
      "Demand": 1,
      "DemandMax": null,
      "Value": 534534,
      "CustomerId": 3,
      "Priority": 3,
      "Alpha": 2,
      "Beta": 2,
      "Density": 1114.060661,
      "Weight": 595.503301,
      "Stackable": 1
    },
    {
      "Length": 56,
      "C1_Length": 1,
      "Height": 42,
      "C1_Height": 1,
      "Depth": 52,
      "C1_Depth": 1,
      "Demand": 2,
      "DemandMax": null,
      "Value": 122304,
      "CustomerId": 50,
      "Priority": 50,
      "Alpha": 2,
      "Beta": 2,
      "Density": 1199.789108,
      "Weight": 146.739007,
      "Stackable": 1
    },
    {
      "Length": 88,
      "C1_Length": 1,
      "Height": 50,
      "C1_Height": 1,
      "Depth": 69,
      "C1_Depth": 1,
      "Demand": 1,
      "DemandMax": null,
      "Value": 303600,
      "CustomerId": 18,
      "Priority": 18,
      "Alpha": 2,
      "Beta": 2,
      "Density": 1510.099218,
      "Weight": 458.466122,
      "Stackable": 1
    },
    {
      "Length": 70,
      "C1_Length": 0,
      "Height": 24,
      "C1_Height": 1,
      "Depth": 44,
      "C1_Depth": 1,
      "Demand": 1,
      "DemandMax": null,
      "Value": 73920,
      "CustomerId": 54,
      "Priority": 54,
      "Alpha": 2,
      "Beta": 2,
      "Density": 802.238624,
      "Weight": 59.301479,
      "Stackable": 1
    },
    {
      "Length": 81,
      "C1_Length": 1,
      "Height": 43,
      "C1_Height": 1,
      "Depth": 68,
      "C1_Depth": 1,
      "Demand": 1,
      "DemandMax": null,
      "Value": 236844,
      "CustomerId": 30,
      "Priority": 30,
      "Alpha": 2,
      "Beta": 2,
      "Density": 1246.533293,
      "Weight": 295.233931,
      "Stackable": 1
    },
    {
      "Length": 59,
      "C1_Length": 0,
      "Height": 23,
      "C1_Height": 1,
      "Depth": 31,
      "C1_Depth": 1,
      "Demand": 1,
      "DemandMax": null,
      "Value": 42067,
      "CustomerId": 60,
      "Priority": 60,
      "Alpha": 2,
      "Beta": 2,
      "Density": 900.707593,
      "Weight": 37.890066,
      "Stackable": 1
    },
    {
      "Length": 82,
      "C1_Length": 1,
      "Height": 42,
      "C1_Height": 1,
      "Depth": 66,
      "C1_Depth": 1,
      "Demand": 1,
      "DemandMax": null,
      "Value": 227304,
      "CustomerId": 31,
      "Priority": 31,
      "Alpha": 2,
      "Beta": 2,
      "Density": 1260.034126,
      "Weight": 286.410797,
      "Stackable": 1
    },
    {
      "Length": 114,
      "C1_Length": 1,
      "Height": 63,
      "C1_Height": 1,
      "Depth": 72,
      "C1_Depth": 1,
      "Demand": 2,
      "DemandMax": null,
      "Value": 517104,
      "CustomerId": 5,
      "Priority": 5,
      "Alpha": 2,
      "Beta": 2,
      "Density": 1168.296982,
      "Weight": 604.131043,
      "Stackable": 1
    },
    {
      "Length": 62,
      "C1_Length": 0,
      "Height": 28,
      "C1_Height": 1,
      "Depth": 44,
      "C1_Depth": 1,
      "Demand": 1,
      "DemandMax": null,
      "Value": 76384,
      "CustomerId": 53,
      "Priority": 53,
      "Alpha": 2,
      "Beta": 2,
      "Density": 1084.619561,
      "Weight": 82.847581,
      "Stackable": 1
    }
  ],
  "Modification": {
    "family": "BR-Modified",
    "seed": 123,
    "weight_model": "beta_density",
    "alpha": 2,
    "beta": 2,
    "Pmax_kg": 28200.0,
    "target_util": 0.8,
    "container_dims": {
      "L": 587,
      "W": 233,
      "H": 220
    },
    "Dc_kg_per_m3": 1171.500338,
    "Dcmin": 585.750169,
    "Dcmax": 1757.250507,
    "customer_rule": "per-type by volume desc; heavy -> higher customer_id/priority",
    "stackable_rule": "type-level Bernoulli(p_nonstackable=0.01)"
  }
}