{
  "Name": "51",
  "Objects": [
    {
      "Length": 587,
      "Height": 233,
      "Depth": 220,
      "Stock": null,
      "Cost": 30089620
    }
  ],
  "Items": [
    {
      "Length": 66,
      "C1_Length": 1,
      "Height": 36,
      "C1_Height": 1,
      "Depth": 64,
      "C1_Depth": 1,
      "Demand": 3,
      "DemandMax": null,
      "Value": 152064,
      "CustomerId": 36,
      "Priority": 36,
      "Alpha": 2,
      "Beta": 2,
      "Density": 1420.67048,
      "Weight": 216.032836,
      "Stackable": 1
    },
    {
      "Length": 97,
      "C1_Length": 1,
      "Height": 49,
      "C1_Height": 1,
      "Depth": 73,
      "C1_Depth": 1,
      "Demand": 2,
      "DemandMax": null,
      "Value": 346969,
      "CustomerId": 8,
      "Priority": 8,
      "Alpha": 2,
      "Beta": 2,
      "Density": 1640.48955,
      "Weight": 569.199019,
      "Stackable": 1
    },
    {
      "Length": 69,
      "C1_Length": 1,
      "Height": 43,
      "C1_Height": 1,
      "Depth": 60,
      "C1_Depth": 1,
      "Demand": 4,
      "DemandMax": null,
      "Value": 178020,
      "CustomerId": 32,
      "Priority": 32,
      "Alpha": 2,
      "Beta": 2,
      "Density": 1551.601942,
      "Weight": 276.216178,
      "Stackable": 1
    },
    {
      "Length": 52,
      "C1_Length": 0,
      "Height": 20,
      "C1_Height": 1,
      "Depth": 37,
      "C1_Depth": 1,
      "Demand": 1,
      "DemandMax": null,
      "Value": 38480,
      "CustomerId": 60,
      "Priority": 60,
      "Alpha": 2,
      "Beta": 2,
      "Density": 1348.484649,
      "Weight": 51.889689,
      "Stackable": 1
    },
    {
      "Length": 109,
      "C1_Length": 0,
      "Height": 37,
      "C1_Height": 1,
      "Depth": 63,
      "C1_Depth": 1,
      "Demand": 4,
      "DemandMax": null,
      "Value": 254079,
      "CustomerId": 20,
      "Priority": 20,
      "Alpha": 2,
      "Beta": 2,
      "Density": 1471.803074,
      "Weight": 373.954253,
      "Stackable": 1
    },
    {
      "Length": 79,
      "C1_Length": 0,
      "Height": 24,
      "C1_Height": 1,
      "Depth": 57,
      "C1_Depth": 0,
      "Demand": 5,
      "DemandMax": null,
      "Value": 108072,
      "CustomerId": 46,
      "Priority": 46,
      "Alpha": 2,
      "Beta": 2,
      "Density": 774.994148,
      "Weight": 83.755168,
      "Stackable": 1
    },
    {
      "Length": 95,
      "C1_Length": 0,
      "Height": 22,
      "C1_Height": 1,
      "Depth": 72,
      "C1_Depth": 0,
      "Demand": 2,
      "DemandMax": null,
      "Value": 150480,
      "CustomerId": 37,
      "Priority": 37,
      "Alpha": 2,
      "Beta": 2,
      "Density": 789.057775,
      "Weight": 118.737414,
      "Stackable": 1
    },
    {
      "Length": 65,
      "C1_Length": 1,
      "Height": 39,
      "C1_Height": 1,
      "Depth": 50,
      "C1_Depth": 1,
      "Demand": 4,
      "DemandMax": null,
      "Value": 126750,
      "CustomerId": 41,
      "Priority": 41,
      "Alpha": 2,
      "Beta": 2,
      "Density": 609.382195,
      "Weight": 77.239193,
      "Stackable": 1
    },
    {
      "Length": 98,
      "C1_Length": 0,
      "Height": 30,
      "C1_Height": 1,
      "Depth": 42,
      "C1_Depth": 1,
      "Demand": 3,
      "DemandMax": null,
      "Value": 123480,
      "CustomerId": 43,
      "Priority": 43,
      "Alpha": 2,
      "Beta": 2,
      "Density": 992.456142,
      "Weight": 122.548484,
      "Stackable": 1
    },
    {
      "Length": 53,
      "C1_Length": 1,
      "Height": 36,
      "C1_Height": 1,
      "Depth": 40,
      "C1_Depth": 1,
      "Demand": 3,
      "DemandMax": null,
      "Value": 76320,
      "CustomerId": 54,
      "Priority": 54,
      "Alpha": 2,
      "Beta": 2,
      "Density": 1361.694937,
      "Weight": 103.924558,
      "Stackable": 1
    },
    {
      "Length": 82,
      "C1_Length": 1,
      "Height": 51,
      "C1_Height": 1,
      "Depth": 54,
      "C1_Depth": 1,
      "Demand": 3,
      "DemandMax": null,
      "Value": 225828,
      "CustomerId": 24,
      "Priority": 24,
      "Alpha": 2,
      "Beta": 2,
      "Density": 1502.793855,
      "Weight": 339.372931,
      "Stackable": 1
    },
    {
      "Length": 77,
      "C1_Length": 0,
      "Height": 31,
      "C1_Height": 1,
      "Depth": 33,
      "C1_Depth": 1,
      "Demand": 2,
      "DemandMax": null,
      "Value": 78771,
      "CustomerId": 51,
      "Priority": 51,
      "Alpha": 2,
      "Beta": 2,
      "Density": 649.741038,
      "Weight": 51.180751,
      "Stackable": 1
    },
    {
      "Length": 66,
      "C1_Length": 1,
      "Height": 49,
      "C1_Height": 1,
      "Depth": 56,
      "C1_Depth": 1,
      "Demand": 2,
      "DemandMax": null,
      "Value": 181104,
      "CustomerId": 30,
      "Priority": 30,
      "Alpha": 2,
      "Beta": 2,
      "Density": 847.635279,
      "Weight": 153.51014,
      "Stackable": 1
    },
    {
      "Length": 101,
      "C1_Length": 1,
      "Height": 62,
      "C1_Height": 1,
      "Depth": 68,
      "C1_Depth": 1,
      "Demand": 2,
      "DemandMax": null,
      "Value": 425816,
      "CustomerId": 5,
      "Priority": 5,
      "Alpha": 2,
      "Beta": 2,
      "Density": 1179.281965,
      "Weight": 502.157129,
      "Stackable": 1
    },
    {
      "Length": 82,
      "C1_Length": 1,
      "Height": 46,
      "C1_Height": 1,
      "Depth": 64,
      "C1_Depth": 1,
      "Demand": 2,
      "DemandMax": null,
      "Value": 241408,
      "CustomerId": 21,
      "Priority": 21,
      "Alpha": 2,
      "Beta": 2,
      "Density": 1255.847737,
      "Weight": 303.171691,
      "Stackable": 1
    },
    {
      "Length": 88,
      "C1_Length": 1,
      "Height": 58,
      "C1_Height": 1,
      "Depth": 83,
      "C1_Depth": 1,
      "Demand": 1,
      "DemandMax": null,
      "Value": 423632,
      "CustomerId": 6,
      "Priority": 6,
      "Alpha": 2,
      "Beta": 2,
      "Density": 1108.832544,
      "Weight": 469.736948,
      "Stackable": 1
    },
    {
      "Length": 108,
      "C1_Length": 0,
      "Height": 29,
      "C1_Height": 1,
      "Depth": 51,
      "C1_Depth": 1,
      "Demand": 4,
      "DemandMax": null,
      "Value": 159732,
      "CustomerId": 34,
      "Priority": 34,
      "Alpha": 2,
      "Beta": 2,
      "Density": 982.216922,
      "Weight": 156.891473,
      "Stackable": 0
    },
    {
      "Length": 91,
      "C1_Length": 1,
      "Height": 62,
      "C1_Height": 1,
      "Depth": 76,
      "C1_Depth": 1,
      "Demand": 4,
      "DemandMax": null,
      "Value": 428792,
      "CustomerId": 4,
      "Priority": 4,
      "Alpha": 2,
      "Beta": 2,
      "Density": 1505.806323,
      "Weight": 645.677705,
      "Stackable": 1
    },
    {
      "Length": 61,
      "C1_Length": 0,
      "Height": 25,
      "C1_Height": 1,
      "Depth": 32,
      "C1_Depth": 1,
      "Demand": 4,
      "DemandMax": null,
      "Value": 48800,
      "CustomerId": 58,
      "Priority": 58,
      "Alpha": 2,
      "Beta": 2,
      "Density": 1230.164479,
      "Weight": 60.032027,
      "Stackable": 1
    },
    {
      "Length": 70,
      "C1_Length": 0,
      "Height": 30,
      "C1_Height": 1,
      "Depth": 47,
      "C1_Depth": 1,
      "Demand": 3,
      "DemandMax": null,
      "Value": 98700,
      "CustomerId": 47,
      "Priority": 47,
      "Alpha": 2,
      "Beta": 2,
      "Density": 1534.845862,
      "Weight": 151.489287,
      "Stackable": 1
    },
    {
      "Length": 80,
      "C1_Length": 1,
      "Height": 52,
      "C1_Height": 1,
      "Depth": 79,
      "C1_Depth": 1,
      "Demand": 1,
      "DemandMax": null,
      "Value": 328640,
      "CustomerId": 10,
      "Priority": 10,
      "Alpha": 2,
      "Beta": 2,
      "Density": 1176.559911,
      "Weight": 386.664649,
      "Stackable": 1
    },
    {
      "Length": 103,
      "C1_Length": 0,
      "Height": 33,
      "C1_Height": 1,
      "Depth": 43,
      "C1_Depth": 1,
      "Demand": 2,
      "DemandMax": null,
      "Value": 146157,
      "CustomerId": 39,
      "Priority": 39,
      "Alpha": 2,
      "Beta": 2,
      "Density": 884.594562,
      "Weight": 129.289687,
      "Stackable": 0
    },
    {
      "Length": 115,
      "C1_Length": 1,
      "Height": 70,
      "C1_Height": 1,
      "Depth": 88,
      "C1_Depth": 1,
      "Demand": 1,
      "DemandMax": null,
      "Value": 708400,
      "CustomerId": 1,
      "Priority": 1,
      "Alpha": 2,
      "Beta": 2,
      "Density": 1285.820091,
      "Weight": 910.874953,
      "Stackable": 1
    },
    {
      "Length": 98,
      "C1_Length": 0,
      "Height": 26,
      "C1_Height": 1,
      "Depth": 38,
      "C1_Depth": 1,
      "Demand": 2,
      "DemandMax": null,
      "Value": 96824,
      "CustomerId": 49,
      "Priority": 49,
      "Alpha": 2,
      "Beta": 2,
      "Density": 1446.104425,
      "Weight": 140.017615,
      "Stackable": 1
    },
    {
      "Length": 60,
      "C1_Length": 0,
      "Height": 21,
      "C1_Height": 1,
      "Depth": 33,
      "C1_Depth": 1,
      "Demand": 4,
      "DemandMax": null,
      "Value": 41580,
      "CustomerId": 59,
      "Priority": 59,
      "Alpha": 2,
      "Beta": 2,
      "Density": 1149.094273,
      "Weight": 47.77934,
      "Stackable": 1
    },
    {
      "Length": 74,
      "C1_Length": 0,
      "Height": 33,
      "C1_Height": 1,
      "Depth": 54,
      "C1_Depth": 1,
      "Demand": 2,
      "DemandMax": null,
      "Value": 131868,
      "CustomerId": 40,
      "Priority": 40,
      "Alpha": 2,
      "Beta": 2,
      "Density": 1509.442648,
      "Weight": 199.047183,
      "Stackable": 1
    },
    {
      "Length": 87,
      "C1_Length": 0,
      "Height": 39,
      "C1_Height": 1,
      "Depth": 45,
      "C1_Depth": 1,
      "Demand": 3,
      "DemandMax": null,
      "Value": 152685,
      "CustomerId": 35,
      "Priority": 35,
      "Alpha": 2,
      "Beta": 2,
      "Density": 793.973128,
      "Weight": 121.227787,
      "Stackable": 1
    },
    {
      "Length": 77,
      "C1_Length": 1,
      "Height": 42,
      "C1_Height": 1,
      "Depth": 62,
      "C1_Depth": 1,
      "Demand": 4,
      "DemandMax": null,
      "Value": 200508,
      "CustomerId": 27,
      "Priority": 27,
      "Alpha": 2,
      "Beta": 2,
      "Density": 1035.021354,
      "Weight": 207.530062,
      "Stackable": 1
    },
    {
      "Length": 100,
      "C1_Length": 1,
      "Height": 54,
      "C1_Height": 1,
      "Depth": 56,
      "C1_Depth": 1,
      "Demand": 1,
      "DemandMax": null,
      "Value": 302400,
      "CustomerId": 14,
      "Priority": 14,
      "Alpha": 2,
      "Beta": 2,
      "Density": 965.778926,
      "Weight": 292.051547,
      "Stackable": 1
    },
    {
      "Length": 55,
      "C1_Length": 0,
      "Height": 24,
      "C1_Height": 1,
      "Depth": 42,
      "C1_Depth": 1,
      "Demand": 5,
      "DemandMax": null,
      "Value": 55440,
      "CustomerId": 56,
      "Priority": 56,
      "Alpha": 2,
      "Beta": 2,
      "Density": 1211.702146,
      "Weight": 67.176767,
      "Stackable": 1
    },
    {
      "Length": 66,
      "C1_Length": 1,
      "Height": 35,
      "C1_Height": 1,
      "Depth": 47,
      "C1_Depth": 1,
      "Demand": 2,
      "DemandMax": null,
      "Value": 108570,
      "CustomerId": 45,
      "Priority": 45,
      "Alpha": 2,
      "Beta": 2,
      "Density": 874.275382,
      "Weight": 94.920078,
      "Stackable": 1
    },
    {
      "Length": 85,
      "C1_Length": 0,
      "Height": 38,
      "C1_Height": 1,
      "Depth": 71,
      "C1_Depth": 1,
      "Demand": 4,
      "DemandMax": null,
      "Value": 229330,
      "CustomerId": 23,
      "Priority": 23,
      "Alpha": 2,
      "Beta": 2,
      "Density": 1115.483815,
      "Weight": 255.813903,
      "Stackable": 1
    },
    {
      "Length": 63,
      "C1_Length": 1,
      "Height": 59,
      "C1_Height": 1,
      "Depth": 59,
      "C1_Depth": 1,
      "Demand": 2,
      "DemandMax": null,
      "Value": 219303,
      "CustomerId": 26,
      "Priority": 26,
      "Alpha": 2,
      "Beta": 2,
      "Density": 1301.455124,
      "Weight": 285.413013,
      "Stackable": 1
    },
    {
      "Length": 92,
      "C1_Length": 1,
      "Height": 54,
      "C1_Height": 1,
      "Depth": 65,
      "C1_Depth": 1,
      "Demand": 1,
      "DemandMax": null,
      "Value": 322920,
      "CustomerId": 13,
      "Priority": 13,
      "Alpha": 2,
      "Beta": 2,
      "Density": 1207.691226,
      "Weight": 389.987651,
      "Stackable": 1
    },
    {
      "Length": 100,
      "C1_Length": 1,
      "Height": 64,
      "C1_Height": 1,
      "Depth": 77,
      "C1_Depth": 1,
      "Demand": 3,
      "DemandMax": null,
      "Value": 492800,
      "CustomerId": 3,
      "Priority": 3,
      "Alpha": 2,
      "Beta": 2,
      "Density": 1101.74565,
      "Weight": 542.940257,
      "Stackable": 1
    },
    {
      "Length": 90,
      "C1_Length": 1,
      "Height": 49,
      "C1_Height": 1,
      "Depth": 79,
      "C1_Depth": 1,
      "Demand": 4,
      "DemandMax": null,
      "Value": 348390,
      "CustomerId": 7,
      "Priority": 7,
      "Alpha": 2,
      "Beta": 2,
      "Density": 929.659091,
      "Weight": 323.883931,
      "Stackable": 1
    },
    {
      "Length": 104,
      "C1_Length": 0,
      "Height": 25,
      "C1_Height": 1,
      "Depth": 64,
      "C1_Depth": 0,
      "Demand": 2,
      "DemandMax": null,
      "Value": 166400,
      "CustomerId": 33,
      "Priority": 33,
      "Alpha": 2,
      "Beta": 2,
      "Density": 1004.356666,
      "Weight": 167.124949,
      "Stackable": 1
    },
    {
      "Length": 64,
      "C1_Length": 1,
      "Height": 43,
      "C1_Height": 1,
      "Depth": 46,
      "C1_Depth": 1,
      "Demand": 2,
      "DemandMax": null,
      "Value": 126592,
      "CustomerId": 42,
      "Priority": 42,
      "Alpha": 2,
      "Beta": 2,
      "Density": 1347.774448,
      "Weight": 170.617463,
      "Stackable": 1
    },
    {
      "Length": 69,
      "C1_Length": 0,
      "Height": 30,
      "C1_Height": 1,
      "Depth": 38,
      "C1_Depth": 1,
      "Demand": 3,
      "DemandMax": null,
      "Value": 78660,
      "CustomerId": 52,
      "Priority": 52,
      "Alpha": 2,
      "Beta": 2,
      "Density": 852.380572,
      "Weight": 67.048256,
      "Stackable": 1
    },
    {
      "Length": 79,
      "C1_Length": 1,
      "Height": 55,
      "C1_Height": 1,
      "Depth": 79,
      "C1_Depth": 1,
      "Demand": 2,
      "DemandMax": null,
      "Value": 343255,
      "CustomerId": 9,
      "Priority": 9,
      "Alpha": 2,
      "Beta": 2,
      "Density": 1399.931421,
      "Weight": 480.53346,
      "Stackable": 1
    },
    {
      "Length": 77,
      "C1_Length": 1,
      "Height": 56,
      "C1_Height": 1,
      "Depth": 75,
      "C1_Depth": 1,
      "Demand": 3,
      "DemandMax": null,
      "Value": 323400,
      "CustomerId": 12,
      "Priority": 12,
      "Alpha": 2,
      "Beta": 2,
      "Density": 1383.785853,
      "Weight": 447.516345,
      "Stackable": 1
    },
    {
      "Length": 47,
      "C1_Length": 1,
      "Height": 33,
      "C1_Height": 1,
      "Depth": 33,
      "C1_Depth": 1,
      "Demand": 2,
      "DemandMax": null,
      "Value": 51183,
      "CustomerId": 57,
      "Priority": 57,
      "Alpha": 2,
      "Beta": 2,
      "Density": 1183.335036,
      "Weight": 60.566637,
      "Stackable": 1
    },
    {
      "Length": 81,
      "C1_Length": 1,
      "Height": 42,
      "C1_Height": 1,
      "Depth": 44,
      "C1_Depth": 1,
      "Demand": 2,
      "DemandMax": null,
      "Value": 149688,
      "CustomerId": 38,
      "Priority": 38,
      "Alpha": 2,
      "Beta": 2,
      "Density": 1368.876304,
      "Weight": 204.904356,
      "Stackable": 1
    },
    {
      "Length": 47,
      "C1_Length": 1,
      "Height": 44,
      "C1_Height": 1,
      "Depth": 47,
      "C1_Depth": 1,
      "Demand": 2,
      "DemandMax": null,
      "Value": 97196,
      "CustomerId": 48,
      "Priority": 48,
      "Alpha": 2,
      "Beta": 2,
      "Density": 1215.499058,
      "Weight": 118.141646,
      "Stackable": 1
    },
    {
      "Length": 84,
      "C1_Length": 1,
      "Height": 47,
      "C1_Height": 1,
      "Depth": 50,
      "C1_Depth": 1,
      "Demand": 2,
      "DemandMax": null,
      "Value": 197400,
      "CustomerId": 28,
      "Priority": 28,
      "Alpha": 2,
      "Beta": 2,
      "Density": 1084.624568,
      "Weight": 214.10489,
      "Stackable": 1
    },
    {
      "Length": 84,
      "C1_Length": 0,
      "Height": 36,
      "C1_Height": 1,
      "Depth": 78,
      "C1_Depth": 0,
      "Demand": 1,
      "DemandMax": null,
      "Value": 235872,
      "CustomerId": 22,
      "Priority": 22,
      "Alpha": 2,
      "Beta": 2,
      "Density": 1109.532713,
      "Weight": 261.7077,
      "Stackable": 1
    },
    {
      "Length": 76,
      "C1_Length": 1,
      "Height": 50,
      "C1_Height": 1,
      "Depth": 73,
      "C1_Depth": 1,
      "Demand": 1,
      "DemandMax": null,
      "Value": 277400,
      "CustomerId": 16,
      "Priority": 16,
      "Alpha": 2,
      "Beta": 2,
      "Density": 1155.825965,
      "Weight": 320.626123,
      "Stackable": 1
    },
    {
      "Length": 109,
      "C1_Length": 0,
      "Height": 30,
      "C1_Height": 1,
      "Depth": 91,
      "C1_Depth": 0,
      "Demand": 1,
      "DemandMax": null,
      "Value": 297570,
      "CustomerId": 15,
      "Priority": 15,
      "Alpha": 2,
      "Beta": 2,
      "Density": 1012.605059,
      "Weight": 301.320887,
      "Stackable": 1
    },
    {
      "Length": 67,
      "C1_Length": 1,
      "Height": 42,
      "C1_Height": 1,
      "Depth": 43,
      "C1_Depth": 1,
      "Demand": 2,
      "DemandMax": null,
      "Value": 121002,
      "CustomerId": 44,
      "Priority": 44,
      "Alpha": 2,
      "Beta": 2,
      "Density": 1167.31189,
      "Weight": 141.247073,
      "Stackable": 1
    },
    {
      "Length": 57,
      "C1_Length": 1,
      "Height": 31,
      "C1_Height": 1,
      "Depth": 53,
      "C1_Depth": 1,
      "Demand": 3,
      "DemandMax": null,
      "Value": 93651,
      "CustomerId": 50,
      "Priority": 50,
      "Alpha": 2,
      "Beta": 2,
      "Density": 1152.490143,
      "Weight": 107.931854,
      "Stackable": 1
    },
    {
      "Length": 70,
      "C1_Length": 0,
      "Height": 33,
      "C1_Height": 1,
      "Depth": 34,
      "C1_Depth": 1,
      "Demand": 2,
      "DemandMax": null,
      "Value": 78540,
      "CustomerId": 53,
      "Priority": 53,
      "Alpha": 2,
      "Beta": 2,
      "Density": 1259.022778,
      "Weight": 98.883649,
      "Stackable": 1
    },
    {
      "Length": 94,
      "C1_Length": 1,
      "Height": 50,
      "C1_Height": 1,
      "Depth": 69,
      "C1_Depth": 1,
      "Demand": 2,
      "DemandMax": null,
      "Value": 324300,
      "CustomerId": 11,
      "Priority": 11,
      "Alpha": 2,
      "Beta": 2,
      "Density": 1490.338565,
      "Weight": 483.316797,
      "Stackable": 1
    },
    {
      "Length": 71,
      "C1_Length": 1,
      "Height": 59,
      "C1_Height": 1,
      "Depth": 66,
      "C1_Depth": 1,
      "Demand": 1,
      "DemandMax": null,
      "Value": 276474,
      "CustomerId": 17,
      "Priority": 17,
      "Alpha": 2,
      "Beta": 2,
      "Density": 1001.086744,
      "Weight": 276.774457,
      "Stackable": 1
    },
    {
      "Length": 119,
      "C1_Length": 1,
      "Height": 63,
      "C1_Height": 1,
      "Depth": 93,
      "C1_Depth": 1,
      "Demand": 2,
      "DemandMax": null,
      "Value": 697221,
      "CustomerId": 2,
      "Priority": 2,
      "Alpha": 2,
      "Beta": 2,
      "Density": 1249.388711,
      "Weight": 871.100047,
      "Stackable": 1
    },
    {
      "Length": 106,
      "C1_Length": 0,
      "Height": 34,
      "C1_Height": 1,
      "Depth": 76,
      "C1_Depth": 0,
      "Demand": 2,
      "DemandMax": null,
      "Value": 273904,
      "CustomerId": 18,
      "Priority": 18,
      "Alpha": 2,
      "Beta": 2,
      "Density": 1528.900595,
      "Weight": 418.771989,
      "Stackable": 1
    },
    {
      "Length": 70,
      "C1_Length": 1,
      "Height": 45,
      "C1_Height": 1,
      "Depth": 70,
      "C1_Depth": 1,
      "Demand": 3,
      "DemandMax": null,
      "Value": 220500,
      "CustomerId": 25,
      "Priority": 25,
      "Alpha": 2,
      "Beta": 2,
      "Density": 1404.381315,
      "Weight": 309.66608,
      "Stackable": 1
    },
    {
      "Length": 74,
      "C1_Length": 1,
      "Height": 47,
      "C1_Height": 1,
      "Depth": 52,
      "C1_Depth": 1,
      "Demand": 2,
      "DemandMax": null,
      "Value": 180856,
      "CustomerId": 31,
      "Priority": 31,
      "Alpha": 2,
      "Beta": 2,
      "Density": 1214.736926,
      "Weight": 219.692462,
      "Stackable": 1
    },
    {
      "Length": 115,
      "C1_Length": 0,
      "Height": 33,
      "C1_Height": 1,
      "Depth": 70,
      "C1_Depth": 0,
      "Demand": 3,
      "DemandMax": null,
      "Value": 265650,
      "CustomerId": 19,
      "Priority": 19,
      "Alpha": 2,
      "Beta": 2,
      "Density": 1177.59438,
      "Weight": 312.827947,
      "Stackable": 1
    },
    {
      "Length": 97,
      "C1_Length": 0,
      "Height": 35,
      "C1_Height": 1,
      "Depth": 55,
      "C1_Depth": 1,
      "Demand": 5,
      "DemandMax": null,
      "Value": 186725,
      "CustomerId": 29,
      "Priority": 29,
      "Alpha": 2,
      "Beta": 2,
      "Density": 870.628447,
      "Weight": 162.568097,
      "Stackable": 1
    },
    {
      "Length": 45,
      "C1_Length": 1,
      "Height": 38,
      "C1_Height": 1,
      "Depth": 40,
      "C1_Depth": 1,
      "Demand": 3,
      "DemandMax": null,
      "Value": 68400,
      "CustomerId": 55,
      "Priority": 55,
      "Alpha": 2,
      "Beta": 2,
      "Density": 1249.124354,
      "Weight": 85.440106,
      "Stackable": 1
    }
  ],
  "Modification": {
    "family": "BR-Modified",
    "seed": 123,
    "weight_model": "beta_density",
    "alpha": 2,
    "beta": 2,
    "Pmax_kg": 28200.0,
    "target_util": 0.8,
    "container_dims": {
      "L": 587,
      "W": 233,
      "H": 220
    },
    "Dc_kg_per_m3": 1171.500338,
    "Dcmin": 585.750169,
    "Dcmax": 1757.250507,
    "customer_rule": "per-type by volume desc; heavy -> higher customer_id/priority",
    "stackable_rule": "type-level Bernoulli(p_nonstackable=0.01)"
  }
}