{
  "Name": "79",
  "Objects": [
    {
      "Length": 587,
      "Height": 233,
      "Depth": 220,
      "Stock": null,
      "Cost": 30089620
    }
  ],
  "Items": [
    {
      "Length": 64,
      "C1_Length": 1,
      "Height": 46,
      "C1_Height": 1,
      "Depth": 48,
      "C1_Depth": 1,
      "Demand": 3,
      "DemandMax": null,
      "Value": 141312,
      "CustomerId": 37,
      "Priority": 37,
      "Alpha": 2,
      "Beta": 2,
      "Density": 1042.047325,
      "Weight": 147.253792,
      "Stackable": 1
    },
    {
      "Length": 79,
      "C1_Length": 0,
      "Height": 22,
      "C1_Height": 1,
      "Depth": 25,
      "C1_Depth": 1,
      "Demand": 1,
      "DemandMax": null,
      "Value": 43450,
      "CustomerId": 59,
      "Priority": 59,
      "Alpha": 2,
      "Beta": 2,
      "Density": 1197.487742,
      "Weight": 52.030842,
      "Stackable": 1
    },
    {
      "Length": 89,
      "C1_Length": 0,
      "Height": 33,
      "C1_Height": 1,
      "Depth": 85,
      "C1_Depth": 0,
      "Demand": 1,
      "DemandMax": null,
      "Value": 249645,
      "CustomerId": 19,
      "Priority": 19,
      "Alpha": 2,
      "Beta": 2,
      "Density": 1285.837184,
      "Weight": 321.002824,
      "Stackable": 1
    },
    {
      "Length": 79,
      "C1_Length": 0,
      "Height": 34,
      "C1_Height": 1,
      "Depth": 66,
      "C1_Depth": 1,
      "Demand": 1,
      "DemandMax": null,
      "Value": 177276,
      "CustomerId": 32,
      "Priority": 32,
      "Alpha": 2,
      "Beta": 2,
      "Density": 1077.198,
      "Weight": 190.961353,
      "Stackable": 1
    },
    {
      "Length": 79,
      "C1_Length": 0,
      "Height": 31,
      "C1_Height": 1,
      "Depth": 54,
      "C1_Depth": 1,
      "Demand": 1,
      "DemandMax": null,
      "Value": 132246,
      "CustomerId": 40,
      "Priority": 40,
      "Alpha": 2,
      "Beta": 2,
      "Density": 1167.013597,
      "Weight": 154.33288,
      "Stackable": 1
    },
    {
      "Length": 115,
      "C1_Length": 0,
      "Height": 22,
      "C1_Height": 1,
      "Depth": 95,
      "C1_Depth": 0,
      "Demand": 5,
      "DemandMax": null,
      "Value": 240350,
      "CustomerId": 20,
      "Priority": 20,
      "Alpha": 2,
      "Beta": 2,
      "Density": 1609.727282,
      "Weight": 386.897952,
      "Stackable": 1
    },
    {
      "Length": 76,
      "C1_Length": 1,
      "Height": 44,
      "C1_Height": 1,
      "Depth": 54,
      "C1_Depth": 1,
      "Demand": 6,
      "DemandMax": null,
      "Value": 180576,
      "CustomerId": 31,
      "Priority": 31,
      "Alpha": 2,
      "Beta": 2,
      "Density": 807.612817,
      "Weight": 145.835492,
      "Stackable": 1
    },
    {
      "Length": 80,
      "C1_Length": 0,
      "Height": 29,
      "C1_Height": 1,
      "Depth": 44,
      "C1_Depth": 1,
      "Demand": 3,
      "DemandMax": null,
      "Value": 102080,
      "CustomerId": 44,
      "Priority": 44,
      "Alpha": 2,
      "Beta": 2,
      "Density": 1464.806537,
      "Weight": 149.527451,
      "Stackable": 1
    },
    {
      "Length": 66,
      "C1_Length": 0,
      "Height": 26,
      "C1_Height": 1,
      "Depth": 33,
      "C1_Depth": 1,
      "Demand": 1,
      "DemandMax": null,
      "Value": 56628,
      "CustomerId": 55,
      "Priority": 55,
      "Alpha": 2,
      "Beta": 2,
      "Density": 727.985717,
      "Weight": 41.224375,
      "Stackable": 1
    },
    {
      "Length": 50,
      "C1_Length": 1,
      "Height": 32,
      "C1_Height": 1,
      "Depth": 32,
      "C1_Depth": 1,
      "Demand": 4,
      "DemandMax": null,
      "Value": 51200,
      "CustomerId": 58,
      "Priority": 58,
      "Alpha": 2,
      "Beta": 2,
      "Density": 1470.218059,
      "Weight": 75.275165,
      "Stackable": 1
    },
    {
      "Length": 116,
      "C1_Length": 0,
      "Height": 21,
      "C1_Height": 1,
      "Depth": 93,
      "C1_Depth": 0,
      "Demand": 3,
      "DemandMax": null,
      "Value": 226548,
      "CustomerId": 26,
      "Priority": 26,
      "Alpha": 2,
      "Beta": 2,
      "Density": 1210.95232,
      "Weight": 274.338826,
      "Stackable": 1
    },
    {
      "Length": 113,
      "C1_Length": 0,
      "Height": 50,
      "C1_Height": 1,
      "Depth": 64,
      "C1_Depth": 1,
      "Demand": 3,
      "DemandMax": null,
      "Value": 361600,
      "CustomerId": 5,
      "Priority": 5,
      "Alpha": 2,
      "Beta": 2,
      "Density": 807.097653,
      "Weight": 291.846511,
      "Stackable": 1
    },
    {
      "Length": 101,
      "C1_Length": 0,
      "Height": 31,
      "C1_Height": 1,
      "Depth": 80,
      "C1_Depth": 0,
      "Demand": 3,
      "DemandMax": null,
      "Value": 250480,
      "CustomerId": 18,
      "Priority": 18,
      "Alpha": 2,
      "Beta": 2,
      "Density": 1138.512292,
      "Weight": 285.174559,
      "Stackable": 1
    },
    {
      "Length": 96,
      "C1_Length": 0,
      "Height": 46,
      "C1_Height": 1,
      "Depth": 76,
      "C1_Depth": 1,
      "Demand": 2,
      "DemandMax": null,
      "Value": 335616,
      "CustomerId": 7,
      "Priority": 7,
      "Alpha": 2,
      "Beta": 2,
      "Density": 1508.66125,
      "Weight": 506.330854,
      "Stackable": 1
    },
    {
      "Length": 61,
      "C1_Length": 0,
      "Height": 26,
      "C1_Height": 1,
      "Depth": 61,
      "C1_Depth": 0,
      "Demand": 4,
      "DemandMax": null,
      "Value": 96746,
      "CustomerId": 45,
      "Priority": 45,
      "Alpha": 2,
      "Beta": 2,
      "Density": 1470.550268,
      "Weight": 142.269856,
      "Stackable": 1
    },
    {
      "Length": 108,
      "C1_Length": 0,
      "Height": 23,
      "C1_Height": 1,
      "Depth": 26,
      "C1_Depth": 1,
      "Demand": 2,
      "DemandMax": null,
      "Value": 64584,
      "CustomerId": 51,
      "Priority": 51,
      "Alpha": 2,
      "Beta": 2,
      "Density": 1366.820878,
      "Weight": 88.27476,
      "Stackable": 1
    },
    {
      "Length": 96,
      "C1_Length": 0,
      "Height": 31,
      "C1_Height": 1,
      "Depth": 88,
      "C1_Depth": 0,
      "Demand": 3,
      "DemandMax": null,
      "Value": 261888,
      "CustomerId": 14,
      "Priority": 14,
      "Alpha": 2,
      "Beta": 2,
      "Density": 870.033225,
      "Weight": 227.851261,
      "Stackable": 1
    },
    {
      "Length": 80,
      "C1_Length": 1,
      "Height": 47,
      "C1_Height": 1,
      "Depth": 61,
      "C1_Depth": 1,
      "Demand": 2,
      "DemandMax": null,
      "Value": 229360,
      "CustomerId": 24,
      "Priority": 24,
      "Alpha": 2,
      "Beta": 2,
      "Density": 1342.767473,
      "Weight": 307.977148,
      "Stackable": 1
    },
    {
      "Length": 87,
      "C1_Length": 0,
      "Height": 35,
      "C1_Height": 1,
      "Depth": 74,
      "C1_Depth": 0,
      "Demand": 3,
      "DemandMax": null,
      "Value": 225330,
      "CustomerId": 27,
      "Priority": 27,
      "Alpha": 2,
      "Beta": 2,
      "Density": 1075.494317,
      "Weight": 242.341134,
      "Stackable": 1
    },
    {
      "Length": 61,
      "C1_Length": 1,
      "Height": 50,
      "C1_Height": 1,
      "Depth": 51,
      "C1_Depth": 1,
      "Demand": 5,
      "DemandMax": null,
      "Value": 155550,
      "CustomerId": 35,
      "Priority": 35,
      "Alpha": 2,
      "Beta": 2,
      "Density": 1389.003906,
      "Weight": 216.059558,
      "Stackable": 1
    },
    {
      "Length": 97,
      "C1_Length": 1,
      "Height": 70,
      "C1_Height": 1,
      "Depth": 77,
      "C1_Depth": 1,
      "Demand": 4,
      "DemandMax": null,
      "Value": 522830,
      "CustomerId": 1,
      "Priority": 1,
      "Alpha": 2,
      "Beta": 2,
      "Density": 604.389754,
      "Weight": 315.993095,
      "Stackable": 1
    },
    {
      "Length": 74,
      "C1_Length": 1,
      "Height": 61,
      "C1_Height": 1,
      "Depth": 65,
      "C1_Depth": 1,
      "Demand": 1,
      "DemandMax": null,
      "Value": 293410,
      "CustomerId": 12,
      "Priority": 12,
      "Alpha": 2,
      "Beta": 2,
      "Density": 1016.092234,
      "Weight": 298.131622,
      "Stackable": 1
    },
    {
      "Length": 92,
      "C1_Length": 0,
      "Height": 23,
      "C1_Height": 1,
      "Depth": 30,
      "C1_Depth": 1,
      "Demand": 3,
      "DemandMax": null,
      "Value": 63480,
      "CustomerId": 53,
      "Priority": 53,
      "Alpha": 2,
      "Beta": 2,
      "Density": 846.944428,
      "Weight": 53.764032,
      "Stackable": 1
    },
    {
      "Length": 94,
      "C1_Length": 0,
      "Height": 40,
      "C1_Height": 1,
      "Depth": 59,
      "C1_Depth": 1,
      "Demand": 1,
      "DemandMax": null,
      "Value": 221840,
      "CustomerId": 28,
      "Priority": 28,
      "Alpha": 2,
      "Beta": 2,
      "Density": 928.028755,
      "Weight": 205.873899,
      "Stackable": 1
    },
    {
      "Length": 100,
      "C1_Length": 0,
      "Height": 27,
      "C1_Height": 1,
      "Depth": 84,
      "C1_Depth": 0,
      "Demand": 4,
      "DemandMax": null,
      "Value": 226800,
      "CustomerId": 25,
      "Priority": 25,
      "Alpha": 2,
      "Beta": 2,
      "Density": 1002.360777,
      "Weight": 227.335424,
      "Stackable": 1
    },
    {
      "Length": 120,
      "C1_Length": 0,
      "Height": 31,
      "C1_Height": 1,
      "Depth": 42,
      "C1_Depth": 1,
      "Demand": 3,
      "DemandMax": null,
      "Value": 156240,
      "CustomerId": 33,
      "Priority": 33,
      "Alpha": 2,
      "Beta": 2,
      "Density": 1164.300295,
      "Weight": 181.910278,
      "Stackable": 1
    },
    {
      "Length": 45,
      "C1_Length": 1,
      "Height": 36,
      "C1_Height": 1,
      "Depth": 40,
      "C1_Depth": 1,
      "Demand": 1,
      "DemandMax": null,
      "Value": 64800,
      "CustomerId": 50,
      "Priority": 50,
      "Alpha": 2,
      "Beta": 2,
      "Density": 814.536415,
      "Weight": 52.78196,
      "Stackable": 1
    },
    {
      "Length": 53,
      "C1_Length": 1,
      "Height": 50,
      "C1_Height": 1,
      "Depth": 50,
      "C1_Depth": 1,
      "Demand": 2,
      "DemandMax": null,
      "Value": 132500,
      "CustomerId": 39,
      "Priority": 39,
      "Alpha": 2,
      "Beta": 2,
      "Density": 1091.5824,
      "Weight": 144.634668,
      "Stackable": 1
    },
    {
      "Length": 81,
      "C1_Length": 1,
      "Height": 45,
      "C1_Height": 1,
      "Depth": 64,
      "C1_Depth": 1,
      "Demand": 2,
      "DemandMax": null,
      "Value": 233280,
      "CustomerId": 23,
      "Priority": 23,
      "Alpha": 2,
      "Beta": 2,
      "Density": 983.640015,
      "Weight": 229.463543,
      "Stackable": 1
    },
    {
      "Length": 63,
      "C1_Length": 0,
      "Height": 31,
      "C1_Height": 1,
      "Depth": 62,
      "C1_Depth": 0,
      "Demand": 1,
      "DemandMax": null,
      "Value": 121086,
      "CustomerId": 42,
      "Priority": 42,
      "Alpha": 2,
      "Beta": 2,
      "Density": 1413.472015,
      "Weight": 171.151672,
      "Stackable": 1
    },
    {
      "Length": 107,
      "C1_Length": 0,
      "Height": 48,
      "C1_Height": 1,
      "Depth": 59,
      "C1_Depth": 1,
      "Demand": 5,
      "DemandMax": null,
      "Value": 303024,
      "CustomerId": 10,
      "Priority": 10,
      "Alpha": 2,
      "Beta": 2,
      "Density": 1241.658287,
      "Weight": 376.252261,
      "Stackable": 1
    },
    {
      "Length": 114,
      "C1_Length": 0,
      "Height": 27,
      "C1_Height": 1,
      "Depth": 76,
      "C1_Depth": 0,
      "Demand": 4,
      "DemandMax": null,
      "Value": 233928,
      "CustomerId": 22,
      "Priority": 22,
      "Alpha": 2,
      "Beta": 2,
      "Density": 1388.007207,
      "Weight": 324.69375,
      "Stackable": 1
    },
    {
      "Length": 39,
      "C1_Length": 1,
      "Height": 25,
      "C1_Height": 1,
      "Depth": 26,
      "C1_Depth": 1,
      "Demand": 2,
      "DemandMax": null,
      "Value": 25350,
      "CustomerId": 60,
      "Priority": 60,
      "Alpha": 2,
      "Beta": 2,
      "Density": 760.477615,
      "Weight": 19.278108,
      "Stackable": 1
    },
    {
      "Length": 92,
      "C1_Length": 0,
      "Height": 42,
      "C1_Height": 1,
      "Depth": 67,
      "C1_Depth": 1,
      "Demand": 3,
      "DemandMax": null,
      "Value": 258888,
      "CustomerId": 15,
      "Priority": 15,
      "Alpha": 2,
      "Beta": 2,
      "Density": 971.777357,
      "Weight": 251.581497,
      "Stackable": 1
    },
    {
      "Length": 85,
      "C1_Length": 0,
      "Height": 38,
      "C1_Height": 1,
      "Depth": 82,
      "C1_Depth": 0,
      "Demand": 2,
      "DemandMax": null,
      "Value": 264860,
      "CustomerId": 13,
      "Priority": 13,
      "Alpha": 2,
      "Beta": 2,
      "Density": 1267.937197,
      "Weight": 335.825846,
      "Stackable": 1
    },
    {
      "Length": 52,
      "C1_Length": 1,
      "Height": 31,
      "C1_Height": 1,
      "Depth": 41,
      "C1_Depth": 1,
      "Demand": 3,
      "DemandMax": null,
      "Value": 66092,
      "CustomerId": 49,
      "Priority": 49,
      "Alpha": 2,
      "Beta": 2,
      "Density": 1109.020206,
      "Weight": 73.297363,
      "Stackable": 1
    },
    {
      "Length": 50,
      "C1_Length": 1,
      "Height": 30,
      "C1_Height": 1,
      "Depth": 40,
      "C1_Depth": 1,
      "Demand": 1,
      "DemandMax": null,
      "Value": 60000,
      "CustomerId": 54,
      "Priority": 54,
      "Alpha": 2,
      "Beta": 2,
      "Density": 1562.13519,
      "Weight": 93.728111,
      "Stackable": 1
    },
    {
      "Length": 94,
      "C1_Length": 0,
      "Height": 30,
      "C1_Height": 1,
      "Depth": 47,
      "C1_Depth": 1,
      "Demand": 3,
      "DemandMax": null,
      "Value": 132540,
      "CustomerId": 38,
      "Priority": 38,
      "Alpha": 2,
      "Beta": 2,
      "Density": 1197.24168,
      "Weight": 158.682412,
      "Stackable": 1
    },
    {
      "Length": 92,
      "C1_Length": 0,
      "Height": 37,
      "C1_Height": 1,
      "Depth": 76,
      "C1_Depth": 0,
      "Demand": 1,
      "DemandMax": null,
      "Value": 258704,
      "CustomerId": 17,
      "Priority": 17,
      "Alpha": 2,
      "Beta": 2,
      "Density": 875.525656,
      "Weight": 226.501989,
      "Stackable": 1
    },
    {
      "Length": 93,
      "C1_Length": 0,
      "Height": 25,
      "C1_Height": 1,
      "Depth": 56,
      "C1_Depth": 0,
      "Demand": 5,
      "DemandMax": null,
      "Value": 130200,
      "CustomerId": 41,
      "Priority": 41,
      "Alpha": 2,
      "Beta": 2,
      "Density": 1619.48318,
      "Weight": 210.85671,
      "Stackable": 1
    },
    {
      "Length": 71,
      "C1_Length": 1,
      "Height": 38,
      "C1_Height": 1,
      "Depth": 38,
      "C1_Depth": 1,
      "Demand": 2,
      "DemandMax": null,
      "Value": 102524,
      "CustomerId": 43,
      "Priority": 43,
      "Alpha": 2,
      "Beta": 2,
      "Density": 1279.63184,
      "Weight": 131.192975,
      "Stackable": 1
    },
    {
      "Length": 103,
      "C1_Length": 1,
      "Height": 69,
      "C1_Height": 1,
      "Depth": 71,
      "C1_Depth": 1,
      "Demand": 2,
      "DemandMax": null,
      "Value": 504597,
      "CustomerId": 2,
      "Priority": 2,
      "Alpha": 2,
      "Beta": 2,
      "Density": 1007.691377,
      "Weight": 508.478046,
      "Stackable": 1
    },
    {
      "Length": 88,
      "C1_Length": 1,
      "Height": 51,
      "C1_Height": 1,
      "Depth": 67,
      "C1_Depth": 1,
      "Demand": 3,
      "DemandMax": null,
      "Value": 300696,
      "CustomerId": 11,
      "Priority": 11,
      "Alpha": 2,
      "Beta": 2,
      "Density": 1085.603143,
      "Weight": 326.436523,
      "Stackable": 1
    },
    {
      "Length": 103,
      "C1_Length": 1,
      "Height": 53,
      "C1_Height": 1,
      "Depth": 70,
      "C1_Depth": 1,
      "Demand": 1,
      "DemandMax": null,
      "Value": 382130,
      "CustomerId": 4,
      "Priority": 4,
      "Alpha": 2,
      "Beta": 2,
      "Density": 925.057961,
      "Weight": 353.492399,
      "Stackable": 1
    },
    {
      "Length": 71,
      "C1_Length": 1,
      "Height": 62,
      "C1_Height": 1,
      "Depth": 69,
      "C1_Depth": 1,
      "Demand": 2,
      "DemandMax": null,
      "Value": 303738,
      "CustomerId": 9,
      "Priority": 9,
      "Alpha": 2,
      "Beta": 2,
      "Density": 1120.149046,
      "Weight": 340.231831,
      "Stackable": 1
    },
    {
      "Length": 91,
      "C1_Length": 0,
      "Height": 36,
      "C1_Height": 1,
      "Depth": 79,
      "C1_Depth": 0,
      "Demand": 2,
      "DemandMax": null,
      "Value": 258804,
      "CustomerId": 16,
      "Priority": 16,
      "Alpha": 2,
      "Beta": 2,
      "Density": 1480.34179,
      "Weight": 383.118377,
      "Stackable": 1
    },
    {
      "Length": 64,
      "C1_Length": 0,
      "Height": 29,
      "C1_Height": 1,
      "Depth": 46,
      "C1_Depth": 1,
      "Demand": 2,
      "DemandMax": null,
      "Value": 85376,
      "CustomerId": 47,
      "Priority": 47,
      "Alpha": 2,
      "Beta": 2,
      "Density": 1117.687888,
      "Weight": 95.423721,
      "Stackable": 1
    },
    {
      "Length": 115,
      "C1_Length": 0,
      "Height": 50,
      "C1_Height": 1,
      "Depth": 82,
      "C1_Depth": 1,
      "Demand": 2,
      "DemandMax": null,
      "Value": 471500,
      "CustomerId": 3,
      "Priority": 3,
      "Alpha": 2,
      "Beta": 2,
      "Density": 1130.495222,
      "Weight": 533.028497,
      "Stackable": 1
    },
    {
      "Length": 63,
      "C1_Length": 0,
      "Height": 30,
      "C1_Height": 1,
      "Depth": 34,
      "C1_Depth": 1,
      "Demand": 1,
      "DemandMax": null,
      "Value": 64260,
      "CustomerId": 52,
      "Priority": 52,
      "Alpha": 2,
      "Beta": 2,
      "Density": 1645.009972,
      "Weight": 105.708341,
      "Stackable": 1
    },
    {
      "Length": 77,
      "C1_Length": 0,
      "Height": 25,
      "C1_Height": 1,
      "Depth": 29,
      "C1_Depth": 1,
      "Demand": 1,
      "DemandMax": null,
      "Value": 55825,
      "CustomerId": 56,
      "Priority": 56,
      "Alpha": 2,
      "Beta": 2,
      "Density": 1201.133174,
      "Weight": 67.053259,
      "Stackable": 1
    },
    {
      "Length": 66,
      "C1_Length": 1,
      "Height": 35,
      "C1_Height": 1,
      "Depth": 38,
      "C1_Depth": 1,
      "Demand": 2,
      "DemandMax": null,
      "Value": 87780,
      "CustomerId": 46,
      "Priority": 46,
      "Alpha": 2,
      "Beta": 2,
      "Density": 757.683151,
      "Weight": 66.509427,
      "Stackable": 1
    },
    {
      "Length": 60,
      "C1_Length": 1,
      "Height": 50,
      "C1_Height": 1,
      "Depth": 52,
      "C1_Depth": 1,
      "Demand": 3,
      "DemandMax": null,
      "Value": 156000,
      "CustomerId": 34,
      "Priority": 34,
      "Alpha": 2,
      "Beta": 2,
      "Density": 741.907977,
      "Weight": 115.737644,
      "Stackable": 1
    },
    {
      "Length": 83,
      "C1_Length": 0,
      "Height": 33,
      "C1_Height": 1,
      "Depth": 68,
      "C1_Depth": 0,
      "Demand": 2,
      "DemandMax": null,
      "Value": 186252,
      "CustomerId": 29,
      "Priority": 29,
      "Alpha": 2,
      "Beta": 2,
      "Density": 696.722079,
      "Weight": 129.765881,
      "Stackable": 1
    },
    {
      "Length": 108,
      "C1_Length": 0,
      "Height": 42,
      "C1_Height": 1,
      "Depth": 52,
      "C1_Depth": 1,
      "Demand": 1,
      "DemandMax": null,
      "Value": 235872,
      "CustomerId": 21,
      "Priority": 21,
      "Alpha": 2,
      "Beta": 2,
      "Density": 1254.226956,
      "Weight": 295.837021,
      "Stackable": 1
    },
    {
      "Length": 114,
      "C1_Length": 0,
      "Height": 33,
      "C1_Height": 1,
      "Depth": 88,
      "C1_Depth": 0,
      "Demand": 4,
      "DemandMax": null,
      "Value": 331056,
      "CustomerId": 8,
      "Priority": 8,
      "Alpha": 2,
      "Beta": 2,
      "Density": 880.783691,
      "Weight": 291.588726,
      "Stackable": 1
    },
    {
      "Length": 65,
      "C1_Length": 1,
      "Height": 37,
      "C1_Height": 1,
      "Depth": 64,
      "C1_Depth": 1,
      "Demand": 4,
      "DemandMax": null,
      "Value": 153920,
      "CustomerId": 36,
      "Priority": 36,
      "Alpha": 2,
      "Beta": 2,
      "Density": 1493.465021,
      "Weight": 229.874136,
      "Stackable": 1
    },
    {
      "Length": 58,
      "C1_Length": 1,
      "Height": 32,
      "C1_Height": 1,
      "Depth": 36,
      "C1_Depth": 1,
      "Demand": 1,
      "DemandMax": null,
      "Value": 66816,
      "CustomerId": 48,
      "Priority": 48,
      "Alpha": 2,
      "Beta": 2,
      "Density": 898.048543,
      "Weight": 60.004011,
      "Stackable": 1
    },
    {
      "Length": 75,
      "C1_Length": 1,
      "Height": 64,
      "C1_Height": 1,
      "Depth": 73,
      "C1_Depth": 1,
      "Demand": 2,
      "DemandMax": null,
      "Value": 350400,
      "CustomerId": 6,
      "Priority": 6,
      "Alpha": 2,
      "Beta": 2,
      "Density": 1028.245382,
      "Weight": 360.297182,
      "Stackable": 1
    },
    {
      "Length": 61,
      "C1_Length": 0,
      "Height": 27,
      "C1_Height": 1,
      "Depth": 32,
      "C1_Depth": 1,
      "Demand": 2,
      "DemandMax": null,
      "Value": 52704,
      "CustomerId": 57,
      "Priority": 57,
      "Alpha": 2,
      "Beta": 2,
      "Density": 1239.838449,
      "Weight": 65.344446,
      "Stackable": 1
    },
    {
      "Length": 65,
      "C1_Length": 1,
      "Height": 43,
      "C1_Height": 1,
      "Depth": 65,
      "C1_Depth": 1,
      "Demand": 1,
      "DemandMax": null,
      "Value": 181675,
      "CustomerId": 30,
      "Priority": 30,
      "Alpha": 2,
      "Beta": 2,
      "Density": 1107.173956,
      "Weight": 201.145828,
      "Stackable": 1
    }
  ],
  "Modification": {
    "family": "BR-Modified",
    "seed": 123,
    "weight_model": "beta_density",
    "alpha": 2,
    "beta": 2,
    "Pmax_kg": 28200.0,
    "target_util": 0.8,
    "container_dims": {
      "L": 587,
      "W": 233,
      "H": 220
    },
    "Dc_kg_per_m3": 1171.500338,
    "Dcmin": 585.750169,
    "Dcmax": 1757.250507,
    "customer_rule": "per-type by volume desc; heavy -> higher customer_id/priority",
    "stackable_rule": "type-level Bernoulli(p_nonstackable=0.01)"
  }
}