{
  "Name": "80",
  "Objects": [
    {
      "Length": 587,
      "Height": 233,
      "Depth": 220,
      "Stock": null,
      "Cost": 30089620
    }
  ],
  "Items": [
    {
      "Length": 78,
      "C1_Length": 1,
      "Height": 54,
      "C1_Height": 1,
      "Depth": 59,
      "C1_Depth": 1,
      "Demand": 3,
      "DemandMax": null,
      "Value": 248508,
      "CustomerId": 16,
      "Priority": 16,
      "Alpha": 2,
      "Beta": 2,
      "Density": 1435.677522,
      "Weight": 356.77735,
      "Stackable": 1
    },
    {
      "Length": 120,
      "C1_Length": 0,
      "Height": 20,
      "C1_Height": 1,
      "Depth": 52,
      "C1_Depth": 0,
      "Demand": 2,
      "DemandMax": null,
      "Value": 124800,
      "CustomerId": 47,
      "Priority": 47,
      "Alpha": 2,
      "Beta": 2,
      "Density": 1057.60308,
      "Weight": 131.988864,
      "Stackable": 1
    },
    {
      "Length": 100,
      "C1_Length": 1,
      "Height": 54,
      "C1_Height": 1,
      "Depth": 67,
      "C1_Depth": 1,
      "Demand": 4,
      "DemandMax": null,
      "Value": 361800,
      "CustomerId": 11,
      "Priority": 11,
      "Alpha": 2,
      "Beta": 2,
      "Density": 1601.14913,
      "Weight": 579.295755,
      "Stackable": 1
    },
    {
      "Length": 91,
      "C1_Length": 0,
      "Height": 37,
      "C1_Height": 1,
      "Depth": 59,
      "C1_Depth": 1,
      "Demand": 2,
      "DemandMax": null,
      "Value": 198653,
      "CustomerId": 25,
      "Priority": 25,
      "Alpha": 2,
      "Beta": 2,
      "Density": 1168.726027,
      "Weight": 232.170931,
      "Stackable": 1
    },
    {
      "Length": 112,
      "C1_Length": 0,
      "Height": 56,
      "C1_Height": 1,
      "Depth": 57,
      "C1_Depth": 1,
      "Demand": 2,
      "DemandMax": null,
      "Value": 357504,
      "CustomerId": 12,
      "Priority": 12,
      "Alpha": 2,
      "Beta": 2,
      "Density": 1010.72311,
      "Weight": 361.337555,
      "Stackable": 1
    },
    {
      "Length": 88,
      "C1_Length": 0,
      "Height": 34,
      "C1_Height": 1,
      "Depth": 46,
      "C1_Depth": 1,
      "Demand": 2,
      "DemandMax": null,
      "Value": 137632,
      "CustomerId": 40,
      "Priority": 40,
      "Alpha": 2,
      "Beta": 2,
      "Density": 1234.230903,
      "Weight": 169.869668,
      "Stackable": 1
    },
    {
      "Length": 108,
      "C1_Length": 0,
      "Height": 53,
      "C1_Height": 1,
      "Depth": 78,
      "C1_Depth": 1,
      "Demand": 2,
      "DemandMax": null,
      "Value": 446472,
      "CustomerId": 5,
      "Priority": 5,
      "Alpha": 2,
      "Beta": 2,
      "Density": 1560.678673,
      "Weight": 696.799329,
      "Stackable": 1
    },
    {
      "Length": 100,
      "C1_Length": 0,
      "Height": 29,
      "C1_Height": 1,
      "Depth": 48,
      "C1_Depth": 1,
      "Demand": 3,
      "DemandMax": null,
      "Value": 139200,
      "CustomerId": 39,
      "Priority": 39,
      "Alpha": 2,
      "Beta": 2,
      "Density": 934.403054,
      "Weight": 130.068905,
      "Stackable": 1
    },
    {
      "Length": 89,
      "C1_Length": 0,
      "Height": 21,
      "C1_Height": 1,
      "Depth": 88,
      "C1_Depth": 0,
      "Demand": 1,
      "DemandMax": null,
      "Value": 164472,
      "CustomerId": 31,
      "Priority": 31,
      "Alpha": 2,
      "Beta": 2,
      "Density": 1051.111544,
      "Weight": 172.878418,
      "Stackable": 1
    },
    {
      "Length": 90,
      "C1_Length": 0,
      "Height": 21,
      "C1_Height": 1,
      "Depth": 40,
      "C1_Depth": 1,
      "Demand": 2,
      "DemandMax": null,
      "Value": 75600,
      "CustomerId": 55,
      "Priority": 55,
      "Alpha": 2,
      "Beta": 2,
      "Density": 1133.692636,
      "Weight": 85.707163,
      "Stackable": 1
    },
    {
      "Length": 89,
      "C1_Length": 0,
      "Height": 36,
      "C1_Height": 1,
      "Depth": 37,
      "C1_Depth": 1,
      "Demand": 3,
      "DemandMax": null,
      "Value": 118548,
      "CustomerId": 48,
      "Priority": 48,
      "Alpha": 2,
      "Beta": 2,
      "Density": 1569.844276,
      "Weight": 186.101899,
      "Stackable": 1
    },
    {
      "Length": 62,
      "C1_Length": 0,
      "Height": 20,
      "C1_Height": 1,
      "Depth": 53,
      "C1_Depth": 0,
      "Demand": 2,
      "DemandMax": null,
      "Value": 65720,
      "CustomerId": 56,
      "Priority": 56,
      "Alpha": 2,
      "Beta": 2,
      "Density": 1574.733825,
      "Weight": 103.491507,
      "Stackable": 1
    },
    {
      "Length": 116,
      "C1_Length": 0,
      "Height": 40,
      "C1_Height": 1,
      "Depth": 48,
      "C1_Depth": 1,
      "Demand": 2,
      "DemandMax": null,
      "Value": 222720,
      "CustomerId": 20,
      "Priority": 20,
      "Alpha": 2,
      "Beta": 2,
      "Density": 1077.167087,
      "Weight": 239.906654,
      "Stackable": 1
    },
    {
      "Length": 64,
      "C1_Length": 0,
      "Height": 32,
      "C1_Height": 1,
      "Depth": 49,
      "C1_Depth": 1,
      "Demand": 3,
      "DemandMax": null,
      "Value": 100352,
      "CustomerId": 52,
      "Priority": 52,
      "Alpha": 2,
      "Beta": 2,
      "Density": 1379.777433,
      "Weight": 138.463425,
      "Stackable": 1
    },
    {
      "Length": 63,
      "C1_Length": 1,
      "Height": 41,
      "C1_Height": 1,
      "Depth": 56,
      "C1_Depth": 1,
      "Demand": 3,
      "DemandMax": null,
      "Value": 144648,
      "CustomerId": 38,
      "Priority": 38,
      "Alpha": 2,
      "Beta": 2,
      "Density": 1058.503969,
      "Weight": 153.110482,
      "Stackable": 1
    },
    {
      "Length": 76,
      "C1_Length": 1,
      "Height": 70,
      "C1_Height": 1,
      "Depth": 75,
      "C1_Depth": 1,
      "Demand": 3,
      "DemandMax": null,
      "Value": 399000,
      "CustomerId": 8,
      "Priority": 8,
      "Alpha": 2,
      "Beta": 2,
      "Density": 1023.101325,
      "Weight": 408.217429,
      "Stackable": 1
    },
    {
      "Length": 100,
      "C1_Length": 1,
      "Height": 59,
      "C1_Height": 1,
      "Depth": 81,
      "C1_Depth": 1,
      "Demand": 2,
      "DemandMax": null,
      "Value": 477900,
      "CustomerId": 4,
      "Priority": 4,
      "Alpha": 2,
      "Beta": 2,
      "Density": 748.772063,
      "Weight": 357.838169,
      "Stackable": 1
    },
    {
      "Length": 102,
      "C1_Length": 1,
      "Height": 74,
      "C1_Height": 1,
      "Depth": 95,
      "C1_Depth": 1,
      "Demand": 3,
      "DemandMax": null,
      "Value": 717060,
      "CustomerId": 1,
      "Priority": 1,
      "Alpha": 2,
      "Beta": 2,
      "Density": 1122.7778,
      "Weight": 805.099049,
      "Stackable": 1
    },
    {
      "Length": 66,
      "C1_Length": 1,
      "Height": 50,
      "C1_Height": 1,
      "Depth": 56,
      "C1_Depth": 1,
      "Demand": 4,
      "DemandMax": null,
      "Value": 184800,
      "CustomerId": 28,
      "Priority": 28,
      "Alpha": 2,
      "Beta": 2,
      "Density": 1450.99851,
      "Weight": 268.144525,
      "Stackable": 1
    },
    {
      "Length": 58,
      "C1_Length": 0,
      "Height": 22,
      "C1_Height": 1,
      "Depth": 33,
      "C1_Depth": 1,
      "Demand": 1,
      "DemandMax": null,
      "Value": 42108,
      "CustomerId": 59,
      "Priority": 59,
      "Alpha": 2,
      "Beta": 2,
      "Density": 939.497996,
      "Weight": 39.560382,
      "Stackable": 0
    },
    {
      "Length": 84,
      "C1_Length": 1,
      "Height": 52,
      "C1_Height": 1,
      "Depth": 53,
      "C1_Depth": 1,
      "Demand": 4,
      "DemandMax": null,
      "Value": 231504,
      "CustomerId": 19,
      "Priority": 19,
      "Alpha": 2,
      "Beta": 2,
      "Density": 1549.356297,
      "Weight": 358.68218,
      "Stackable": 1
    },
    {
      "Length": 109,
      "C1_Length": 0,
      "Height": 27,
      "C1_Height": 1,
      "Depth": 63,
      "C1_Depth": 0,
      "Demand": 3,
      "DemandMax": null,
      "Value": 185409,
      "CustomerId": 27,
      "Priority": 27,
      "Alpha": 2,
      "Beta": 2,
      "Density": 1369.297213,
      "Weight": 253.880027,
      "Stackable": 1
    },
    {
      "Length": 101,
      "C1_Length": 0,
      "Height": 31,
      "C1_Height": 1,
      "Depth": 32,
      "C1_Depth": 1,
      "Demand": 2,
      "DemandMax": null,
      "Value": 100192,
      "CustomerId": 53,
      "Priority": 53,
      "Alpha": 2,
      "Beta": 2,
      "Density": 1047.76494,
      "Weight": 104.977665,
      "Stackable": 1
    },
    {
      "Length": 77,
      "C1_Length": 1,
      "Height": 61,
      "C1_Height": 1,
      "Depth": 72,
      "C1_Depth": 1,
      "Demand": 3,
      "DemandMax": null,
      "Value": 338184,
      "CustomerId": 14,
      "Priority": 14,
      "Alpha": 2,
      "Beta": 2,
      "Density": 1458.95692,
      "Weight": 493.395887,
      "Stackable": 1
    },
    {
      "Length": 77,
      "C1_Length": 1,
      "Height": 62,
      "C1_Height": 1,
      "Depth": 72,
      "C1_Depth": 1,
      "Demand": 1,
      "DemandMax": null,
      "Value": 343728,
      "CustomerId": 13,
      "Priority": 13,
      "Alpha": 2,
      "Beta": 2,
      "Density": 1391.24196,
      "Weight": 478.208816,
      "Stackable": 1
    },
    {
      "Length": 115,
      "C1_Length": 1,
      "Height": 75,
      "C1_Height": 1,
      "Depth": 78,
      "C1_Depth": 1,
      "Demand": 1,
      "DemandMax": null,
      "Value": 672750,
      "CustomerId": 2,
      "Priority": 2,
      "Alpha": 2,
      "Beta": 2,
      "Density": 1065.373194,
      "Weight": 716.729816,
      "Stackable": 1
    },
    {
      "Length": 55,
      "C1_Length": 1,
      "Height": 34,
      "C1_Height": 1,
      "Depth": 35,
      "C1_Depth": 1,
      "Demand": 6,
      "DemandMax": null,
      "Value": 65450,
      "CustomerId": 57,
      "Priority": 57,
      "Alpha": 2,
      "Beta": 2,
      "Density": 1434.148653,
      "Weight": 93.865029,
      "Stackable": 1
    },
    {
      "Length": 107,
      "C1_Length": 1,
      "Height": 57,
      "C1_Height": 1,
      "Depth": 72,
      "C1_Depth": 1,
      "Demand": 4,
      "DemandMax": null,
      "Value": 439128,
      "CustomerId": 6,
      "Priority": 6,
      "Alpha": 2,
      "Beta": 2,
      "Density": 1548.420009,
      "Weight": 679.954582,
      "Stackable": 1
    },
    {
      "Length": 74,
      "C1_Length": 1,
      "Height": 50,
      "C1_Height": 1,
      "Depth": 58,
      "C1_Depth": 1,
      "Demand": 1,
      "DemandMax": null,
      "Value": 214600,
      "CustomerId": 21,
      "Priority": 21,
      "Alpha": 2,
      "Beta": 2,
      "Density": 1416.66707,
      "Weight": 304.016753,
      "Stackable": 1
    },
    {
      "Length": 77,
      "C1_Length": 1,
      "Height": 57,
      "C1_Height": 1,
      "Depth": 63,
      "C1_Depth": 1,
      "Demand": 1,
      "DemandMax": null,
      "Value": 276507,
      "CustomerId": 15,
      "Priority": 15,
      "Alpha": 2,
      "Beta": 2,
      "Density": 1283.989358,
      "Weight": 355.032045,
      "Stackable": 1
    },
    {
      "Length": 83,
      "C1_Length": 0,
      "Height": 32,
      "C1_Height": 1,
      "Depth": 42,
      "C1_Depth": 1,
      "Demand": 2,
      "DemandMax": null,
      "Value": 111552,
      "CustomerId": 50,
      "Priority": 50,
      "Alpha": 2,
      "Beta": 2,
      "Density": 1591.313015,
      "Weight": 177.514149,
      "Stackable": 1
    },
    {
      "Length": 99,
      "C1_Length": 0,
      "Height": 25,
      "C1_Height": 1,
      "Depth": 55,
      "C1_Depth": 0,
      "Demand": 2,
      "DemandMax": null,
      "Value": 136125,
      "CustomerId": 41,
      "Priority": 41,
      "Alpha": 2,
      "Beta": 2,
      "Density": 1062.24962,
      "Weight": 144.598729,
      "Stackable": 1
    },
    {
      "Length": 61,
      "C1_Length": 1,
      "Height": 48,
      "C1_Height": 1,
      "Depth": 53,
      "C1_Depth": 1,
      "Demand": 2,
      "DemandMax": null,
      "Value": 155184,
      "CustomerId": 35,
      "Priority": 35,
      "Alpha": 2,
      "Beta": 2,
      "Density": 1430.859344,
      "Weight": 222.046477,
      "Stackable": 1
    },
    {
      "Length": 119,
      "C1_Length": 0,
      "Height": 57,
      "C1_Height": 1,
      "Depth": 57,
      "C1_Depth": 1,
      "Demand": 3,
      "DemandMax": null,
      "Value": 386631,
      "CustomerId": 10,
      "Priority": 10,
      "Alpha": 2,
      "Beta": 2,
      "Density": 894.645548,
      "Weight": 345.897703,
      "Stackable": 1
    },
    {
      "Length": 87,
      "C1_Length": 0,
      "Height": 35,
      "C1_Height": 1,
      "Depth": 67,
      "C1_Depth": 1,
      "Demand": 2,
      "DemandMax": null,
      "Value": 204015,
      "CustomerId": 24,
      "Priority": 24,
      "Alpha": 2,
      "Beta": 2,
      "Density": 1381.742377,
      "Weight": 281.896171,
      "Stackable": 1
    },
    {
      "Length": 71,
      "C1_Length": 1,
      "Height": 39,
      "C1_Height": 1,
      "Depth": 48,
      "C1_Depth": 1,
      "Demand": 2,
      "DemandMax": null,
      "Value": 132912,
      "CustomerId": 43,
      "Priority": 43,
      "Alpha": 2,
      "Beta": 2,
      "Density": 1537.014782,
      "Weight": 204.287709,
      "Stackable": 1
    },
    {
      "Length": 73,
      "C1_Length": 1,
      "Height": 44,
      "C1_Height": 1,
      "Depth": 56,
      "C1_Depth": 1,
      "Demand": 3,
      "DemandMax": null,
      "Value": 179872,
      "CustomerId": 30,
      "Priority": 30,
      "Alpha": 2,
      "Beta": 2,
      "Density": 1133.732166,
      "Weight": 203.926672,
      "Stackable": 1
    },
    {
      "Length": 73,
      "C1_Length": 1,
      "Height": 41,
      "C1_Height": 1,
      "Depth": 71,
      "C1_Depth": 1,
      "Demand": 3,
      "DemandMax": null,
      "Value": 212503,
      "CustomerId": 22,
      "Priority": 22,
      "Alpha": 2,
      "Beta": 2,
      "Density": 823.915988,
      "Weight": 175.084619,
      "Stackable": 1
    },
    {
      "Length": 74,
      "C1_Length": 0,
      "Height": 24,
      "C1_Height": 1,
      "Depth": 64,
      "C1_Depth": 0,
      "Demand": 3,
      "DemandMax": null,
      "Value": 113664,
      "CustomerId": 49,
      "Priority": 49,
      "Alpha": 2,
      "Beta": 2,
      "Density": 1187.179079,
      "Weight": 134.939523,
      "Stackable": 1
    },
    {
      "Length": 100,
      "C1_Length": 1,
      "Height": 55,
      "C1_Height": 1,
      "Depth": 71,
      "C1_Depth": 1,
      "Demand": 2,
      "DemandMax": null,
      "Value": 390500,
      "CustomerId": 9,
      "Priority": 9,
      "Alpha": 2,
      "Beta": 2,
      "Density": 879.415067,
      "Weight": 343.411584,
      "Stackable": 1
    },
    {
      "Length": 102,
      "C1_Length": 1,
      "Height": 54,
      "C1_Height": 1,
      "Depth": 73,
      "C1_Depth": 1,
      "Demand": 2,
      "DemandMax": null,
      "Value": 402084,
      "CustomerId": 7,
      "Priority": 7,
      "Alpha": 2,
      "Beta": 2,
      "Density": 1227.58291,
      "Weight": 493.591447,
      "Stackable": 1
    },
    {
      "Length": 115,
      "C1_Length": 0,
      "Height": 37,
      "C1_Height": 1,
      "Depth": 58,
      "C1_Depth": 1,
      "Demand": 1,
      "DemandMax": null,
      "Value": 246790,
      "CustomerId": 17,
      "Priority": 17,
      "Alpha": 2,
      "Beta": 2,
      "Density": 1065.72084,
      "Weight": 263.009246,
      "Stackable": 1
    },
    {
      "Length": 69,
      "C1_Length": 0,
      "Height": 34,
      "C1_Height": 1,
      "Depth": 65,
      "C1_Depth": 1,
      "Demand": 3,
      "DemandMax": null,
      "Value": 152490,
      "CustomerId": 36,
      "Priority": 36,
      "Alpha": 2,
      "Beta": 2,
      "Density": 1027.404151,
      "Weight": 156.668859,
      "Stackable": 1
    },
    {
      "Length": 70,
      "C1_Length": 0,
      "Height": 25,
      "C1_Height": 1,
      "Depth": 63,
      "C1_Depth": 0,
      "Demand": 1,
      "DemandMax": null,
      "Value": 110250,
      "CustomerId": 51,
      "Priority": 51,
      "Alpha": 2,
      "Beta": 2,
      "Density": 752.480694,
      "Weight": 82.960997,
      "Stackable": 1
    },
    {
      "Length": 57,
      "C1_Length": 0,
      "Height": 21,
      "C1_Height": 1,
      "Depth": 34,
      "C1_Depth": 1,
      "Demand": 1,
      "DemandMax": null,
      "Value": 40698,
      "CustomerId": 60,
      "Priority": 60,
      "Alpha": 2,
      "Beta": 2,
      "Density": 1425.605691,
      "Weight": 58.0193,
      "Stackable": 1
    },
    {
      "Length": 116,
      "C1_Length": 0,
      "Height": 29,
      "C1_Height": 1,
      "Depth": 48,
      "C1_Depth": 1,
      "Demand": 1,
      "DemandMax": null,
      "Value": 161472,
      "CustomerId": 32,
      "Priority": 32,
      "Alpha": 2,
      "Beta": 2,
      "Density": 1197.184808,
      "Weight": 193.311825,
      "Stackable": 1
    },
    {
      "Length": 65,
      "C1_Length": 1,
      "Height": 52,
      "C1_Height": 1,
      "Depth": 54,
      "C1_Depth": 1,
      "Demand": 2,
      "DemandMax": null,
      "Value": 182520,
      "CustomerId": 29,
      "Priority": 29,
      "Alpha": 2,
      "Beta": 2,
      "Density": 880.904369,
      "Weight": 160.782665,
      "Stackable": 1
    },
    {
      "Length": 52,
      "C1_Length": 1,
      "Height": 34,
      "C1_Height": 1,
      "Depth": 48,
      "C1_Depth": 1,
      "Demand": 3,
      "DemandMax": null,
      "Value": 84864,
      "CustomerId": 54,
      "Priority": 54,
      "Alpha": 2,
      "Beta": 2,
      "Density": 1341.794101,
      "Weight": 113.870015,
      "Stackable": 1
    },
    {
      "Length": 118,
      "C1_Length": 0,
      "Height": 58,
      "C1_Height": 1,
      "Depth": 71,
      "C1_Depth": 1,
      "Demand": 1,
      "DemandMax": null,
      "Value": 485924,
      "CustomerId": 3,
      "Priority": 3,
      "Alpha": 2,
      "Beta": 2,
      "Density": 1287.841108,
      "Weight": 625.792902,
      "Stackable": 1
    },
    {
      "Length": 89,
      "C1_Length": 0,
      "Height": 37,
      "C1_Height": 1,
      "Depth": 48,
      "C1_Depth": 1,
      "Demand": 2,
      "DemandMax": null,
      "Value": 158064,
      "CustomerId": 34,
      "Priority": 34,
      "Alpha": 2,
      "Beta": 2,
      "Density": 674.013905,
      "Weight": 106.537334,
      "Stackable": 1
    },
    {
      "Length": 84,
      "C1_Length": 0,
      "Height": 34,
      "C1_Height": 1,
      "Depth": 47,
      "C1_Depth": 1,
      "Demand": 3,
      "DemandMax": null,
      "Value": 134232,
      "CustomerId": 42,
      "Priority": 42,
      "Alpha": 2,
      "Beta": 2,
      "Density": 1026.759536,
      "Weight": 137.823986,
      "Stackable": 1
    },
    {
      "Length": 89,
      "C1_Length": 0,
      "Height": 39,
      "C1_Height": 1,
      "Depth": 60,
      "C1_Depth": 1,
      "Demand": 2,
      "DemandMax": null,
      "Value": 208260,
      "CustomerId": 23,
      "Priority": 23,
      "Alpha": 2,
      "Beta": 2,
      "Density": 1103.19863,
      "Weight": 229.752147,
      "Stackable": 1
    },
    {
      "Length": 53,
      "C1_Length": 1,
      "Height": 48,
      "C1_Height": 1,
      "Depth": 51,
      "C1_Depth": 1,
      "Demand": 1,
      "DemandMax": null,
      "Value": 129744,
      "CustomerId": 46,
      "Priority": 46,
      "Alpha": 2,
      "Beta": 2,
      "Density": 1037.286258,
      "Weight": 134.581668,
      "Stackable": 1
    },
    {
      "Length": 111,
      "C1_Length": 0,
      "Height": 26,
      "C1_Height": 1,
      "Depth": 51,
      "C1_Depth": 1,
      "Demand": 1,
      "DemandMax": null,
      "Value": 147186,
      "CustomerId": 37,
      "Priority": 37,
      "Alpha": 2,
      "Beta": 2,
      "Density": 1056.191826,
      "Weight": 155.45665,
      "Stackable": 1
    },
    {
      "Length": 42,
      "C1_Length": 1,
      "Height": 29,
      "C1_Height": 1,
      "Depth": 40,
      "C1_Depth": 1,
      "Demand": 2,
      "DemandMax": null,
      "Value": 48720,
      "CustomerId": 58,
      "Priority": 58,
      "Alpha": 2,
      "Beta": 2,
      "Density": 1480.607519,
      "Weight": 72.135198,
      "Stackable": 1
    },
    {
      "Length": 114,
      "C1_Length": 0,
      "Height": 34,
      "C1_Height": 1,
      "Depth": 60,
      "C1_Depth": 1,
      "Demand": 2,
      "DemandMax": null,
      "Value": 232560,
      "CustomerId": 18,
      "Priority": 18,
      "Alpha": 2,
      "Beta": 2,
      "Density": 828.589322,
      "Weight": 192.696733,
      "Stackable": 1
    },
    {
      "Length": 87,
      "C1_Length": 0,
      "Height": 29,
      "C1_Height": 1,
      "Depth": 76,
      "C1_Depth": 0,
      "Demand": 3,
      "DemandMax": null,
      "Value": 191748,
      "CustomerId": 26,
      "Priority": 26,
      "Alpha": 2,
      "Beta": 2,
      "Density": 772.468564,
      "Weight": 148.119302,
      "Stackable": 1
    },
    {
      "Length": 85,
      "C1_Length": 0,
      "Height": 24,
      "C1_Height": 1,
      "Depth": 65,
      "C1_Depth": 0,
      "Demand": 3,
      "DemandMax": null,
      "Value": 132600,
      "CustomerId": 44,
      "Priority": 44,
      "Alpha": 2,
      "Beta": 2,
      "Density": 1487.72359,
      "Weight": 197.272148,
      "Stackable": 1
    },
    {
      "Length": 76,
      "C1_Length": 0,
      "Height": 24,
      "C1_Height": 1,
      "Depth": 72,
      "C1_Depth": 0,
      "Demand": 1,
      "DemandMax": null,
      "Value": 131328,
      "CustomerId": 45,
      "Priority": 45,
      "Alpha": 2,
      "Beta": 2,
      "Density": 1192.548146,
      "Weight": 156.614963,
      "Stackable": 1
    },
    {
      "Length": 71,
      "C1_Length": 0,
      "Height": 34,
      "C1_Height": 1,
      "Depth": 66,
      "C1_Depth": 1,
      "Demand": 3,
      "DemandMax": null,
      "Value": 159324,
      "CustomerId": 33,
      "Priority": 33,
      "Alpha": 2,
      "Beta": 2,
      "Density": 1249.541891,
      "Weight": 199.082012,
      "Stackable": 1
    }
  ],
  "Modification": {
    "family": "BR-Modified",
    "seed": 123,
    "weight_model": "beta_density",
    "alpha": 2,
    "beta": 2,
    "Pmax_kg": 28200.0,
    "target_util": 0.8,
    "container_dims": {
      "L": 587,
      "W": 233,
      "H": 220
    },
    "Dc_kg_per_m3": 1171.500338,
    "Dcmin": 585.750169,
    "Dcmax": 1757.250507,
    "customer_rule": "per-type by volume desc; heavy -> higher customer_id/priority",
    "stackable_rule": "type-level Bernoulli(p_nonstackable=0.01)"
  }
}