{
  "Name": "86",
  "Objects": [
    {
      "Length": 587,
      "Height": 233,
      "Depth": 220,
      "Stock": null,
      "Cost": 30089620
    }
  ],
  "Items": [
    {
      "Length": 87,
      "C1_Length": 0,
      "Height": 28,
      "C1_Height": 1,
      "Depth": 33,
      "C1_Depth": 1,
      "Demand": 3,
      "DemandMax": null,
      "Value": 80388,
      "CustomerId": 51,
      "Priority": 51,
      "Alpha": 2,
      "Beta": 2,
      "Density": 758.770232,
      "Weight": 60.996021,
      "Stackable": 1
    },
    {
      "Length": 97,
      "C1_Length": 1,
      "Height": 57,
      "C1_Height": 1,
      "Depth": 70,
      "C1_Depth": 1,
      "Demand": 2,
      "DemandMax": null,
      "Value": 387030,
      "CustomerId": 9,
      "Priority": 9,
      "Alpha": 2,
      "Beta": 2,
      "Density": 1118.931227,
      "Weight": 433.059953,
      "Stackable": 1
    },
    {
      "Length": 71,
      "C1_Length": 1,
      "Height": 38,
      "C1_Height": 1,
      "Depth": 57,
      "C1_Depth": 1,
      "Demand": 2,
      "DemandMax": null,
      "Value": 153786,
      "CustomerId": 38,
      "Priority": 38,
      "Alpha": 2,
      "Beta": 2,
      "Density": 1426.430561,
      "Weight": 219.36505,
      "Stackable": 1
    },
    {
      "Length": 63,
      "C1_Length": 1,
      "Height": 47,
      "C1_Height": 1,
      "Depth": 53,
      "C1_Depth": 1,
      "Demand": 3,
      "DemandMax": null,
      "Value": 156933,
      "CustomerId": 36,
      "Priority": 36,
      "Alpha": 2,
      "Beta": 2,
      "Density": 1438.459902,
      "Weight": 225.741828,
      "Stackable": 1
    },
    {
      "Length": 77,
      "C1_Length": 0,
      "Height": 37,
      "C1_Height": 1,
      "Depth": 56,
      "C1_Depth": 1,
      "Demand": 2,
      "DemandMax": null,
      "Value": 159544,
      "CustomerId": 35,
      "Priority": 35,
      "Alpha": 2,
      "Beta": 2,
      "Density": 1473.079802,
      "Weight": 235.021044,
      "Stackable": 1
    },
    {
      "Length": 102,
      "C1_Length": 0,
      "Height": 47,
      "C1_Height": 1,
      "Depth": 67,
      "C1_Depth": 1,
      "Demand": 2,
      "DemandMax": null,
      "Value": 321198,
      "CustomerId": 12,
      "Priority": 12,
      "Alpha": 2,
      "Beta": 2,
      "Density": 832.762998,
      "Weight": 267.481809,
      "Stackable": 1
    },
    {
      "Length": 72,
      "C1_Length": 0,
      "Height": 29,
      "C1_Height": 1,
      "Depth": 31,
      "C1_Depth": 1,
      "Demand": 3,
      "DemandMax": null,
      "Value": 64728,
      "CustomerId": 56,
      "Priority": 56,
      "Alpha": 2,
      "Beta": 2,
      "Density": 1208.820346,
      "Weight": 78.244523,
      "Stackable": 1
    },
    {
      "Length": 84,
      "C1_Length": 0,
      "Height": 38,
      "C1_Height": 1,
      "Depth": 58,
      "C1_Depth": 1,
      "Demand": 2,
      "DemandMax": null,
      "Value": 185136,
      "CustomerId": 28,
      "Priority": 28,
      "Alpha": 2,
      "Beta": 2,
      "Density": 1509.833771,
      "Weight": 279.524585,
      "Stackable": 1
    },
    {
      "Length": 84,
      "C1_Length": 1,
      "Height": 56,
      "C1_Height": 1,
      "Depth": 57,
      "C1_Depth": 1,
      "Demand": 2,
      "DemandMax": null,
      "Value": 268128,
      "CustomerId": 18,
      "Priority": 18,
      "Alpha": 2,
      "Beta": 2,
      "Density": 1071.553676,
      "Weight": 287.313544,
      "Stackable": 1
    },
    {
      "Length": 88,
      "C1_Length": 0,
      "Height": 33,
      "C1_Height": 1,
      "Depth": 76,
      "C1_Depth": 0,
      "Demand": 3,
      "DemandMax": null,
      "Value": 220704,
      "CustomerId": 22,
      "Priority": 22,
      "Alpha": 2,
      "Beta": 2,
      "Density": 1548.031021,
      "Weight": 341.656639,
      "Stackable": 1
    },
    {
      "Length": 109,
      "C1_Length": 1,
      "Height": 73,
      "C1_Height": 1,
      "Depth": 76,
      "C1_Depth": 1,
      "Demand": 2,
      "DemandMax": null,
      "Value": 604732,
      "CustomerId": 3,
      "Priority": 3,
      "Alpha": 2,
      "Beta": 2,
      "Density": 1249.372846,
      "Weight": 755.53574,
      "Stackable": 1
    },
    {
      "Length": 57,
      "C1_Length": 1,
      "Height": 54,
      "C1_Height": 1,
      "Depth": 55,
      "C1_Depth": 1,
      "Demand": 4,
      "DemandMax": null,
      "Value": 169290,
      "CustomerId": 33,
      "Priority": 33,
      "Alpha": 2,
      "Beta": 2,
      "Density": 638.445532,
      "Weight": 108.082444,
      "Stackable": 1
    },
    {
      "Length": 115,
      "C1_Length": 0,
      "Height": 25,
      "C1_Height": 1,
      "Depth": 26,
      "C1_Depth": 1,
      "Demand": 1,
      "DemandMax": null,
      "Value": 74750,
      "CustomerId": 54,
      "Priority": 54,
      "Alpha": 2,
      "Beta": 2,
      "Density": 1546.591891,
      "Weight": 115.607744,
      "Stackable": 1
    },
    {
      "Length": 71,
      "C1_Length": 1,
      "Height": 41,
      "C1_Height": 1,
      "Depth": 50,
      "C1_Depth": 1,
      "Demand": 1,
      "DemandMax": null,
      "Value": 145550,
      "CustomerId": 41,
      "Priority": 41,
      "Alpha": 2,
      "Beta": 2,
      "Density": 1282.670385,
      "Weight": 186.692675,
      "Stackable": 1
    },
    {
      "Length": 102,
      "C1_Length": 0,
      "Height": 29,
      "C1_Height": 1,
      "Depth": 59,
      "C1_Depth": 0,
      "Demand": 2,
      "DemandMax": null,
      "Value": 174522,
      "CustomerId": 31,
      "Priority": 31,
      "Alpha": 2,
      "Beta": 2,
      "Density": 936.346963,
      "Weight": 163.413145,
      "Stackable": 1
    },
    {
      "Length": 69,
      "C1_Length": 1,
      "Height": 45,
      "C1_Height": 1,
      "Depth": 67,
      "C1_Depth": 1,
      "Demand": 2,
      "DemandMax": null,
      "Value": 208035,
      "CustomerId": 26,
      "Priority": 26,
      "Alpha": 2,
      "Beta": 2,
      "Density": 887.462985,
      "Weight": 184.623362,
      "Stackable": 1
    },
    {
      "Length": 50,
      "C1_Length": 1,
      "Height": 38,
      "C1_Height": 1,
      "Depth": 46,
      "C1_Depth": 1,
      "Demand": 2,
      "DemandMax": null,
      "Value": 87400,
      "CustomerId": 50,
      "Priority": 50,
      "Alpha": 2,
      "Beta": 2,
      "Density": 1218.036606,
      "Weight": 106.456399,
      "Stackable": 1
    },
    {
      "Length": 78,
      "C1_Length": 0,
      "Height": 38,
      "C1_Height": 1,
      "Depth": 76,
      "C1_Depth": 0,
      "Demand": 3,
      "DemandMax": null,
      "Value": 225264,
      "CustomerId": 21,
      "Priority": 21,
      "Alpha": 2,
      "Beta": 2,
      "Density": 664.652541,
      "Weight": 149.72229,
      "Stackable": 1
    },
    {
      "Length": 95,
      "C1_Length": 0,
      "Height": 31,
      "C1_Height": 1,
      "Depth": 55,
      "C1_Depth": 1,
      "Demand": 1,
      "DemandMax": null,
      "Value": 161975,
      "CustomerId": 34,
      "Priority": 34,
      "Alpha": 2,
      "Beta": 2,
      "Density": 1183.205205,
      "Weight": 191.649663,
      "Stackable": 1
    },
    {
      "Length": 98,
      "C1_Length": 0,
      "Height": 38,
      "C1_Height": 1,
      "Depth": 83,
      "C1_Depth": 0,
      "Demand": 2,
      "DemandMax": null,
      "Value": 309092,
      "CustomerId": 13,
      "Priority": 13,
      "Alpha": 2,
      "Beta": 2,
      "Density": 777.221105,
      "Weight": 240.232826,
      "Stackable": 1
    },
    {
      "Length": 89,
      "C1_Length": 0,
      "Height": 31,
      "C1_Height": 1,
      "Depth": 67,
      "C1_Depth": 0,
      "Demand": 3,
      "DemandMax": null,
      "Value": 184853,
      "CustomerId": 29,
      "Priority": 29,
      "Alpha": 2,
      "Beta": 2,
      "Density": 1316.177067,
      "Weight": 243.299279,
      "Stackable": 1
    },
    {
      "Length": 68,
      "C1_Length": 1,
      "Height": 45,
      "C1_Height": 1,
      "Depth": 51,
      "C1_Depth": 1,
      "Demand": 3,
      "DemandMax": null,
      "Value": 156060,
      "CustomerId": 37,
      "Priority": 37,
      "Alpha": 2,
      "Beta": 2,
      "Density": 713.403889,
      "Weight": 111.333811,
      "Stackable": 1
    },
    {
      "Length": 63,
      "C1_Length": 0,
      "Height": 27,
      "C1_Height": 1,
      "Depth": 35,
      "C1_Depth": 1,
      "Demand": 1,
      "DemandMax": null,
      "Value": 59535,
      "CustomerId": 57,
      "Priority": 57,
      "Alpha": 2,
      "Beta": 2,
      "Density": 1349.120513,
      "Weight": 80.31989,
      "Stackable": 1
    },
    {
      "Length": 72,
      "C1_Length": 0,
      "Height": 25,
      "C1_Height": 1,
      "Depth": 53,
      "C1_Depth": 0,
      "Demand": 2,
      "DemandMax": null,
      "Value": 95400,
      "CustomerId": 46,
      "Priority": 46,
      "Alpha": 2,
      "Beta": 2,
      "Density": 1036.798027,
      "Weight": 98.910532,
      "Stackable": 1
    },
    {
      "Length": 109,
      "C1_Length": 1,
      "Height": 74,
      "C1_Height": 1,
      "Depth": 78,
      "C1_Depth": 1,
      "Demand": 2,
      "DemandMax": null,
      "Value": 629148,
      "CustomerId": 2,
      "Priority": 2,
      "Alpha": 2,
      "Beta": 2,
      "Density": 852.850574,
      "Weight": 536.569233,
      "Stackable": 1
    },
    {
      "Length": 90,
      "C1_Length": 0,
      "Height": 29,
      "C1_Height": 1,
      "Depth": 58,
      "C1_Depth": 0,
      "Demand": 4,
      "DemandMax": null,
      "Value": 151380,
      "CustomerId": 39,
      "Priority": 39,
      "Alpha": 2,
      "Beta": 2,
      "Density": 823.282239,
      "Weight": 124.628465,
      "Stackable": 1
    },
    {
      "Length": 96,
      "C1_Length": 0,
      "Height": 45,
      "C1_Height": 1,
      "Depth": 50,
      "C1_Depth": 1,
      "Demand": 1,
      "DemandMax": null,
      "Value": 216000,
      "CustomerId": 23,
      "Priority": 23,
      "Alpha": 2,
      "Beta": 2,
      "Density": 1107.349069,
      "Weight": 239.187399,
      "Stackable": 1
    },
    {
      "Length": 89,
      "C1_Length": 0,
      "Height": 28,
      "C1_Height": 1,
      "Depth": 70,
      "C1_Depth": 0,
      "Demand": 2,
      "DemandMax": null,
      "Value": 174440,
      "CustomerId": 32,
      "Priority": 32,
      "Alpha": 2,
      "Beta": 2,
      "Density": 783.690455,
      "Weight": 136.706963,
      "Stackable": 1
    },
    {
      "Length": 95,
      "C1_Length": 0,
      "Height": 44,
      "C1_Height": 1,
      "Depth": 73,
      "C1_Depth": 1,
      "Demand": 4,
      "DemandMax": null,
      "Value": 305140,
      "CustomerId": 14,
      "Priority": 14,
      "Alpha": 2,
      "Beta": 2,
      "Density": 1225.729292,
      "Weight": 374.019036,
      "Stackable": 1
    },
    {
      "Length": 78,
      "C1_Length": 0,
      "Height": 26,
      "C1_Height": 1,
      "Depth": 68,
      "C1_Depth": 0,
      "Demand": 1,
      "DemandMax": null,
      "Value": 137904,
      "CustomerId": 42,
      "Priority": 42,
      "Alpha": 2,
      "Beta": 2,
      "Density": 757.976106,
      "Weight": 104.527937,
      "Stackable": 1
    },
    {
      "Length": 118,
      "C1_Length": 1,
      "Height": 62,
      "C1_Height": 1,
      "Depth": 89,
      "C1_Depth": 1,
      "Demand": 2,
      "DemandMax": null,
      "Value": 651124,
      "CustomerId": 1,
      "Priority": 1,
      "Alpha": 2,
      "Beta": 2,
      "Density": 1023.36095,
      "Weight": 666.334875,
      "Stackable": 1
    },
    {
      "Length": 98,
      "C1_Length": 0,
      "Height": 25,
      "C1_Height": 1,
      "Depth": 72,
      "C1_Depth": 0,
      "Demand": 4,
      "DemandMax": null,
      "Value": 176400,
      "CustomerId": 30,
      "Priority": 30,
      "Alpha": 2,
      "Beta": 2,
      "Density": 1358.816773,
      "Weight": 239.695279,
      "Stackable": 1
    },
    {
      "Length": 102,
      "C1_Length": 0,
      "Height": 33,
      "C1_Height": 1,
      "Depth": 35,
      "C1_Depth": 1,
      "Demand": 3,
      "DemandMax": null,
      "Value": 117810,
      "CustomerId": 44,
      "Priority": 44,
      "Alpha": 2,
      "Beta": 2,
      "Density": 650.372901,
      "Weight": 76.620431,
      "Stackable": 1
    },
    {
      "Length": 74,
      "C1_Length": 0,
      "Height": 36,
      "C1_Height": 1,
      "Depth": 55,
      "C1_Depth": 1,
      "Demand": 2,
      "DemandMax": null,
      "Value": 146520,
      "CustomerId": 40,
      "Priority": 40,
      "Alpha": 2,
      "Beta": 2,
      "Density": 1338.250819,
      "Weight": 196.08051,
      "Stackable": 1
    },
    {
      "Length": 104,
      "C1_Length": 0,
      "Height": 45,
      "C1_Height": 1,
      "Depth": 62,
      "C1_Depth": 1,
      "Demand": 1,
      "DemandMax": null,
      "Value": 290160,
      "CustomerId": 16,
      "Priority": 16,
      "Alpha": 2,
      "Beta": 2,
      "Density": 1209.589781,
      "Weight": 350.974571,
      "Stackable": 1
    },
    {
      "Length": 91,
      "C1_Length": 0,
      "Height": 27,
      "C1_Height": 1,
      "Depth": 28,
      "C1_Depth": 1,
      "Demand": 4,
      "DemandMax": null,
      "Value": 68796,
      "CustomerId": 55,
      "Priority": 55,
      "Alpha": 2,
      "Beta": 2,
      "Density": 1046.29936,
      "Weight": 71.981211,
      "Stackable": 1
    },
    {
      "Length": 63,
      "C1_Length": 0,
      "Height": 31,
      "C1_Height": 1,
      "Depth": 57,
      "C1_Depth": 1,
      "Demand": 3,
      "DemandMax": null,
      "Value": 111321,
      "CustomerId": 45,
      "Priority": 45,
      "Alpha": 2,
      "Beta": 2,
      "Density": 841.348052,
      "Weight": 93.659707,
      "Stackable": 1
    },
    {
      "Length": 49,
      "C1_Length": 1,
      "Height": 25,
      "C1_Height": 1,
      "Depth": 47,
      "C1_Depth": 1,
      "Demand": 2,
      "DemandMax": null,
      "Value": 57575,
      "CustomerId": 59,
      "Priority": 59,
      "Alpha": 2,
      "Beta": 2,
      "Density": 1563.953156,
      "Weight": 90.044603,
      "Stackable": 1
    },
    {
      "Length": 75,
      "C1_Length": 1,
      "Height": 66,
      "C1_Height": 1,
      "Depth": 69,
      "C1_Depth": 1,
      "Demand": 2,
      "DemandMax": null,
      "Value": 341550,
      "CustomerId": 11,
      "Priority": 11,
      "Alpha": 2,
      "Beta": 2,
      "Density": 1420.129356,
      "Weight": 485.045182,
      "Stackable": 1
    },
    {
      "Length": 65,
      "C1_Length": 1,
      "Height": 42,
      "C1_Height": 1,
      "Depth": 50,
      "C1_Depth": 1,
      "Demand": 2,
      "DemandMax": null,
      "Value": 136500,
      "CustomerId": 43,
      "Priority": 43,
      "Alpha": 2,
      "Beta": 2,
      "Density": 1379.340627,
      "Weight": 188.279996,
      "Stackable": 1
    },
    {
      "Length": 119,
      "C1_Length": 0,
      "Height": 25,
      "C1_Height": 1,
      "Depth": 72,
      "C1_Depth": 0,
      "Demand": 3,
      "DemandMax": null,
      "Value": 214200,
      "CustomerId": 24,
      "Priority": 24,
      "Alpha": 2,
      "Beta": 2,
      "Density": 804.434169,
      "Weight": 172.309799,
      "Stackable": 1
    },
    {
      "Length": 98,
      "C1_Length": 0,
      "Height": 35,
      "C1_Height": 1,
      "Depth": 74,
      "C1_Depth": 0,
      "Demand": 1,
      "DemandMax": null,
      "Value": 253820,
      "CustomerId": 20,
      "Priority": 20,
      "Alpha": 2,
      "Beta": 2,
      "Density": 674.363401,
      "Weight": 171.166918,
      "Stackable": 1
    },
    {
      "Length": 53,
      "C1_Length": 1,
      "Height": 33,
      "C1_Height": 1,
      "Depth": 51,
      "C1_Depth": 1,
      "Demand": 4,
      "DemandMax": null,
      "Value": 89199,
      "CustomerId": 49,
      "Priority": 49,
      "Alpha": 2,
      "Beta": 2,
      "Density": 1243.389894,
      "Weight": 110.909135,
      "Stackable": 1
    },
    {
      "Length": 94,
      "C1_Length": 0,
      "Height": 40,
      "C1_Height": 1,
      "Depth": 75,
      "C1_Depth": 1,
      "Demand": 4,
      "DemandMax": null,
      "Value": 282000,
      "CustomerId": 17,
      "Priority": 17,
      "Alpha": 2,
      "Beta": 2,
      "Density": 1377.849685,
      "Weight": 388.553611,
      "Stackable": 1
    },
    {
      "Length": 96,
      "C1_Length": 0,
      "Height": 20,
      "C1_Height": 1,
      "Depth": 48,
      "C1_Depth": 0,
      "Demand": 3,
      "DemandMax": null,
      "Value": 92160,
      "CustomerId": 47,
      "Priority": 47,
      "Alpha": 2,
      "Beta": 2,
      "Density": 643.335207,
      "Weight": 59.289773,
      "Stackable": 1
    },
    {
      "Length": 49,
      "C1_Length": 1,
      "Height": 36,
      "C1_Height": 1,
      "Depth": 45,
      "C1_Depth": 1,
      "Demand": 1,
      "DemandMax": null,
      "Value": 79380,
      "CustomerId": 52,
      "Priority": 52,
      "Alpha": 2,
      "Beta": 2,
      "Density": 727.134022,
      "Weight": 57.719899,
      "Stackable": 1
    },
    {
      "Length": 90,
      "C1_Length": 1,
      "Height": 61,
      "C1_Height": 1,
      "Depth": 79,
      "C1_Depth": 1,
      "Demand": 2,
      "DemandMax": null,
      "Value": 433710,
      "CustomerId": 8,
      "Priority": 8,
      "Alpha": 2,
      "Beta": 2,
      "Density": 1587.922717,
      "Weight": 688.697962,
      "Stackable": 1
    },
    {
      "Length": 99,
      "C1_Length": 0,
      "Height": 39,
      "C1_Height": 1,
      "Depth": 94,
      "C1_Depth": 0,
      "Demand": 2,
      "DemandMax": null,
      "Value": 362934,
      "CustomerId": 10,
      "Priority": 10,
      "Alpha": 2,
      "Beta": 2,
      "Density": 1433.006478,
      "Weight": 520.086773,
      "Stackable": 1
    },
    {
      "Length": 100,
      "C1_Length": 1,
      "Height": 72,
      "C1_Height": 1,
      "Depth": 77,
      "C1_Depth": 1,
      "Demand": 2,
      "DemandMax": null,
      "Value": 554400,
      "CustomerId": 5,
      "Priority": 5,
      "Alpha": 2,
      "Beta": 2,
      "Density": 1031.805385,
      "Weight": 572.032906,
      "Stackable": 1
    },
    {
      "Length": 66,
      "C1_Length": 1,
      "Height": 36,
      "C1_Height": 1,
      "Depth": 38,
      "C1_Depth": 1,
      "Demand": 1,
      "DemandMax": null,
      "Value": 90288,
      "CustomerId": 48,
      "Priority": 48,
      "Alpha": 2,
      "Beta": 2,
      "Density": 1525.465217,
      "Weight": 137.731204,
      "Stackable": 1
    },
    {
      "Length": 111,
      "C1_Length": 1,
      "Height": 70,
      "C1_Height": 1,
      "Depth": 73,
      "C1_Depth": 1,
      "Demand": 2,
      "DemandMax": null,
      "Value": 567210,
      "CustomerId": 4,
      "Priority": 4,
      "Alpha": 2,
      "Beta": 2,
      "Density": 1047.781801,
      "Weight": 594.312316,
      "Stackable": 1
    },
    {
      "Length": 85,
      "C1_Length": 0,
      "Height": 41,
      "C1_Height": 1,
      "Depth": 60,
      "C1_Depth": 1,
      "Demand": 1,
      "DemandMax": null,
      "Value": 209100,
      "CustomerId": 25,
      "Priority": 25,
      "Alpha": 2,
      "Beta": 2,
      "Density": 1200.825533,
      "Weight": 251.092619,
      "Stackable": 1
    },
    {
      "Length": 64,
      "C1_Length": 0,
      "Height": 22,
      "C1_Height": 1,
      "Depth": 42,
      "C1_Depth": 1,
      "Demand": 1,
      "DemandMax": null,
      "Value": 59136,
      "CustomerId": 58,
      "Priority": 58,
      "Alpha": 2,
      "Beta": 2,
      "Density": 961.457961,
      "Weight": 56.856778,
      "Stackable": 1
    },
    {
      "Length": 49,
      "C1_Length": 1,
      "Height": 29,
      "C1_Height": 1,
      "Depth": 37,
      "C1_Depth": 1,
      "Demand": 3,
      "DemandMax": null,
      "Value": 52577,
      "CustomerId": 60,
      "Priority": 60,
      "Alpha": 2,
      "Beta": 2,
      "Density": 1309.118011,
      "Weight": 68.829498,
      "Stackable": 1
    },
    {
      "Length": 79,
      "C1_Length": 1,
      "Height": 53,
      "C1_Height": 1,
      "Depth": 70,
      "C1_Depth": 1,
      "Demand": 3,
      "DemandMax": null,
      "Value": 293090,
      "CustomerId": 15,
      "Priority": 15,
      "Alpha": 2,
      "Beta": 2,
      "Density": 1336.147542,
      "Weight": 391.611483,
      "Stackable": 1
    },
    {
      "Length": 48,
      "C1_Length": 1,
      "Height": 38,
      "C1_Height": 1,
      "Depth": 41,
      "C1_Depth": 1,
      "Demand": 2,
      "DemandMax": null,
      "Value": 74784,
      "CustomerId": 53,
      "Priority": 53,
      "Alpha": 2,
      "Beta": 2,
      "Density": 887.653801,
      "Weight": 66.382302,
      "Stackable": 1
    },
    {
      "Length": 90,
      "C1_Length": 1,
      "Height": 73,
      "C1_Height": 1,
      "Depth": 77,
      "C1_Depth": 1,
      "Demand": 1,
      "DemandMax": null,
      "Value": 505890,
      "CustomerId": 6,
      "Priority": 6,
      "Alpha": 2,
      "Beta": 2,
      "Density": 1540.93244,
      "Weight": 779.542312,
      "Stackable": 1
    },
    {
      "Length": 119,
      "C1_Length": 0,
      "Height": 24,
      "C1_Height": 1,
      "Depth": 93,
      "C1_Depth": 0,
      "Demand": 1,
      "DemandMax": null,
      "Value": 265608,
      "CustomerId": 19,
      "Priority": 19,
      "Alpha": 2,
      "Beta": 2,
      "Density": 1074.345539,
      "Weight": 285.35477,
      "Stackable": 1
    },
    {
      "Length": 83,
      "C1_Length": 1,
      "Height": 70,
      "C1_Height": 1,
      "Depth": 75,
      "C1_Depth": 1,
      "Demand": 4,
      "DemandMax": null,
      "Value": 435750,
      "CustomerId": 7,
      "Priority": 7,
      "Alpha": 2,
      "Beta": 2,
      "Density": 1056.208474,
      "Weight": 460.242842,
      "Stackable": 1
    },
    {
      "Length": 71,
      "C1_Length": 1,
      "Height": 41,
      "C1_Height": 1,
      "Depth": 66,
      "C1_Depth": 1,
      "Demand": 2,
      "DemandMax": null,
      "Value": 192126,
      "CustomerId": 27,
      "Priority": 27,
      "Alpha": 2,
      "Beta": 2,
      "Density": 698.825603,
      "Weight": 134.262568,
      "Stackable": 1
    }
  ],
  "Modification": {
    "family": "BR-Modified",
    "seed": 123,
    "weight_model": "beta_density",
    "alpha": 2,
    "beta": 2,
    "Pmax_kg": 28200.0,
    "target_util": 0.8,
    "container_dims": {
      "L": 587,
      "W": 233,
      "H": 220
    },
    "Dc_kg_per_m3": 1171.500338,
    "Dcmin": 585.750169,
    "Dcmax": 1757.250507,
    "customer_rule": "per-type by volume desc; heavy -> higher customer_id/priority",
    "stackable_rule": "type-level Bernoulli(p_nonstackable=0.01)"
  }
}